图片,图片链接,产品ID,商家,一级类目,二级类目,销量,产品介绍,评分,商家是否审核,价格,机构链接,,,,,,,,,,
,https://p16-oec-sg.ibyteimg.com/tos-alisg-i-aphluv4xwc-sg/b118ec2fa9de404aacf6b85405dbfa14~tplv-aphluv4xwc-resize-jpeg:600:600.jpeg?dr=15584&from=520841845&idc=my&ps=933b5bde&shcp=6c17ea28&shp=1f0b6a75&t=555f072d,1736736386542765407,"Lampure
主推",居家日用,家庭清洁用品,1589,【BUY 1 TAKE 2】Lam Pure flat floor mop with automatic fabric clamping system for household use Easy to use no need to hold Size 300x200mm citrus scent Suitable for both wet and dry cleaning Versatile for cleaning wooden and tile floors (mop cloth included),4.7,否,₱178.99-₱298.99,https://affiliate.tiktok.com/api/v1/share/ALAJQnKlC8ej,,,,,,,,,,
,https://p19-oec-sg.ibyteimg.com/tos-alisg-i-aphluv4xwc-sg/57fbfceb55f44637b0f4a5b6755ed7a0~tplv-aphluv4xwc-resize-jpeg:600:600.jpeg?dr=15584&from=520841845&idc=my&ps=933b5bde&shcp=6c17ea28&shp=1f0b6a75&t=555f072d,1737092092955821407,"Lampure
主推",居家日用,家庭清洁用品,729,【BUY 1 TAKE 4】Lam Pure kitchen paper towels water and oil absorbent 100% pure wood pulp 2 layers 160 sheets 200*175mm safe and environmentally friendly a must-have for your home,4.7,否,₱159.00,https://affiliate.tiktok.com/api/v1/share/ALLDzesBxLDL,,,,,,,,,,
,https://p16-oec-sg.ibyteimg.com/tos-alisg-i-aphluv4xwc-sg/ad075b1b46b74074b924f0844ef0c0c6~tplv-aphluv4xwc-resize-jpeg:600:600.jpeg?dr=15584&from=520841845&idc=my&ps=933b5bde&shcp=6c17ea28&shp=1f0b6a75&t=555f072d,1733080414661543263,"Lampure
主推",居家日用,家庭清洁用品,77311,【BUY 12 TAKE 12】Lam Pure 8D cute rabbit packaging napkins 100 pieces * 24packs cute home napkins convenient and simple Free Shipping tissue,4.8,否,₱159.00,https://affiliate.tiktok.com/api/v1/share/AJL3Y58lSEZg,,,,,,,,,,
,https://p16-oec-sg.ibyteimg.com/tos-alisg-i-aphluv4xwc-sg/4c5e6385c0804b6c9de8c745756db81c~tplv-aphluv4xwc-resize-jpeg:600:600.jpeg?dr=15584&from=520841845&idc=my&ps=933b5bde&shcp=6c17ea28&shp=1f0b6a75&t=555f072d,1735670872135992671,"Lampure
主推",居家日用,家庭清洁用品,9617,"【BUY 15 TAKE 15】 Lam Pure 5-Ply Napkins, Sweet Floral Scent, Cute Rabbit Design, 100 sheets * 30 packs. Cute, convenient, and easy to use napkins for household use. Free shipping",4.8,否,₱198.99,https://affiliate.tiktok.com/api/v1/share/AKfR7Ti8WnNg,,,,,,,,,,
,https://p16-oec-sg.ibyteimg.com/tos-alisg-i-aphluv4xwc-sg/a6cc141f2cec4f5db3a120c3ae546437~tplv-aphluv4xwc-resize-jpeg:600:600.jpeg?dr=15584&from=520841845&idc=my&ps=933b5bde&shcp=6c17ea28&shp=1f0b6a75&t=555f072d,1737359100072133983,"Lampure
主推",居家日用,家庭清洁用品,80,"【BUY 12 TAKE 12】 Lam Pure 5-Ply Napkins, Sweet Floral Scent, Cute Rabbit Design, 100 sheets * 24 packs. Cute, convenient, and easy to use napkins for household use. Free shipping",4.8,否,₱179.00,https://affiliate.tiktok.com/api/v1/share/ALPQFvLAHHl1,,,,,,,,,,
,https://p16-oec-sg.ibyteimg.com/tos-alisg-i-aphluv4xwc-sg/0fad56e86aa94de19b73ad431acac80d~tplv-aphluv4xwc-resize-jpeg:600:600.jpeg?dr=15584&from=520841845&idc=my&ps=933b5bde&shcp=6c17ea28&shp=1f0b6a75&t=555f072d,1737517304806409567,Lampure,居家日用,家庭清洁用品,57,【BUY 1 TAKE 4】Lam Pure 8D Baby-grade hanging facial tissues 1200 pieces *5 packs cute home napkins convenient and simple Free Shipping tissue,5,否,₱179.00-₱259.00,https://affiliate.tiktok.com/api/v1/share/ALSsDkbxRBTL,,,,,,,,,,
,https://p16-oec-sg.ibyteimg.com/tos-alisg-i-aphluv4xwc-sg/f6f50bdea4524edea599f542babac073~tplv-aphluv4xwc-resize-jpeg:600:600.jpeg?dr=15584&from=520841845&idc=my&ps=933b5bde&shcp=6c17ea28&shp=1f0b6a75&t=555f072d,1736121994689283423,Lampure,居家日用,家庭清洁用品,153,"【3 roll pack】Lam Pure multi-purpose dishcloths, wet and dry use, household cleaning cloths, 240mm*180mm, 60 sheets. Reusable dishcloths, highly absorbent and oil-resistant.",4.5,否,₱194.39,https://affiliate.tiktok.com/api/v1/share/ALDA99ArwUi7,,,,,,,,,,
,https://p16-oec-sg.ibyteimg.com/tos-alisg-i-aphluv4xwc-sg/bc748246f04946acb4a72fabecd77955~tplv-aphluv4xwc-resize-jpeg:600:600.jpeg?dr=15584&from=520841845&idc=my&ps=933b5bde&shcp=6c17ea28&shp=1f0b6a75&t=555f072d,1736731060530414943,Lampure,居家日用,家庭清洁用品,12,"【BUY 5 TAKE 5】 Lampure Mint-Scented Cooling Wipes, suitable for outdoor activities, size 200mm*600mm, no refrigeration required, provides cooling and soothing, reusable, easy to carry, helps reduce heat and sweat, and awakens a refreshing feeling.",0,否,₱128.99,https://affiliate.tiktok.com/api/v1/share/ALAJQSf3PbFx,,,,,,,,,,
,https://p16-oec-sg.ibyteimg.com/tos-alisg-i-aphluv4xwc-sg/bcb3719be188443b8ec05940db835b0c~tplv-aphluv4xwc-resize-jpeg:600:600.jpeg?dr=15584&from=520841845&idc=my&ps=933b5bde&shcp=6c17ea28&shp=1f0b6a75&t=555f072d,1732641965206242496,Pure Tissue Home Store,居家日用,家庭清洁用品,8972,【1 Box 12 Packs】Lam Pure 8D Cute Rabbit Packaging Napkins 280 Sheets * 12 Packs 140mm x170mm Cute Home Napkins Convenient Tissue,4.9,否,₱169.98,https://affiliate.tiktok.com/api/v1/share/AKBBiBzUdnQ6,,,,,,,,,,
,https://p16-oec-sg.ibyteimg.com/tos-alisg-i-aphluv4xwc-sg/deff992bb156472fa22d31ab2e6f31e1~tplv-aphluv4xwc-resize-jpeg:600:600.jpeg?dr=15584&from=520841845&idc=my&ps=933b5bde&shcp=6c17ea28&shp=1f0b6a75&t=555f072d,1730876557944259935,Lampure,居家日用,家庭清洁用品,245675,"萌宠兔抽纸
12包",4.9,否,₱205.00,https://affiliate.tiktok.com/api/v1/share/AIuHMfiy82UK,,,,,,,,,,
,https://p16-oec-sg.ibyteimg.com/tos-alisg-i-aphluv4xwc-sg/edb423ccfbd9473a97ef3691b4b50652~tplv-aphluv4xwc-resize-jpeg:600:600.jpeg?dr=15584&from=520841845&idc=my&ps=933b5bde&shcp=6c17ea28&shp=1f0b6a75&t=555f072d,1731071341982549184,Pure Tissue Home Store,居家日用,家庭清洁用品,9206,【BUY 1 TAKE 3】Lampure Cute Hanging Facial Tissue 4 Packs 130mm*170mm Suitable for Multiple Scenarios Disposable Paper Towel,4.8,否,₱179.00,https://affiliate.tiktok.com/api/v1/share/AKtWfAimpzXz,,,,,,,,,,
,https://p16-oec-sg.ibyteimg.com/tos-alisg-i-aphluv4xwc-sg/4992be4cd7704f939de11030802c0eb1~tplv-aphluv4xwc-resize-jpeg:600:600.jpeg?dr=15584&from=520841845&idc=my&ps=933b5bde&shcp=6c17ea28&shp=1f0b6a75&t=555f072d,1736123324696986975,Lampure,居家日用,家庭清洁用品,234,"【8 packs】Lam Pure Baby Wipes. Soft, durable, and gentle on skin. Suitable for babies and new mothers Size 170*140 mm 280 wipes per pack Free shipping.",4.8,否,₱179.00,https://affiliate.tiktok.com/api/v1/share/AKu0sTCSBLYI,,,,,,,,,,
,https://p16-oec-sg.ibyteimg.com/tos-alisg-i-aphluv4xwc-sg/208c35e6e1ad4333841b3d637e6b4297~tplv-aphluv4xwc-resize-jpeg:600:600.jpeg?dr=15584&from=520841845&idc=my&ps=933b5bde&shcp=6c17ea28&shp=1f0b6a75&t=555f072d,1732520840425997504,Pure Tissue Home Store,居家日用,家庭清洁用品,4167,[1 box 30 packs] Lam Pure cute duck packaging napkins 168 pieces * 30 packs cute home napkins convenient and simple free shipping bedroom recyclable clean toilet paper,4.9,否,₱199.00,https://affiliate.tiktok.com/api/v1/share/AKGIVOkAiDGn,,,,,,,,,,
,https://p16-oec-sg.ibyteimg.com/tos-alisg-i-aphluv4xwc-sg/02af1dabce794f9aba819cf1538416fd~tplv-aphluv4xwc-resize-jpeg:600:600.jpeg?dr=15584&from=520841845&idc=my&ps=933b5bde&shcp=6c17ea28&shp=1f0b6a75&t=555f072d,1734230213151196352,Pure Tissue Home Store,居家日用,家庭清洁用品,2190,"【BUY 18 GET 2 FREE】Lam Pure New Printed Tissue, 5-Ply Thickened, Cute Household Tissue, Soft and Skin-Friendly Facial Tissue, Free Shipping",4.8,否,₱289.00,https://affiliate.tiktok.com/api/v1/share/AKGIVOYtz0Fz,,,,,,,,,,
,https://p16-oec-sg.ibyteimg.com/tos-alisg-i-aphluv4xwc-sg/b4dace19d85f41dea42919a3480122f1~tplv-aphluv4xwc-resize-jpeg:600:600.jpeg?dr=15584&from=520841845&idc=my&ps=933b5bde&shcp=6c17ea28&shp=1f0b6a75&t=555f072d,1735028593854874816,Pure Tissue Home Store,居家日用,家庭清洁用品,133,"【24packs】Lam Pure new printed paper, 100 draws × 24 packs, cute household paper towels, easy to use, easy to draw, free shipping",4.9,否,₱154.00,https://affiliate.tiktok.com/api/v1/share/AKENEhJXliim,,,,,,,,,,
,https://p16-oec-sg.ibyteimg.com/tos-alisg-i-aphluv4xwc-sg/d6fb75792c9d468292db7f9cc07479c4~tplv-aphluv4xwc-resize-jpeg:600:600.jpeg?dr=15584&from=520841845&idc=my&ps=933b5bde&shcp=6c17ea28&shp=1f0b6a75&t=555f072d,1731819420258239680,Pure Tissue Home Store,居家日用,家庭清洁用品,33924,"[Super Soft] 30 Packs of Facial Tissue, 4-Ply Design, M Size, Eco-Friendly Green Tissue, Napkins for Home Use, Cute and Simple Style, Free Shipping Included!",4.9,否,₱318.60,https://affiliate.tiktok.com/api/v1/share/AKBBiC97u1qP,,,,,,,,,,
,https://p16-oec-sg.ibyteimg.com/tos-alisg-i-aphluv4xwc-sg/263947ecc2df4b3ab514f935ad9bd0ec~tplv-aphluv4xwc-resize-jpeg:600:600.jpeg?dr=15584&from=520841845&idc=my&ps=933b5bde&shcp=6c17ea28&shp=1f0b6a75&t=555f072d,1733080840145962335,Lampure,居家日用,家庭清洁用品,1397,【BUY 20 TAKE 6】Lam Pure cute rabbit packaging napkins 100 pieces * 26 packs cute home napkins convenient and simple free shipping bedroom recyclable cleaning toilet paper,4.8,否,₱259.00,https://affiliate.tiktok.com/api/v1/share/AJL3V9C9qqKr,,,,,,,,,,
,https://p16-oec-sg.ibyteimg.com/tos-alisg-i-aphluv4xwc-sg/d93d28eb6fd449729c557e8658a8db4e~tplv-aphluv4xwc-resize-jpeg:600:600.jpeg?dr=15584&from=520841845&idc=my&ps=933b5bde&shcp=6c17ea28&shp=1f0b6a75&t=555f072d,1730875923210863967,"Lampure
控拥8%",居家日用,家庭清洁用品,23148,"萌宠兔挂抽
4提",4.8,否,₱205.00,https://affiliate.tiktok.com/api/v1/share/AIuHMfixr63g,,,,,,,,,,
,https://p16-oec-sg.ibyteimg.com/tos-alisg-i-aphluv4xwc-sg/b27ca3d66ca54027a4d47a65d28f5e04~tplv-aphluv4xwc-resize-jpeg:600:600.jpeg?dr=15584&from=520841845&idc=my&ps=933b5bde&shcp=6c17ea28&shp=1f0b6a75&t=555f072d,1730876047070168415,Lampure,居家日用,家庭清洁用品,123043,"莓有烦恼
5提",4.9,否,₱205.00,https://affiliate.tiktok.com/api/v1/share/AJNptjEvNKgi,,,,,,,,,,
,https://p16-oec-sg.ibyteimg.com/tos-alisg-i-aphluv4xwc-sg/2406b0f7e28b4c90811d6b57eb7027d7~tplv-aphluv4xwc-resize-jpeg:600:600.jpeg?dr=15584&from=520841845&idc=my&ps=933b5bde&shcp=6c17ea28&shp=1f0b6a75&t=555f072d,1732791472490055007,Lampure,居家日用,家庭清洁用品,14275,【BUY 20 TAKE 10】Lam Pure 8D cute rabbit packaging napkins 204 pieces * 30packs cute home napkins convenient and simple Free Shipping tissue,4.8,否,₱299.00,https://affiliate.tiktok.com/api/v1/share/AJGearX2JBQA,,,,,,,,,,
,https://p16-oec-sg.ibyteimg.com/tos-alisg-i-aphluv4xwc-sg/683cea0ae32b4edfa8533f88d742974b~tplv-aphluv4xwc-resize-jpeg:600:600.jpeg?dr=15584&from=520841845&idc=my&ps=933b5bde&shcp=6c17ea28&shp=1f0b6a75&t=555f072d,1730131053063931933,"FOCALLURE.PH
主推",美妆与个护,美容,26179,Focallure X Sanrio #EyeLoveParty Waterproof Flake-proof Eyebrow Gel,4.7,是,₱129.00,https://affiliate.tiktok.com/api/v1/share/ALD5sXhFVbvH,,,,,,,,,,
,https://p16-oec-sg.ibyteimg.com/tos-alisg-i-aphluv4xwc-sg/8242b417c31d450b9427fb9d98cd772e~tplv-aphluv4xwc-resize-jpeg:600:600.jpeg?dr=15584&from=520841845&idc=my&ps=933b5bde&shcp=6c17ea28&shp=1f0b6a75&t=555f072d,1735324514896872477,"FOCALLURE.PH
主推",美妆与个护,美容,8869,【Clearance Sale】FOCALLURE Upgraded Watery Velvet Tint 8H Long Wear Moist Velvety Finish,4.7,是,₱99.00-₱139.00,https://affiliate.tiktok.com/api/v1/share/ALILmafBXuMU,,,,,,,,,,
,https://p16-oec-sg.ibyteimg.com/tos-alisg-i-aphluv4xwc-sg/0f7fa23cfa7a4e95ad09bdbc04067ef3~tplv-aphluv4xwc-resize-jpeg:600:600.jpeg?dr=15584&from=520841845&idc=my&ps=933b5bde&shcp=6c17ea28&shp=1f0b6a75&t=555f072d,1734294782989861917,"FOCALLURE.PH
主推",美妆与个护,美容,44136,【NEW】FOCALLURE Toasted Cream Dot Blush Long-lasting Multi-use Creamy Smooth,4.7,是,₱235.00,https://affiliate.tiktok.com/api/v1/share/AK7JYx1xGKFk,,,,,,,,,,
,https://p16-oec-sg.ibyteimg.com/tos-alisg-i-aphluv4xwc-sg/77f40b11341f4186a314be344514d041~tplv-aphluv4xwc-resize-jpeg:600:600.jpeg?dr=15584&from=520841845&idc=my&ps=933b5bde&shcp=6c17ea28&shp=1f0b6a75&t=555f072d,1734014948928488477,"FOCALLURE.PH
主推",美妆与个护,美容,51159,FOCALLURE Terminator Concealer & Brow Pomade 24H Long-lasting Waterproof Lightweight Smudge-proof 2-in-1 Multi-use Creamy Smooth,4.7,是,₱255.00,https://affiliate.tiktok.com/api/v1/share/AK7JTKdIdiSk,,,,,,,,,,
,https://p16-oec-sg.ibyteimg.com/tos-alisg-i-aphluv4xwc-sg/cc1976116eef4b7cae22c3135ce4191f~tplv-aphluv4xwc-resize-jpeg:600:600.jpeg?dr=15584&from=520841845&idc=my&ps=933b5bde&shcp=6c17ea28&shp=1f0b6a75&t=555f072d,1732933162137125917,"FOCALLURE.PH
主推",美妆与个护,美容,72742,Focallure Fuller Sculpt Lip Liner & Lipstick 2-in-1 Creamy Smooth Easy Quick Pigmented Long Wear,4.7,是,₱214.02-₱235.00,https://affiliate.tiktok.com/api/v1/share/AK7JYx1wzB83,,,,,,,,,,
,https://p16-oec-sg.ibyteimg.com/tos-alisg-i-aphluv4xwc-sg/9a42382660e04cc498d0237cb710f2ca~tplv-aphluv4xwc-resize-jpeg:600:600.jpeg?dr=15584&from=520841845&idc=my&ps=933b5bde&shcp=6c17ea28&shp=1f0b6a75&t=555f072d,1731103227980252330,"PINKFLASH.PH
主推",美妆与个护,美容,141470,PINKFLASH Oil Combat Ultra-Proof Volume Mascara Waterproof Sweatproof Smudge-proof 12H Volume,4.8,是,₱167.26-₱211.51,https://affiliate.tiktok.com/api/v1/share/AK7JYwzMwfz0,,,,,,,,,,
,https://p16-oec-sg.ibyteimg.com/tos-alisg-i-aphluv4xwc-sg/af2c2d28611149d7af0f74de682083ac~tplv-aphluv4xwc-resize-jpeg:600:600.jpeg?dr=15584&from=520841845&idc=my&ps=933b5bde&shcp=6c17ea28&shp=1f0b6a75&t=555f072d,1732847618703066282,PINKFLASH.PH,美妆与个护,美容,25695,Pinkflash Flash-To-Go Duo Eyeshadow Stick Matte&Shimmer High Pigmented Blendable Smooth Multipurpose Transfer-proof Lasting,4.8,是,₱175.00,https://affiliate.tiktok.com/api/v1/share/AK7JTKagOmfW,,,,,,,,,,
,https://p16-oec-sg.ibyteimg.com/tos-alisg-i-aphluv4xwc-sg/4485646e54544d40948bc32c1406ef06~tplv-aphluv4xwc-resize-jpeg:600:600.jpeg?dr=15584&from=520841845&idc=my&ps=933b5bde&shcp=6c17ea28&shp=1f0b6a75&t=555f072d,1737286632835810474,PINKFLASH.PH,美妆与个护,美容,5,【NEW ARRIVALS】Pinkflash SunnyBloom Liquid Blush Waterproof Lasting Flush Blendable Mulite-use,0,是,₱209.00,https://affiliate.tiktok.com/api/v1/share/ALUsk6LLyL42,,,,,,,,,,
,https://p16-oec-sg.ibyteimg.com/tos-alisg-i-aphluv4xwc-sg/88bd33aa88154cd5aa39814d065d53d7~tplv-aphluv4xwc-resize-jpeg:600:600.jpeg?dr=15584&from=520841845&idc=my&ps=933b5bde&shcp=6c17ea28&shp=1f0b6a75&t=555f072d,1737574117605016746,PINKFLASH.PH,美妆与个护,美容,2,【New Arrivals】PINKFLASH Lasting Milky Lipstick Creamy Smooth High Pigment Long Lasting Matte No Lipstick Marks,0,是,₱205.00,https://affiliate.tiktok.com/api/v1/share/ALUsk5hp3L99,,,,,,,,,,
,https://p16-oec-sg.ibyteimg.com/tos-alisg-i-aphluv4xwc-sg/1188124daa1f4a48b51cfa86c771d17e~tplv-aphluv4xwc-resize-jpeg:600:600.jpeg?dr=15584&from=520841845&idc=my&ps=933b5bde&shcp=6c17ea28&shp=1f0b6a75&t=555f072d,1737574853271979178,PINKFLASH.PH,美妆与个护,美容,0,【New Arrivals】PINKFLASH 3s Comb Lifting Brow Glue Instant Brow Lamination Strong Hold Waterproof Glue,0,是,₱205.00,https://affiliate.tiktok.com/api/v1/share/ALUsjnNSRjO8,,,,,,,,,,
,https://p16-oec-sg.ibyteimg.com/tos-alisg-i-aphluv4xwc-sg/c7b0a4381d21418b9bc5dcfa1534ad2c~tplv-aphluv4xwc-resize-jpeg:600:600.jpeg?dr=15584&from=520841845&idc=my&ps=933b5bde&shcp=6c17ea28&shp=1f0b6a75&t=555f072d,1729398472325697237,FOCALLURE.philippines,美妆与个护,美容,23077,FOCALLURE Liquid Matte Foundation Lasting Poreless Invisible pores Natural Coverage Oil-control Foundation FA-150,4.6,是,₱129.00-₱179.00,https://affiliate.tiktok.com/api/v1/share/ALUsk6LMWLw5,,,,,,,,,,
,https://p16-oec-sg.ibyteimg.com/tos-alisg-i-aphluv4xwc-sg/c94a9e677bd44340ae27d1a30385f4b2~tplv-aphluv4xwc-resize-jpeg:600:600.jpeg?dr=15584&from=520841845&idc=my&ps=933b5bde&shcp=6c17ea28&shp=1f0b6a75&t=555f072d,1737131904449872925,FOCALLURE.PH,美妆与个护,美容,4,FOCALLURE Endless Smooth Angled Refillable Gel Eyeliner Buy 1 Get 3 Waterproof & Smudge-Proof,0,是,₱149.00,https://affiliate.tiktok.com/api/v1/share/ALUsk5hpKZQX,,,,,,,,,,
,https://p16-oec-sg.ibyteimg.com/tos-alisg-i-aphluv4xwc-sg/50c4ea43acd44dc6a636198c21b517b0~tplv-aphluv4xwc-resize-jpeg:600:600.jpeg?dr=15584&from=520841845&idc=my&ps=933b5bde&shcp=6c17ea28&shp=1f0b6a75&t=555f072d,1737300084780794909,FOCALLURE.PH,美妆与个护,美容,4,FOCALLURE EverWing Blade Eyeliner Beginer-friendly Misstake-free Waterproof Transfer-proof Cat Eyes Stamp,0,是,₱229.00,https://affiliate.tiktok.com/api/v1/share/ALUsjnNSidKZ,,,,,,,,,,
,https://p16-oec-sg.ibyteimg.com/tos-alisg-i-aphluv4xwc-sg/6facfd6da69243c9b67956852e6789b6~tplv-aphluv4xwc-resize-jpeg:600:600.jpeg?dr=15584&from=520841845&idc=my&ps=933b5bde&shcp=6c17ea28&shp=1f0b6a75&t=555f072d,1732832662599599274,PINKFLASH.PH,美妆与个护,美容,533,【Clearance Sale】Pinkflash 5 Colors Eyeshadow Palette Palette Meow Paw Long Wear Versatile Texture Blendable Smooth Delicate Powder,4.8,是,₱139.00-₱219.00,https://affiliate.tiktok.com/api/v1/share/ALUskdmyxXnj,,,,,,,,,,
,https://p16-oec-sg.ibyteimg.com/tos-alisg-i-aphluv4xwc-sg/a78e98c473434e2bb208e7d89ffd7b61~tplv-aphluv4xwc-resize-jpeg:600:600.jpeg?dr=15584&from=520841845&idc=my&ps=933b5bde&shcp=6c17ea28&shp=1f0b6a75&t=555f072d,1730797480817362973,FOCALLURE.PH,美妆与个护,美容,361061,【BUY 2 SAVE ₱40 OFF】FOCALLURE TransferproofHero Matte Lip Tint Lipstick Waterproof Long Lasting High Pigmented Creamy Smooth Lightweight Moisture,4.7,是,₱203.98,https://affiliate.tiktok.com/api/v1/share/AK7JTKd6oXRg,,,,,,,,,,
,https://p16-oec-sg.ibyteimg.com/tos-alisg-i-aphluv4xwc-sg/84ed5525e21b4552b3d98249f8481635~tplv-aphluv4xwc-resize-jpeg:600:600.jpeg?dr=15584&from=520841845&idc=my&ps=933b5bde&shcp=6c17ea28&shp=1f0b6a75&t=555f072d,1734568266126427165,FOCALLURE.PH,美妆与个护,美容,26287,FOCALLURE Toasted Plumping Lip Serum Moisture Lip Care Ultra-light,4.7,是,₱235.00,https://affiliate.tiktok.com/api/v1/share/AK7JTKdLO5TQ,,,,,,,,,,
,https://p16-oec-sg.ibyteimg.com/tos-alisg-i-aphluv4xwc-sg/e33be2214b6d4b50a883f57ce03ddf91~tplv-aphluv4xwc-resize-jpeg:600:600.jpeg?dr=15584&from=520841845&idc=my&ps=933b5bde&shcp=6c17ea28&shp=1f0b6a75&t=555f072d,1736217218157544477,FOCALLURE.PH,美妆与个护,美容,1345,FOCALLURE Unstoppable Blue foundation Longwear Waterproof Sweatproof High Coverage No Oxidation Oil Control Flawless Satin matte finish foundation,4.6,是,₱86.09-₱520.00,https://affiliate.tiktok.com/api/v1/share/AL1PYByAvUYa,,,,,,,,,,
,https://p16-oec-sg.ibyteimg.com/tos-alisg-i-aphluv4xwc-sg/ba101c140b10405f8593800955a74133~tplv-aphluv4xwc-resize-jpeg:600:600.jpeg?dr=15584&from=520841845&idc=my&ps=933b5bde&shcp=6c17ea28&shp=1f0b6a75&t=555f072d,1735675965953901738,PINKFLASH.PH,美妆与个护,美容,313,PINKFLASH WildForm Multi Pencil Creamy Transfer-proof Smooth LongWear Multi-use,4.6,是,₱179.00,https://affiliate.tiktok.com/api/v1/share/AKfNcBILl7Is,,,,,,,,,,
,https://p16-oec-sg.ibyteimg.com/tos-alisg-i-aphluv4xwc-sg/31fe51e157c94fc5a250e0523e3641f3~tplv-aphluv4xwc-resize-jpeg:600:600.jpeg?dr=15584&from=520841845&idc=my&ps=933b5bde&shcp=6c17ea28&shp=1f0b6a75&t=555f072d,1731107131715585053,FOCALLURE.PH,美妆与个护,美容,284233,FOCALLURE EverSharp Blade Eyebrow Pencil Waterproof Smudge-proof High Pigmented Break-resistant Non-caking Smooth,4.7,是,₱184.96,https://affiliate.tiktok.com/api/v1/share/AK7JYx1rD5XL,,,,,,,,,,
,https://p16-oec-sg.ibyteimg.com/tos-alisg-i-aphluv4xwc-sg/bfeba7f67a4542d3a6258b7de3a07140~tplv-aphluv4xwc-resize-jpeg:600:600.jpeg?dr=15584&from=520841845&idc=my&ps=933b5bde&shcp=6c17ea28&shp=1f0b6a75&t=555f072d,1731415354423018525,FOCALLURE.PH,美妆与个护,美容,2112,【Clearance Sale】Focallure Glue-Free False Eyelashes Waterproof Long-lasting Feather-Light Beginner Friendly,4.8,是,₱69.00-₱99.00,https://affiliate.tiktok.com/api/v1/share/ALILmaZjrpb7,,,,,,,,,,
,https://p16-oec-sg.ibyteimg.com/tos-alisg-i-aphluv4xwc-sg/06395755dead4f05a89d360736b7d02f~tplv-aphluv4xwc-resize-jpeg:600:600.jpeg?dr=15584&from=520841845&idc=my&ps=933b5bde&shcp=6c17ea28&shp=1f0b6a75&t=555f072d,1736996663259464733,FOCALLURE.PH,美妆与个护,美容,598,【Clearance Sale】FOCALLURE SPF30 PA+++ Blur Matte Compact Cakey-free Oil Control 16H Waterproof Buildable Coverage,4.7,是,₱119.00-₱199.00,https://affiliate.tiktok.com/api/v1/share/ALILoRn4D5Cs,,,,,,,,,,
,https://p16-oec-sg.ibyteimg.com/tos-alisg-i-aphluv4xwc-sg/55f309e21c2f4973a094e517ee9a57d4~tplv-aphluv4xwc-resize-jpeg:600:600.jpeg?dr=15584&from=520841845&idc=my&ps=933b5bde&shcp=6c17ea28&shp=1f0b6a75&t=555f072d,1731423944507884996,PINKFLASH.PH LIVE,美妆与个护,护肤,47,【Clearance Sale】PINKFLASH Lip makeup clearance sale Lip Balm Lipstick Lip Care,3.5,是,₱69.00-₱79.00,https://affiliate.tiktok.com/api/v1/share/ALHJCqOefE3G,,,,,,,,,,
,https://p16-oec-sg.ibyteimg.com/tos-alisg-i-aphluv4xwc-sg/ba2a21ddc2bc41359cc24cf4ae6e78b7~tplv-aphluv4xwc-resize-jpeg:600:600.jpeg?dr=15584&from=520841845&idc=my&ps=933b5bde&shcp=6c17ea28&shp=1f0b6a75&t=555f072d,1729388210685119940,PINKFLASH.PH LIVE,美妆与个护,美容,1544,"【Clearance Sale】PINKFLASH Eye Makeup Clearance Sale Eyeliner, eyeshadow, eyebrow powder, eyebrow gel, makeup brush",4.6,是,₱59.00-₱199.00,https://affiliate.tiktok.com/api/v1/share/ALHJ80bhkERI,,,,,,,,,,
,https://p16-oec-sg.ibyteimg.com/tos-alisg-i-aphluv4xwc-sg/d7d9dc5dc0984eb7a213c09bb0477e10~tplv-aphluv4xwc-resize-jpeg:600:600.jpeg?dr=15584&from=520841845&idc=my&ps=933b5bde&shcp=6c17ea28&shp=1f0b6a75&t=555f072d,1731220504440439978,PINKFLASH.PH,美妆与个护,美容,15846,"【Clearance Sale】PINKFLASH Limited-time clearance sale of makeup products including lipsticks, lip tint, Multi Pencil lip liners",4.6,是,₱89.00,https://affiliate.tiktok.com/api/v1/share/ALHJCqOewJ1j,,,,,,,,,,
,https://p16-oec-sg.ibyteimg.com/tos-alisg-i-aphluv4xwc-sg/066956c5a1ae4932955f549321de37de~tplv-aphluv4xwc-resize-jpeg:600:600.jpeg?dr=15584&from=520841845&idc=my&ps=933b5bde&shcp=6c17ea28&shp=1f0b6a75&t=555f072d,1730131042651768861,FOCALLURE.PH,美妆与个护,美容,32383,FOCALLURE X Sanrio #CallMeBeauty Blur-buttery Duo Facial Palette,4.7,是,₱99.00,https://affiliate.tiktok.com/api/v1/share/ALD5sYSJcSrq,,,,,,,,,,
,https://p16-oec-sg.ibyteimg.com/tos-alisg-i-aphluv4xwc-sg/c1ef7bb0e0a14326b4cefac5f0ec285c~tplv-aphluv4xwc-resize-jpeg:600:600.jpeg?dr=15584&from=520841845&idc=my&ps=933b5bde&shcp=6c17ea28&shp=1f0b6a75&t=555f072d,1730131117535168541,FOCALLURE.PH,美妆与个护,美容,17187,Focallure X Sanrio #BloomingTime High Coverage Matte Setting Powder,4.8,是,₱129.00,https://affiliate.tiktok.com/api/v1/share/ALD5sYSSh5aQ,,,,,,,,,,
,https://p16-oec-sg.ibyteimg.com/tos-alisg-i-aphluv4xwc-sg/4cd8d7077fee4d4bbc82901ca7c3871f~tplv-aphluv4xwc-resize-jpeg:600:600.jpeg?dr=15584&from=520841845&idc=my&ps=933b5bde&shcp=6c17ea28&shp=1f0b6a75&t=555f072d,1729432448584222890,PINKFLASH.PH,美妆与个护,美容,76382,PINKFLASH Eye Makeup Set Eyeliner Eyebrow Pencil Mascara Black Daily Use Waterproof Sweat Proof Long-lasting Durable Soft Nib Brush Korean,4.7,是,₱165.00-₱225.00,https://affiliate.tiktok.com/api/v1/share/AK7JTKaXbEws,,,,,,,,,,
,https://p16-oec-sg.ibyteimg.com/tos-alisg-i-aphluv4xwc-sg/979da9f708d14c928c6fd527c4ee07dd~tplv-aphluv4xwc-resize-jpeg:600:600.jpeg?dr=15584&from=520841845&idc=my&ps=933b5bde&shcp=6c17ea28&shp=1f0b6a75&t=555f072d,1729432456387791018,PINKFLASH.PH,美妆与个护,美容,456908,PINKFLASH OhMyKiss Soft Matte Liquid Lipstick Waterproof VE Moisturising Long Lasting Lip Tint Lightweight 1pc Gloss Lipgloss,4.7,是,₱85.00,https://affiliate.tiktok.com/api/v1/share/AK7JYwzEhKGQ,,,,,,,,,,
,https://p16-oec-sg.ibyteimg.com/tos-alisg-i-aphluv4xwc-sg/b846baae2c2e4517b6a9ce5a584783c3~tplv-aphluv4xwc-resize-jpeg:600:600.jpeg?dr=15584&from=520841845&idc=my&ps=933b5bde&shcp=6c17ea28&shp=1f0b6a75&t=555f072d,1729432456560740522,PINKFLASH.PH,美妆与个护,美容,154134,PINKFLASH Ohmypinkflash Ohmyline Evenly Pigmented Long Lasting Waterproof Sweat Proof Easy To Wear Black Eyeliner Pencil,4.8,是,₱85.00-₱89.00,https://affiliate.tiktok.com/api/v1/share/AK7JTKaaLs0x,,,,,,,,,,
,https://p16-oec-sg.ibyteimg.com/tos-alisg-i-aphluv4xwc-sg/2d9ef99b7e084fbeb635e00362f6ad46~tplv-aphluv4xwc-resize-jpeg:600:600.jpeg?dr=15584&from=520841845&idc=my&ps=933b5bde&shcp=6c17ea28&shp=1f0b6a75&t=555f072d,1729432458041329834,PINKFLASH.PH,美妆与个护,美容,228693,PINKFLASH OhMyKiss 3pcs Soft Matte Finish VE Moisturising Long-lasting Waterproof Non-sticky Liquid Lipstick Makeup Set liptint set,4.7,是,₱205.00-₱209.00,https://affiliate.tiktok.com/api/v1/share/AK7JYwzMOWXS,,,,,,,,,,
,https://p16-oec-sg.ibyteimg.com/tos-alisg-i-aphluv4xwc-sg/a55f3cd6ebca4a31a79446e6ff210087~tplv-aphluv4xwc-resize-jpeg:600:600.jpeg?dr=15584&from=520841845&idc=my&ps=933b5bde&shcp=6c17ea28&shp=1f0b6a75&t=555f072d,1729634375304382634,PINKFLASH.PH,美妆与个护,美容,317556,PINKFLASH Eyebrow Powder 1-Step Shaping Waterproof Cushion Stamp Long Wear Beginners Friendly + [Free Gifts] Reusable Stencil Set 10pcs Makeup Matte,4.7,是,₱185.00,https://affiliate.tiktok.com/api/v1/share/AK7JTKaacggL,,,,,,,,,,
,https://p16-oec-sg.ibyteimg.com/tos-alisg-i-aphluv4xwc-sg/04d2461f47014463843e7da371677f97~tplv-aphluv4xwc-resize-jpeg:600:600.jpeg?dr=15584&from=520841845&idc=my&ps=933b5bde&shcp=6c17ea28&shp=1f0b6a75&t=555f072d,1729768836816275626,PINKFLASH.PH,美妆与个护,美容,365263,Pinkflash #UpNSet 2-in-1 waterproof sculpting brow wax with Brush Long-lasting Brow tinted Lift Brow Styling Soap Eyebrow Makeup Clear Black Brown Color Fluffy Lightweight,4.6,是,₱205.00,https://affiliate.tiktok.com/api/v1/share/AK7JYwzMfaxT,,,,,,,,,,
,https://p16-oec-sg.ibyteimg.com/tos-alisg-i-aphluv4xwc-sg/d63d146141214fb99ad604b686bf2e21~tplv-aphluv4xwc-resize-jpeg:600:600.jpeg?dr=15584&from=520841845&idc=my&ps=933b5bde&shcp=6c17ea28&shp=1f0b6a75&t=555f072d,1730010500161177770,PINKFLASH.PH,美妆与个护,美容,188785,PINKFLASH #InstantShape Lasting Wingled Eyeliner Stamp 2-in-1 High Pigment Easy to use Lipliner Makeup,4.7,是,₱135.00,https://affiliate.tiktok.com/api/v1/share/AK7JTKaatw85,,,,,,,,,,
,https://p16-oec-sg.ibyteimg.com/tos-alisg-i-aphluv4xwc-sg/f9254b371ce1415a9e0bfda3401d2b2e~tplv-aphluv4xwc-resize-jpeg:600:600.jpeg?dr=15584&from=520841845&idc=my&ps=933b5bde&shcp=6c17ea28&shp=1f0b6a75&t=555f072d,1731138232013260970,PINKFLASH.PH,美妆与个护,美容,170119,PINKFLASH Multi-Use Watery Blush Stick Healthy and Rosy Cream Blendeable High pigment Long-lasting Beginner-friendly Sun-kissed Glow Portable Moisturizing 6 Shades,4.7,是,₱123.01,https://affiliate.tiktok.com/api/v1/share/AK7JTKadeQbQ,,,,,,,,,,
,https://p16-oec-sg.ibyteimg.com/tos-alisg-i-aphluv4xwc-sg/6cdadc75bd9a4c78a81d3e1229e1bce6~tplv-aphluv4xwc-resize-jpeg:600:600.jpeg?dr=15584&from=520841845&idc=my&ps=933b5bde&shcp=6c17ea28&shp=1f0b6a75&t=555f072d,1732187439474246826,PINKFLASH.PH,美妆与个护,美容,20956,Pinkflash Fluffy Styling Tinted Brow Gel Waterproof Transfer-proof 24H Lasting Tinted Feathery Brows,4.6,是,₱155.00,https://affiliate.tiktok.com/api/v1/share/AK7JYwzNDu9Q,,,,,,,,,,
,https://p16-oec-sg.ibyteimg.com/tos-alisg-i-aphluv4xwc-sg/1e65f5f61584456ca47105c16a140cab~tplv-aphluv4xwc-resize-jpeg:600:600.jpeg?dr=15584&from=520841845&idc=my&ps=933b5bde&shcp=6c17ea28&shp=1f0b6a75&t=555f072d,1733519482586105002,PINKFLASH.PH,美妆与个护,美容,349,PINKFLASH Show Cover Flawless Lock Powdery High Coverage Soft Focus Matte Oil Control 12H Lasting Waterproof,4.8,是,₱269.00,https://affiliate.tiktok.com/api/v1/share/AK7JYwzSRbeM,,,,,,,,,,
,https://p16-oec-sg.ibyteimg.com/tos-alisg-i-aphluv4xwc-sg/b1bb46be626648c49d9ad4a747a30fb1~tplv-aphluv4xwc-resize-jpeg:600:600.jpeg?dr=15584&from=520841845&idc=my&ps=933b5bde&shcp=6c17ea28&shp=1f0b6a75&t=555f072d,1729382932842581021,FOCALLURE.PH,美妆与个护,美容,92383,FOCALLURE Oil Control Pressed Powder with Sponge Setting Makeup Face Beauty 3 Colours,4.8,是,₱195.00,https://affiliate.tiktok.com/api/v1/share/AK7JTKakFYnH,,,,,,,,,,
,https://p16-oec-sg.ibyteimg.com/tos-alisg-i-aphluv4xwc-sg/8ec78fd194e644cc9e59fe235ab0d3b4~tplv-aphluv4xwc-resize-jpeg:600:600.jpeg?dr=15584&from=520841845&idc=my&ps=933b5bde&shcp=6c17ea28&shp=1f0b6a75&t=555f072d,1729391808455543837,FOCALLURE.PH,美妆与个护,美容,407907,FOCALLURE Liquid Blush HANGOVER RED WINE Natural Cheek Tint Blusher Matte Cream On Face Make Up Cosmetics,4.8,是,₱140.71,https://affiliate.tiktok.com/api/v1/share/AK7JYwzZJrum,,,,,,,,,,
,https://p16-oec-sg.ibyteimg.com/tos-alisg-i-aphluv4xwc-sg/86ccc13b0be1481da4942e0da71f1a4c~tplv-aphluv4xwc-resize-jpeg:600:600.jpeg?dr=15584&from=520841845&idc=my&ps=933b5bde&shcp=6c17ea28&shp=1f0b6a75&t=555f072d,1729649581488113693,FOCALLURE.PH,美妆与个护,美容,754266,Focallure Matte Lipstick Natural Waterproof High Pigment Long-Lasting Lightweight Soft Smooth,4.7,是,₱140.71,https://affiliate.tiktok.com/api/v1/share/AK7JTKakWZMF,,,,,,,,,,
,https://p16-oec-sg.ibyteimg.com/tos-alisg-i-aphluv4xwc-sg/9ac87fce5cee4a5592e4e0e90397d85e~tplv-aphluv4xwc-resize-jpeg:600:600.jpeg?dr=15584&from=520841845&idc=my&ps=933b5bde&shcp=6c17ea28&shp=1f0b6a75&t=555f072d,1729670875376289821,FOCALLURE.PH,美妆与个护,美容,307400,FOCALLURE Pro-stay 3D Eyebrow Pomade Cream 2-In-1 Transfer-proof No Smudge Waterproof Sweat-proof Controllable Smooth Creamy Multi-use,4.7,是,₱165.00,https://affiliate.tiktok.com/api/v1/share/AK7JYwzc4Tao,,,,,,,,,,
,https://p16-oec-sg.ibyteimg.com/tos-alisg-i-aphluv4xwc-sg/7f118e3cc67f477cb37d0a828d2149cd~tplv-aphluv4xwc-resize-jpeg:600:600.jpeg?dr=15584&from=520841845&idc=my&ps=933b5bde&shcp=6c17ea28&shp=1f0b6a75&t=555f072d,1729694991117551645,FOCALLURE.PH,美妆与个护,美容,444556,FOCALLURE Pro-blur Airy Velvety Tint Velvet Matte Mossue Lip cream Lightweight Airy-lip Sensation Ombre-lip Non-sticky High Pigment Long-lasting,4.8,是,₱167.26,https://affiliate.tiktok.com/api/v1/share/AK7JTKapkNr4,,,,,,,,,,
,https://p16-oec-sg.ibyteimg.com/tos-alisg-i-aphluv4xwc-sg/721013411be1428a89f7ca9eb50202df~tplv-aphluv4xwc-resize-jpeg:600:600.jpeg?dr=15584&from=520841845&idc=my&ps=933b5bde&shcp=6c17ea28&shp=1f0b6a75&t=555f072d,1729742985657944093,FOCALLURE.PH,美妆与个护,美容,537749,FOCALLURE Pro-ink Watery To Blur Lasting Lip Tint Long Wear Moisture Lightweight Stain Soft Transfer-proof Non-sticky 1pc/2g,4.8,是,₱167.26,https://affiliate.tiktok.com/api/v1/share/AK7JYwzcLLwA,,,,,,,,,,
,https://p16-oec-sg.ibyteimg.com/tos-alisg-i-aphluv4xwc-sg/e587b051c66947cb8354bed74d59a6af~tplv-aphluv4xwc-resize-jpeg:600:600.jpeg?dr=15584&from=520841845&idc=my&ps=933b5bde&shcp=6c17ea28&shp=1f0b6a75&t=555f072d,1730489037636405277,FOCALLURE.PH,美妆与个护,美容,146436,FOCALLURE 4 Colors Face Mineral Pigment Blush Powder,4.8,是,₱128.25-₱135.00,https://affiliate.tiktok.com/api/v1/share/AK7JTKaq1Rw7,,,,,,,,,,
,https://p16-oec-sg.ibyteimg.com/tos-alisg-i-aphluv4xwc-sg/9dc708e6f239423e824b0564ddecb38c~tplv-aphluv4xwc-resize-jpeg:600:600.jpeg?dr=15584&from=520841845&idc=my&ps=933b5bde&shcp=6c17ea28&shp=1f0b6a75&t=555f072d,1730515145042461725,FOCALLURE.PH,美妆与个护,美容,25397,Focallure Galaxy Highlighter Soft Mochi Texture 360° Glow Fresh Dewy Glow Melt Into Skin Non Cakey,4.8,是,₱295.00-₱455.00,https://affiliate.tiktok.com/api/v1/share/AK7JYwzf5raL,,,,,,,,,,
,https://p16-oec-sg.ibyteimg.com/tos-alisg-i-aphluv4xwc-sg/ff64ed93ba78421f97af96e089188165~tplv-aphluv4xwc-resize-jpeg:600:600.jpeg?dr=15584&from=520841845&idc=my&ps=933b5bde&shcp=6c17ea28&shp=1f0b6a75&t=555f072d,1731131153900274717,FOCALLURE.PH,美妆与个护,美容,59062,FOCALLURE Full-Cover Slim Browcara Eyebrows Mascara Natural Brow Colors 24h Lasting Clump-Free Soft Matte Brows Cover Slim Brush Waterproof Sweatproof,4.7,是,₱225.00,https://affiliate.tiktok.com/api/v1/share/AK7JTKdDPhLX,,,,,,,,,,
,https://p16-oec-sg.ibyteimg.com/tos-alisg-i-aphluv4xwc-sg/cf8f5c76c84e4632ac72362543ac308e~tplv-aphluv4xwc-resize-jpeg:600:600.jpeg?dr=15584&from=520841845&idc=my&ps=933b5bde&shcp=6c17ea28&shp=1f0b6a75&t=555f072d,1729432458804103338,PINKFLASH.PH,美妆与个护,美容,101426,PINKFLASH 2-in-1 Duo Effect Eye Makeup Eyebrow Cream & Powder Gel Pomade Eyeliner Eyebrow Brush Waterproof smudge-proof lasting Multi-uses + [Free Gift] Eyebrow Brush 1pcs Durable Blend,4.8,是,₱136.14,https://affiliate.tiktok.com/api/v1/share/AJBxLSpr1z1x,,,,,,,,,,
,https://p16-oec-sg.ibyteimg.com/tos-alisg-i-aphluv4xwc-sg/835710d9c6fd4bd68564126ac31867d3~tplv-aphluv4xwc-resize-jpeg:600:600.jpeg?dr=15584&from=520841845&idc=my&ps=933b5bde&shcp=6c17ea28&shp=1f0b6a75&t=555f072d,1729887780555360426,PINKFLASH.PH,美妆与个护,美容,250614,PINKFLASH Face Makeup Set 3pcs All-day Matte OhMySelf Foundation+Oil Controller Loose Setting Powder#111+High Pigment Blush#P03 Cosmetic,4.7,是,"₱167.10-
₱217.65",https://affiliate.tiktok.com/api/v1/share/AJBxL8y34k2V,,,,,,,,,,
,https://p16-oec-sg.ibyteimg.com/tos-alisg-i-aphluv4xwc-sg/79c96607f6aa4a9e834f9e65bac8655b~tplv-aphluv4xwc-resize-jpeg:600:600.jpeg?dr=15584&from=520841845&idc=my&ps=933b5bde&shcp=6c17ea28&shp=1f0b6a75&t=555f072d,1729992485551179946,PINKFLASH.PH,美妆与个护,美容,58597,PINKFLASH Matte Lipstick 3pcs Lip Set Liquid Soft Water-proof Lipgloss Long Lasting Smooth Lightweight Transferproof Makeup Cosmetic,4.7,是,₱137.97,https://affiliate.tiktok.com/api/v1/share/AJBxOky7utXk,,,,,,,,,,
,https://p16-oec-sg.ibyteimg.com/tos-alisg-i-aphluv4xwc-sg/e49a8ee6c16d4b7b88ab31994f4f403a~tplv-aphluv4xwc-resize-jpeg:600:600.jpeg?dr=15584&from=520841845&idc=my&ps=933b5bde&shcp=6c17ea28&shp=1f0b6a75&t=555f072d,1730617810776786090,PINKFLASH.PH,美妆与个护,美容,41433,【Buy 2 Get 1 Free Lipstick】PINKFLASH #LovingHeart Soft Matte Transfer-proof Lipstick Creamy Smooth Non-crack 12H Wearing Intense Pigmented Gloss Lipgloss,4.7,是,₱185.00,https://affiliate.tiktok.com/api/v1/share/AJBxOnlp3Gdi,,,,,,,,,,
,https://p16-oec-sg.ibyteimg.com/tos-alisg-i-aphluv4xwc-sg/77cc295ef0fb494482c88d3491857fb9~tplv-aphluv4xwc-resize-jpeg:600:600.jpeg?dr=15584&from=520841845&idc=my&ps=933b5bde&shcp=6c17ea28&shp=1f0b6a75&t=555f072d,1731633614339671210,PINKFLASH.PH,美妆与个护,美容,9940,Pinkflash Meow Paw 5 Colors Eyeshadow Palette High Pigmented Blendable Smooth Delicate Powder Long Wear,4.8,是,₱219.00,https://affiliate.tiktok.com/api/v1/share/AJBxQPSczcn9,,,,,,,,,,
,https://p16-oec-sg.ibyteimg.com/tos-alisg-i-aphluv4xwc-sg/b6f4115f41b14242a437dd248a4d0748~tplv-aphluv4xwc-resize-jpeg:600:600.jpeg?dr=15584&from=520841845&idc=my&ps=933b5bde&shcp=6c17ea28&shp=1f0b6a75&t=555f072d,1732371540523320490,PINKFLASH.PH,美妆与个护,美容,434,PINKFLASH All Day Set & Refreshed Setting Spray 80ML Longwear 16H Refreshed Moisturized Transferproof Waterproof Smudgeproof Skin-care Ingredients,4.8,是,₱209.25,https://affiliate.tiktok.com/api/v1/share/AJBxQV32UW9P,,,,,,,,,,
,https://p16-oec-sg.ibyteimg.com/tos-alisg-i-aphluv4xwc-sg/581cf4e635144f73964638e178b41478~tplv-aphluv4xwc-resize-jpeg:600:600.jpeg?dr=15584&from=520841845&idc=my&ps=933b5bde&shcp=6c17ea28&shp=1f0b6a75&t=555f072d,1729382956156881949,FOCALLURE.PH,美妆与个护,美容,42098,【BUY 3 TAKE 1 Blush】Focallure Oil Control Matte Powder Perfect Cover Dry Wet Dual-Use Contain Vitamin C Powder Compact Foundation Makeup Two Way Cake,4.8,是,₱171.30,https://affiliate.tiktok.com/api/v1/share/AJBxRdCNl38f,,,,,,,,,,
,https://p16-oec-sg.ibyteimg.com/tos-alisg-i-aphluv4xwc-sg/f7ea7845ab944c15b3f245b1a6abaa5f~tplv-aphluv4xwc-resize-jpeg:600:600.jpeg?dr=15584&from=520841845&idc=my&ps=933b5bde&shcp=6c17ea28&shp=1f0b6a75&t=555f072d,1729389742841695261,FOCALLURE.PH,美妆与个护,美容,92840,【BUY 3 TAKE 1 Blush】FOCALLURE 5Colors Eyebrow Cream Gel Makeup With Brush Eyebrow Powder Brow Stamp Styling Eyebrow Deep Brow Makeup,4.7,是,₱105.00,https://affiliate.tiktok.com/api/v1/share/AJBxRnUS6H3g,,,,,,,,,,
,https://p19-oec-sg.ibyteimg.com/tos-alisg-i-aphluv4xwc-sg/309a79b49e424a8fb3a987d9b43b44b2~tplv-aphluv4xwc-resize-jpeg:600:600.jpeg?dr=15584&from=520841845&idc=my&ps=933b5bde&shcp=6c17ea28&shp=1f0b6a75&t=555f072d,1730183809603766301,FOCALLURE.PH,美妆与个护,美容,30852,【BUY 2 TAKE 1 Eyebrow Powder】FOCALLURE 3D Eyebrow Cream Gel Pro-shape Multi use Full Sculpted Fluffy Feathery Quick Dry Smudge Proof 2-in-1+[FREE GIFT]Eyebrow Brush*1,4.6,是,₱199.08,https://affiliate.tiktok.com/api/v1/share/AJBxV7PeZRyO,,,,,,,,,,
,https://p16-oec-sg.ibyteimg.com/tos-alisg-i-aphluv4xwc-sg/60162e122e494ce3a36a2b1f71850adc~tplv-aphluv4xwc-resize-jpeg:600:600.jpeg?dr=15584&from=520841845&idc=my&ps=933b5bde&shcp=6c17ea28&shp=1f0b6a75&t=555f072d,1730491994946765853,FOCALLURE.PH,美妆与个护,美容,7821,【3PCS AT ₱299 】FOCALLURE 2PC Liquid Blush Natural Cheek Tint Blusher Matte Cream + Watery To Blur Lasting Lip Tint Transfer-proof Mask-proof,4.7,是,₱375.22,https://affiliate.tiktok.com/api/v1/share/AJBxVM3oEiax,,,,,,,,,,
,https://p16-oec-sg.ibyteimg.com/tos-alisg-i-aphluv4xwc-sg/7294a246625145829336a56036fed8f5~tplv-aphluv4xwc-resize-jpeg:600:600.jpeg?dr=15584&from=520841845&idc=my&ps=933b5bde&shcp=6c17ea28&shp=1f0b6a75&t=555f072d,1730909785652823069,FOCALLURE.PH,美妆与个护,美容,47148,【BUY 2 TAKE 1 Eyebrow Powder】Focallure Feather-Light Glue-Free False Eyelashes No Glue Needed Remover-Free Waterproof Beginner Friendly,4.4,是,"₱195.00-
₱199.00",https://affiliate.tiktok.com/api/v1/share/AJBxWVBSABBQ,,,,,,,,,,
,https://p16-oec-sg.ibyteimg.com/tos-alisg-i-aphluv4xwc-sg/0882fb4aeacc4948b24f0a02b9c27c2a~tplv-aphluv4xwc-resize-jpeg:600:600.jpeg?dr=15584&from=520841845&idc=my&ps=933b5bde&shcp=6c17ea28&shp=1f0b6a75&t=555f072d,1731160432422914077,FOCALLURE.PH,美妆与个护,美容,16063,【Free Contour Stick 】Focallure 2PC Transferproof Matte Lipstick Long-Lasting Natural High Pigment Waterproof,4.7,是,₱375.00,https://affiliate.tiktok.com/api/v1/share/AJBxWcC2JXWG,,,,,,,,,,
,https://p16-oec-sg.ibyteimg.com/tos-alisg-i-aphluv4xwc-sg/2a6d961854464b78ad752f392f4de98d~tplv-aphluv4xwc-resize-jpeg:600:600.jpeg?dr=15584&from=520841845&idc=my&ps=933b5bde&shcp=6c17ea28&shp=1f0b6a75&t=555f072d,1731894115275080733,FOCALLURE.PH,美妆与个护,美容,19491,【BUY 1 TAKE 1】FOCALLURE Super Waterproof Lipstick HyperMatte 16H Long-lasting Smooth Lightweight Transferproof,4.7,是,₱269.24,https://affiliate.tiktok.com/api/v1/share/AJBxWfSLuLx0,,,,,,,,,,
,https://p16-oec-sg.ibyteimg.com/tos-alisg-i-aphluv4xwc-sg/edc96de5d92e4f53a3c3944999e12248~tplv-aphluv4xwc-resize-jpeg:600:600.jpeg?dr=15584&from=520841845&idc=my&ps=933b5bde&shcp=6c17ea28&shp=1f0b6a75&t=555f072d,1729744800152979485,FOCALLURE.PH,美妆与个护,美容,57989,FOCALLURE Pro-Length 2MM Ultra-fine Waterproof Mascara Extra Curl Eyelash Comb Lasting Lift Separate Fiber-filled Skinny Quick Dry Smudge-proof Non-sticky,4.8,是,₱195.00,https://affiliate.tiktok.com/api/v1/share/AItMFNtlgtbY,,,,,,,,,,
,https://p16-oec-sg.ibyteimg.com/tos-alisg-i-aphluv4xwc-sg/32decb1a53494e1c923dc4a67f7f942d~tplv-aphluv4xwc-resize-jpeg:600:600.jpeg?dr=15584&from=520841845&idc=my&ps=933b5bde&shcp=6c17ea28&shp=1f0b6a75&t=555f072d,1729888005413767197,FOCALLURE.PH,美妆与个护,美容,26285,FOCALLURE 3PCS Makeup Set Liquid Blush#B04+Pro-stay 3D Eyebrow Pomade Cream 2-In-1#BR01+Watery Lip Tint Transfer-proof#PP02,4.8,是,₱475.00,https://affiliate.tiktok.com/api/v1/share/AItMFNtlxpb3,,,,,,,,,,
,https://p16-oec-sg.ibyteimg.com/tos-alisg-i-aphluv4xwc-sg/ae26bdc83b2e498783b3562942120249~tplv-aphluv4xwc-resize-jpeg:600:600.jpeg?dr=15584&from=520841845&idc=my&ps=933b5bde&shcp=6c17ea28&shp=1f0b6a75&t=555f072d,1730131277404866589,FOCALLURE.PH,美妆与个护,美容,28829,FOCALLURE X Sanrio #CallMeBeauty Pro Cream Multi-use Blush Stick Lasting Lightweight Lip+Cheeks+Eyes,4.7,是,₱175.00,https://affiliate.tiktok.com/api/v1/share/AItMFUaEEwH4,,,,,,,,,,
,https://p16-oec-sg.ibyteimg.com/tos-alisg-i-aphluv4xwc-sg/41fb35c2f8a04f718363949798e3e96e~tplv-aphluv4xwc-resize-jpeg:600:600.jpeg?dr=15584&from=520841845&idc=my&ps=933b5bde&shcp=6c17ea28&shp=1f0b6a75&t=555f072d,1730730280860682269,FOCALLURE.PH,美妆与个护,美容,55505,FOCALLURE Super Transferproof Glazed Shine Lip Tint Up To 16H Glazelock Non-Smudging Non-Staining Moisturizng Lightweight,4.7,是,₱195.00,https://affiliate.tiktok.com/api/v1/share/AItMFNtmmrQN,,,,,,,,,,
,https://p16-oec-sg.ibyteimg.com/tos-alisg-i-aphluv4xwc-sg/6c003c0bd0574dd5aef3589f0fafddc8~tplv-aphluv4xwc-resize-jpeg:600:600.jpeg?dr=15584&from=520841845&idc=my&ps=933b5bde&shcp=6c17ea28&shp=1f0b6a75&t=555f072d,1729623870625974919,"Gaabor PH
主推",家用电器,生活电器,108106,【Hot】Gaabor Best Seller Standing Fan,4.5,是,₱899.00,https://affiliate.tiktok.com/api/v1/share/AIuuHm9XzbQO,,,,,,,,,,
,https://p16-oec-sg.ibyteimg.com/tos-alisg-i-aphluv4xwc-sg/18fc31d9f216470ab753c9ebbf751da8~tplv-aphluv4xwc-resize-jpeg:600:600.jpeg?dr=15584&from=520841845&idc=my&ps=933b5bde&shcp=6c17ea28&shp=1f0b6a75&t=555f072d,1730908572543978165,"Yoboo
主推",母婴用品,婴儿护理,6295,【EXCLUSIVE】 Yoboo Kids Oral Care Toothbrush+Toothpaste | Fine Bristles | For Ages 3-9 | Effective Cleaning Comfort maloi toothbrush,4.8,是,₱139.00,https://affiliate.tiktok.com/api/v1/share/AIwUaJjVIxpC,,,,,,,,,,
,https://p16-oec-sg.ibyteimg.com/tos-alisg-i-aphluv4xwc-sg/46c123bd69824245aba2cecbf0f6a44b~tplv-aphluv4xwc-resize-jpeg:600:600.jpeg?dr=15584&from=520841845&idc=my&ps=933b5bde&shcp=6c17ea28&shp=1f0b6a75&t=555f072d,1735589480403404423,Gaabor PH,家用电器,生活电器,3165,【New Arrival】Gaabor 3 Wind Adjustable Fan. High-speed Fan With 5 Blades And Adjustable Tilt Angle,4.6,是,"₱1,214.02",https://affiliate.tiktok.com/api/v1/share/ALAc9QkSXLCo,,,,,,,,,,
,https://p16-oec-sg.ibyteimg.com/tos-alisg-i-aphluv4xwc-sg/543ee500c5a94089a3c8fe0056ea9745~tplv-aphluv4xwc-resize-jpeg:600:600.jpeg?dr=15584&from=520841845&idc=my&ps=933b5bde&shcp=6c17ea28&shp=1f0b6a75&t=555f072d,1736185699685664391,Gaabor PH,家用电器,厨房电器,241,【New Arrival】Gaabor 1.8L Multi-functional Blender High Speed Mixer 2 Cups Design Stainless Steel,4.5,是,"₱1,248.99",https://affiliate.tiktok.com/api/v1/share/AL1CehZm3OUR,,,,,,,,,,
,https://p16-oec-sg.ibyteimg.com/tos-alisg-i-aphluv4xwc-sg/9d46c3add65c4652af698b77c24ad880~tplv-aphluv4xwc-resize-jpeg:600:600.jpeg?dr=15584&from=520841845&idc=my&ps=933b5bde&shcp=6c17ea28&shp=1f0b6a75&t=555f072d,1736404550988236423,Gaabor PH,家用电器,厨房电器,213,【New Arrival】Gaabor 3L Electric Cooker 2-in-1 Steaming & Cooking 6 Menus AI Temp Control,4.4,是,"₱1,399.00",https://affiliate.tiktok.com/api/v1/share/AL1Cel5Ruq8I,,,,,,,,,,
,https://p16-oec-sg.ibyteimg.com/tos-alisg-i-aphluv4xwc-sg/ddcac6fd02b449beba8aff10f7f29fd9~tplv-aphluv4xwc-resize-jpeg:600:600.jpeg?dr=15584&from=520841845&idc=my&ps=933b5bde&shcp=6c17ea28&shp=1f0b6a75&t=555f072d,1736405390204176007,Gaabor PH,家用电器,厨房电器,106,【New Arrival】Gaabor 2L Rice Cooker 2-in-1 Steam & Cook Thickened Non-Stick Inner Pot for Family,4.1,是,"₱1,199.00",https://affiliate.tiktok.com/api/v1/share/AL1CiIHK2jiI,,,,,,,,,,
,https://p16-oec-sg.ibyteimg.com/tos-alisg-i-aphluv4xwc-sg/c7e0d745286349c3b7336e9d5d9ccc39~tplv-aphluv4xwc-resize-jpeg:600:600.jpeg?dr=15584&from=520841845&idc=my&ps=933b5bde&shcp=6c17ea28&shp=1f0b6a75&t=555f072d,1729427633967041159,Gaabor PH,家用电器,生活电器,47739,【EXCLUSIVE】Gaabor 2-in-1 mini Handheld Vacuum Cleaner Strong Sucking Household Corded Vacuum (Black),4.8,是,"₱899.00-₱1,549.00",https://affiliate.tiktok.com/api/v1/share/AJbt4OweW1dQ,,,,,,,,,,
,https://p16-oec-sg.ibyteimg.com/tos-alisg-i-aphluv4xwc-sg/45331ede6db04ed1a60a3a698299ef74~tplv-aphluv4xwc-resize-jpeg:600:600.jpeg?dr=15584&from=520841845&idc=my&ps=933b5bde&shcp=6c17ea28&shp=1f0b6a75&t=555f072d,1729387485302460039,Gaabor PH,厨房餐饮,厨房用具,22834,"Gaabor Electronic Weighing Scale with LED Display, Tempered Glass, and USB Charging - 12 Months Warranty",4.8,是,₱296.03-₱799.00,https://affiliate.tiktok.com/api/v1/share/AJbt6paKbbAe,,,,,,,,,,
,https://p16-oec-sg.ibyteimg.com/tos-alisg-i-aphluv4xwc-sg/9e121526007c4be4bef8b51fd82bae1c~tplv-aphluv4xwc-resize-jpeg:600:600.jpeg?dr=15584&from=520841845&idc=my&ps=933b5bde&shcp=6c17ea28&shp=1f0b6a75&t=555f072d,1731519104316966535,Gaabor PH,家用电器,生活电器,1328,【New Arrival】Gaabor Electric Iron With Precise Temperature Control Teflon Soleplate High Heat Kills Bacteria,4.8,是,₱549.00,https://affiliate.tiktok.com/api/v1/share/AJbt6paMFwQy,,,,,,,,,,
,https://p16-oec-sg.ibyteimg.com/tos-alisg-i-aphluv4xwc-sg/274bd7e653f34b938c8d017da997c038~tplv-aphluv4xwc-resize-jpeg:600:600.jpeg?dr=15584&from=520841845&idc=my&ps=933b5bde&shcp=6c17ea28&shp=1f0b6a75&t=555f072d,1732522430421436039,Gaabor PH,家用电器,厨房电器,166,【Affiliate Exclusive】Gaabor 2.0L Meat Grinder 300W Strong Power Two-speed Adjustable with 4-blade Steel Knife,4.9,是,₱599.00,https://affiliate.tiktok.com/api/v1/share/AJbt6paMX6Px,,,,,,,,,,
,https://p16-oec-sg.ibyteimg.com/tos-alisg-i-aphluv4xwc-sg/fd0d08414b4d4aa3b76ff62b1943cc8e~tplv-aphluv4xwc-resize-jpeg:600:600.jpeg?dr=15584&from=520841845&idc=my&ps=933b5bde&shcp=6c17ea28&shp=1f0b6a75&t=555f072d,1732637037808944775,Gaabor PH,美妆与个护,美容电器,392,【New Arrival】Gaabor Mini Foldable Hair Dryer Fast Wind with 2 Heat Settings for Travel Quick Drying,4.6,是,₱599.00,https://affiliate.tiktok.com/api/v1/share/AJbt4OwgiNaR,,,,,,,,,,
,https://p16-oec-sg.ibyteimg.com/tos-alisg-i-aphluv4xwc-sg/9d208fab5b26490db2bb3f27d0b836cf~tplv-aphluv4xwc-resize-jpeg:600:600.jpeg?dr=15584&from=520841845&idc=my&ps=933b5bde&shcp=6c17ea28&shp=1f0b6a75&t=555f072d,1732359572310296199,Gaabor PH,家用电器,厨房电器,182,【New Arrival】Gaabor Portable Large-Capacity Juicer Cup | 2-in-1 Blender & Drinking Bottle | 1000ml USB Rechargeable Smoothie Maker with Straw,4.6,是,₱799.00,https://affiliate.tiktok.com/api/v1/share/AJbt4Owen8hz,,,,,,,,,,
,https://p16-oec-sg.ibyteimg.com/tos-alisg-i-aphluv4xwc-sg/8b377f1518a7407ab78b695d74c7c0bf~tplv-aphluv4xwc-resize-jpeg:600:600.jpeg?dr=15584&from=520841845&idc=my&ps=933b5bde&shcp=6c17ea28&shp=1f0b6a75&t=555f072d,1733776853417297543,Gaabor PH,家用电器,厨房电器,65,【New Arrival】Gaabor 4.5L Air Fryer Mechanical Dual Knob Control for Baking and Roasting,4.7,是,"₱1,899.00",https://affiliate.tiktok.com/api/v1/share/AJbt6paMnzX5,,,,,,,,,,
,https://p16-oec-sg.ibyteimg.com/tos-alisg-i-aphluv4xwc-sg/ad28d4948be043479d436e98225c9f93~tplv-aphluv4xwc-resize-jpeg:600:600.jpeg?dr=15584&from=520841845&idc=my&ps=933b5bde&shcp=6c17ea28&shp=1f0b6a75&t=555f072d,1729382962992680583,Gaabor PH,家用电器,厨房电器,73798,"【Hot】Gaabor 1.8L Mini Rice Cooker, Multi-function Cooker Non-Stick Inner Pot with Steamer",4.8,是,₱399.00,https://affiliate.tiktok.com/api/v1/share/AIuuHkPGZdmE,,,,,,,,,,
,https://p16-oec-sg.ibyteimg.com/tos-alisg-i-aphluv4xwc-sg/2f703672fe7a4726b37e7fe425e98595~tplv-aphluv4xwc-resize-jpeg:600:600.jpeg?dr=15584&from=520841845&idc=my&ps=933b5bde&shcp=6c17ea28&shp=1f0b6a75&t=555f072d,1729427468250811015,Gaabor PH,家用电器,厨房电器,28577,"【Exclusive】Gaabor 4L Air Fryer, Multi-funcational Oil-free Healthy Cooking with Non-Stick Basket with 50pcs Paper Liner",4.8,是,"₱1,199.00-₱1,299.00",https://affiliate.tiktok.com/api/v1/share/AIuuHm9Xida9,,,,,,,,,,
,https://p16-oec-sg.ibyteimg.com/tos-alisg-i-aphluv4xwc-sg/0c4fb4a6164c43e3b472d5b315c92252~tplv-aphluv4xwc-resize-jpeg:600:600.jpeg?dr=15584&from=520841845&idc=my&ps=933b5bde&shcp=6c17ea28&shp=1f0b6a75&t=555f072d,1729383288568909447,Gaabor PH,家用电器,厨房电器,23420,"【Hot】Gaabor 4L Air Fryer, Multi-functional Oil-free Healthy Cooking with Non-Stick Basket-D2",4.7,是,"₱1,051.75",https://affiliate.tiktok.com/api/v1/share/AJ1VnS1rHLrl,,,,,,,,,,
,https://p16-oec-sg.ibyteimg.com/tos-alisg-i-aphluv4xwc-sg/a10a2ff35b984530a58ef29caacff8c3~tplv-aphluv4xwc-resize-jpeg:600:600.jpeg?dr=15584&from=520841845&idc=my&ps=933b5bde&shcp=6c17ea28&shp=1f0b6a75&t=555f072d,1729398746418679047,"LANBENA Philippines
主推",美妆与个护,护肤,135557,"【Official】LANBENA Vitamin C 4X antioxidant dark circles fading Eye Mask Whitening Patches AntiAging Wrinkles Remove Dark Eye Circle Eye Care 60Pcs, Skin Care Comfort",4.7,是,"₱199.00-
₱349.00",https://affiliate.tiktok.com/api/v1/share/AJ9uVc5pNGuk,,,,,,,,,,
,https://p16-oec-sg.ibyteimg.com/tos-alisg-i-aphluv4xwc-sg/094a344a7c654de8ae01046909596cee~tplv-aphluv4xwc-resize-jpeg:600:600.jpeg?dr=15584&from=520841845&idc=my&ps=933b5bde&shcp=6c17ea28&shp=1f0b6a75&t=555f072d,1729398745545411847,"LANBENA Philippines
主推",美妆与个护,护肤,317825,"【Official】LANBENA Upgraded 2.0, Blackhead Removal Mask, 60 pcs Nose Strips, Peeling Mask, Pore Cleanser, For All Skin Types, 30g",4.8,是,₱239.00-₱499.00,https://affiliate.tiktok.com/api/v1/share/AItKnxgrbXxj,,,,,,,,,,
,https://p16-oec-sg.ibyteimg.com/tos-alisg-i-aphluv4xwc-sg/cfbf37faa9f44e5c89f02716ddddcce6~tplv-aphluv4xwc-resize-jpeg:600:600.jpeg?dr=15584&from=520841845&idc=my&ps=933b5bde&shcp=6c17ea28&shp=1f0b6a75&t=555f072d,1736048732406777095,LANBENA Philippines,美妆与个护,沐浴身体护理,1738,"【New Packaging】【FDA】LANBENA Niacinamide Sunscreen SPF50 PA++++(50g),Whitening,Brightening,Waterproof,Sunblock Sweat,Lightweight,Non-Greasy,No White Cast,Long Lasting,Easy To Blend, UV Sun Protection,For All Skin Type",4.6,是,₱132.00,https://affiliate.tiktok.com/api/v1/share/ALDaRZx3LzkQ,,,,,,,,,,
,https://p16-oec-sg.ibyteimg.com/tos-alisg-i-aphluv4xwc-sg/b655ad2ae59145cc807b7698d63d0940~tplv-aphluv4xwc-resize-jpeg:600:600.jpeg?dr=15584&from=520841845&idc=my&ps=933b5bde&shcp=6c17ea28&shp=1f0b6a75&t=555f072d,1729685980720040199,LANBENA Philippines,美妆与个护,手足指甲护理,58993,"【Official】LANBENA Foot Mask Exfoliating Foot Peel Mask Remove Dead Skin Foot Mask Peeling Cuticles Heel 1pair, Nail",4.8,是,₱119.00-₱319.00,https://affiliate.tiktok.com/api/v1/share/AItKnxggsjqh,,,,,,,,,,
,https://p16-oec-sg.ibyteimg.com/tos-alisg-i-aphluv4xwc-sg/c132d134882946cf9e0ebd80e68de7eb~tplv-aphluv4xwc-resize-jpeg:600:600.jpeg?dr=15584&from=520841845&idc=my&ps=933b5bde&shcp=6c17ea28&shp=1f0b6a75&t=555f072d,1729768674463090951,LANBENA Philippines,美妆与个护,护肤,41849,"【Official】 LANBENA Upgraded 2.0 Blackhead Removal Mask,60 pcs Nose Strips,Peeling Mask,Pore Cleanser,For All Skin Types,30g Skincare Comfort",4.8,是,₱170.00-₱339.00,https://affiliate.tiktok.com/api/v1/share/AJX7vXs3fP4X,,,,,,,,,,
,https://p16-oec-sg.ibyteimg.com/tos-alisg-i-aphluv4xwc-sg/ca56777c3d9c4c298f304709b0e67767~tplv-aphluv4xwc-resize-jpeg:600:600.jpeg?dr=15584&from=520841845&idc=my&ps=933b5bde&shcp=6c17ea28&shp=1f0b6a75&t=555f072d,1729989983661492487,LANBENA Philippines,美妆与个护,护肤,1614,"【Official】LANBENA MOIST ANDREMOVING DEADCELL EXFOLIATINGPEEL SPRAY 30ml, Skincare, Skin Repair",4.6,是,₱199.00,https://affiliate.tiktok.com/api/v1/share/AJBUEH1w9ULs,,,,,,,,,,
,https://p16-oec-sg.ibyteimg.com/tos-alisg-i-aphluv4xwc-sg/a8543c6b7f6e48d988c6f280cc84307d~tplv-aphluv4xwc-resize-jpeg:600:600.jpeg?dr=15584&from=520841845&idc=my&ps=933b5bde&shcp=6c17ea28&shp=1f0b6a75&t=555f072d,1736615615749915800,"Dr.Flash-PH
主推",美妆与个护,美容电器,1222,"【New Series】Dr. Flash S6 mini High Speed Hair Dryer Blower,Professional Hair Blower Dryer with Magnetic Nozzle,Fast Drying,3 in 1 Powerful Hair Dryer for Smooth Styling",4.7,是,"₱1,118.99",https://affiliate.tiktok.com/api/v1/share/ALHBILZjZdNn,,,,,,,,,,
,https://p16-oec-sg.ibyteimg.com/tos-alisg-i-aphluv4xwc-sg/36b517f0651647b6be34e6de217ae542~tplv-aphluv4xwc-resize-jpeg:600:600.jpeg?dr=15584&from=520841845&idc=my&ps=933b5bde&shcp=6c17ea28&shp=1f0b6a75&t=555f072d,1730238230560999550,"NIUMO-PH
主推",手机数码,手机配件,147724,"NIUMO Mobile phone fill light, brightness and color temperature can be adjusted, and there are also seven colors that can be controlled Built-in 50 mAh battery",4.8,是,₱159.00,https://affiliate.tiktok.com/api/v1/share/AKSh9XOJfgZ5,,,,,,,,,,
,https://p16-oec-sg.ibyteimg.com/tos-alisg-i-aphluv4xwc-sg/b1dfed487d6049098b0fa9239090a707~tplv-aphluv4xwc-resize-jpeg:600:600.jpeg?dr=15584&from=520841845&idc=my&ps=933b5bde&shcp=6c17ea28&shp=1f0b6a75&t=555f072d,1730378488256366744,"DrFlash-PH
主推",美妆与个护,美容电器,64720,"【Dr.Flash】 DR Flash hair dryer 110,000 spins high speed for fashion styling YL",4.8,是,"₱999.00-₱1,339.00",https://affiliate.tiktok.com/api/v1/share/AIuOzEwMfNMm,,,,,,,,,,
,https://p16-oec-sg.ibyteimg.com/tos-alisg-i-aphluv4xwc-sg/c9565cdf79754f3295d83fb2a34cc69b~tplv-aphluv4xwc-resize-jpeg:600:600.jpeg?dr=15584&from=520841845&idc=my&ps=933b5bde&shcp=6c17ea28&shp=1f0b6a75&t=555f072d,1731496732416509054,NIUMO-PH,运动户外,露营徒步装备,63416,NIUMO Outdoor niumoshop strong light pocket cap clip light magnetic camping atmosphere led long-lasting disaster relief emergency flashlight,4.8,是,₱199.00,https://affiliate.tiktok.com/api/v1/share/AKShHmgwxtaS,,,,,,,,,,
,https://p16-oec-sg.ibyteimg.com/tos-alisg-i-aphluv4xwc-sg/acae9b03b5a74246b6f52d790abb4a4f~tplv-aphluv4xwc-resize-jpeg:600:600.jpeg?dr=15584&from=520841845&idc=my&ps=933b5bde&shcp=6c17ea28&shp=1f0b6a75&t=555f072d,1732051849857893502,NIUMO-PH,手机数码,手机配件,6904,"NIUMO 3-in-1 Magnetic Beauty Selfie Light for Phones-360° LED Ring Light with MagSafe, Mirror and Phone Stand- Portable Rechargeable Fill Light for Makeup, Live Streaming, Video Calls",4.7,是,₱499.00,https://affiliate.tiktok.com/api/v1/share/AKShHmsGigWF,,,,,,,,,,
,https://p16-oec-sg.ibyteimg.com/tos-alisg-i-aphluv4xwc-sg/54b34b16716042d2ad27f3b21380a024~tplv-aphluv4xwc-resize-jpeg:600:600.jpeg?dr=15584&from=520841845&idc=my&ps=933b5bde&shcp=6c17ea28&shp=1f0b6a75&t=555f072d,1731271192129996488,Dr Flash-Mall,手机数码,通用配饰,99,Dr Flash High-Speed Handheld Fan Portable Turbo Fan for Summer Cooling Lightweight & Ergonomic Design with Powerful Motor and Long Battery Life - Decor,5,是,₱729.00,https://affiliate.tiktok.com/api/v1/share/AJ0qegFcqg3h,,,,,,,,,,
,https://p16-oec-sg.ibyteimg.com/tos-alisg-i-aphluv4xwc-sg/3ca0d3ad31a64d2f9a499b6dd385d622~tplv-aphluv4xwc-resize-jpeg:600:600.jpeg?dr=15584&from=520841845&idc=my&ps=933b5bde&shcp=6c17ea28&shp=1f0b6a75&t=555f072d,1732799986398102546,Jisulife-PH,家用电器,生活电器,2789,【Christmas Regalo】JISULIFE Handheld Fan10 Christmas Limited Edition Mini Fan 4000mAh Battery Rechargeable 5 Speeds Strong Wind Perfect Christmas Present Portable Electric Fan for Boys Girls Holiday Travel Home Decoration,4.9,是,"₱1,599.00",https://affiliate.tiktok.com/api/v1/share/ALbEftWoQzq5,,,,,,,,,,
,https://p16-oec-sg.ibyteimg.com/tos-alisg-i-aphluv4xwc-sg/a17a4f995b2c4f6c99f9c605db748795~tplv-aphluv4xwc-resize-jpeg:600:600.jpeg?dr=15584&from=520841845&idc=my&ps=933b5bde&shcp=6c17ea28&shp=1f0b6a75&t=555f072d,1733363739644232722,Jisulife-PH,手机数码,通用配饰,466,【Christmas Limited Box】JisuLife Handheld Fan10 Christmas Limited Edition Mini Fan 4000mAh Battery Rechargeable 5 Speeds Strong Wind Perfect Christmas Present Portable Electric Fan for Boys Girls Holiday Travel Home Decoration,4.9,是,"₱1,699.00",https://affiliate.tiktok.com/api/v1/share/ALW0gwf35rFS,,,,,,,,,,
,https://p16-oec-sg.ibyteimg.com/tos-alisg-i-aphluv4xwc-sg/0c356f10da984e5688d0088938f4544e~tplv-aphluv4xwc-resize-jpeg:600:600.jpeg?dr=15584&from=520841845&idc=my&ps=933b5bde&shcp=6c17ea28&shp=1f0b6a75&t=555f072d,1736403827501007890,Jisulife-PH,手机数码,通用配饰,590,【NEW】JISULIFE Handheld Fan Pro1s New Upgrade Rechargeable Strong Wind 100 Gear Wind Speed Metal Body Digital Display Adjustable TurboFan For Commuting Outdoor Sports,4.8,是,"₱3,099.00",https://affiliate.tiktok.com/api/v1/share/ALEi24bT5KKX,,,,,,,,,,
,https://p16-oec-sg.ibyteimg.com/tos-alisg-i-aphluv4xwc-sg/96ea9e3409e2400baccb8f000390929e~tplv-aphluv4xwc-resize-jpeg:600:600.jpeg?dr=15584&from=520841845&idc=my&ps=933b5bde&shcp=6c17ea28&shp=1f0b6a75&t=555f072d,1732074487451124754,"Jisulife-PH
主推",手机数码,通用配饰,21229,【JisuLife】 JISULIFE Handheld Fan Life9 &Life9 Chrome Mini Fan Rechargable New Electroplated Finish Stylish Lanyard 5000mAh Battery 5-Speed Ultra-High Wind Cool Fashion Chirsmas Birthday Gift,4.8,是,"₱846.62-₱1,863.56",https://affiliate.tiktok.com/api/v1/share/AKKTCZNaiqGx,,,,,,,,,,
,https://p16-oec-sg.ibyteimg.com/tos-alisg-i-aphluv4xwc-sg/efd3f6dadb3a4b459aee666d7033f6d4~tplv-aphluv4xwc-resize-jpeg:600:600.jpeg?dr=15584&from=520841845&idc=my&ps=933b5bde&shcp=6c17ea28&shp=1f0b6a75&t=555f072d,1730339384027088914,Jisulife-PH,手机数码,通用配饰,121284,JISULIFE Handheld Fan Life7 Mini Fan Portable Rechargeable Electric Fans 3600/5000mAh Battery Foldable USB With 5 Gears Strong Wind For Summer School Small Fans,4.9,是,"₱929.00-₱1,499.00",https://affiliate.tiktok.com/api/v1/share/AKKTCZHz98Bc,,,,,,,,,,
,https://p16-oec-sg.ibyteimg.com/tos-alisg-i-aphluv4xwc-sg/658888c8564940308b8b842e004ca1a1~tplv-aphluv4xwc-resize-jpeg:600:600.jpeg?dr=15584&from=520841845&idc=my&ps=933b5bde&shcp=6c17ea28&shp=1f0b6a75&t=555f072d,1731629395167970322,Jisulife-PH,手机数码,通用配饰,9733,JISULIFE Table Fan5 Portable USB Rechargeable Small Mini Electric Table Fan Suitable For Use In Home Car Office Desktop Camping Or Traveling,4.8,是,₱746.73,https://affiliate.tiktok.com/api/v1/share/AKKTCZNXQMGj,,,,,,,,,,
,https://p16-oec-sg.ibyteimg.com/tos-alisg-i-aphluv4xwc-sg/219838c42337403daae7dcbd003ddd40~tplv-aphluv4xwc-resize-jpeg:600:600.jpeg?dr=15584&from=520841845&idc=my&ps=933b5bde&shcp=6c17ea28&shp=1f0b6a75&t=555f072d,1735324188995912722,"Jisulife-PH
主推",手机数码,通用配饰,6511,【5.15 10:00 New Arrival-Fan 9S】JISULIFE Handheld Fan 9S Upgrade Mini Fan Stylish Strong Airflow Digital Display with 5 Gears Wind in Travel Friendly Size Perfect for Commuting Office and Shopping,4.9,是,"₱5,898.00",https://affiliate.tiktok.com/api/v1/share/AKWTmoL3ILj2,,,,,,,,,,
,https://p16-oec-sg.ibyteimg.com/tos-alisg-i-aphluv4xwc-sg/af97b4023ad14625b579c2a2ed477509~tplv-aphluv4xwc-resize-jpeg:600:600.jpeg?dr=15584&from=520841845&idc=my&ps=933b5bde&shcp=6c17ea28&shp=1f0b6a75&t=555f072d,1730181893403740178,Jisulife-PH,手机数码,通用配饰,111316,JISULIFE Handheld Fan Life5 Plus Mini Portable Hand Fan USB Rechargeable Personal Battery Operated Small Pocket Fan,4.8,是,₱606.25-₱758.04,https://affiliate.tiktok.com/api/v1/share/AKKT6kWX5xsJ,,,,,,,,,,
,https://p16-oec-sg.ibyteimg.com/tos-alisg-i-aphluv4xwc-sg/36b7de337879479799c0e698d9b298e7~tplv-aphluv4xwc-resize-jpeg:600:600.jpeg?dr=15584&from=520841845&idc=my&ps=933b5bde&shcp=6c17ea28&shp=1f0b6a75&t=555f072d,1730183791228848146,"Jisulife-PH
主推",手机数码,通用配饰,27169,JISULIFE Table Fan Life7 Rechargeable Expandable Desk Fan 8000mAh Long Battery Hours Life With Auto Shaking for Home and Office,4.8,是,"₱1,899.00",https://affiliate.tiktok.com/api/v1/share/AKKTCZHZZZNP,,,,,,,,,,
,https://p16-oec-sg.ibyteimg.com/tos-alisg-i-aphluv4xwc-sg/fd0158bffb594300a07051b4374d0e38~tplv-aphluv4xwc-resize-jpeg:600:600.jpeg?dr=15584&from=520841845&idc=my&ps=933b5bde&shcp=6c17ea28&shp=1f0b6a75&t=555f072d,1730396306665736210,Jisulife-PH,手机数码,通用配饰,10811,【Upgrade-New Arrival】JISULIFE Stroller Fan 3 Air Purification Octopus Baby Fan 5000mAh Long Battery Time Rechargeable Portable Electric Mute Turbo Table Clip Fan 100 Speeds Wind with Light For Pet Cat & Dog Car Crib Camp,4.7,是,"₱499.00-₱2,699.00",https://affiliate.tiktok.com/api/v1/share/AKwy0o8QogSl,,,,,,,,,,
,https://p16-oec-sg.ibyteimg.com/tos-alisg-i-aphluv4xwc-sg/d1c8aa3ce27340b9a64da9eb89fdf7ad~tplv-aphluv4xwc-resize-jpeg:600:600.jpeg?dr=15584&from=520841845&idc=my&ps=933b5bde&shcp=6c17ea28&shp=1f0b6a75&t=555f072d,1730396316123695122,Jisulife-PH,手机数码,通用配饰,7098,【Upgrade-New】JisuLife Stroller Fan 3 Air Purification Octopus Baby Fan 5000mAh Long Battery Time Rechargeable Portable Electric Mute Turbo Table Clip Fan 100 Speeds Wind with Light For Pet Cat & Dog Car Crib Camp,4.7,是,"₱499.00-₱2,699.00",https://affiliate.tiktok.com/api/v1/share/AKitotX15su9,,,,,,,,,,
,https://p16-oec-sg.ibyteimg.com/tos-alisg-i-aphluv4xwc-sg/190202f18bc3458c919766c5e545f25a~tplv-aphluv4xwc-resize-jpeg:600:600.jpeg?dr=15584&from=520841845&idc=my&ps=933b5bde&shcp=6c17ea28&shp=1f0b6a75&t=555f072d,1734463644439446546,Jisulife-PH,手机数码,通用配饰,433,"JISULIFE Handheld Fan Pro1 Mini Leather Textured Elegant Fan with Snap-off Pod Blowing Scent Perfect for Outdoor Shopping Dating and Party
Pro1 mini",4.7,是,"₱3,899.00",https://affiliate.tiktok.com/api/v1/share/AKOoHK8WafEj,,,,,,,,,,
,https://p16-oec-sg.ibyteimg.com/tos-alisg-i-aphluv4xwc-sg/12ded29b06784cc8ac47af30c02a1eec~tplv-aphluv4xwc-resize-jpeg:600:600.jpeg?dr=15584&from=520841845&idc=my&ps=933b5bde&shcp=6c17ea28&shp=1f0b6a75&t=555f072d,1730186069245790226,Jisulife-PH,手机数码,通用配饰,54026,JISULIFE Handheld Fan Life5 Mini Fan Portable Rechargeable Leafless Electric Fan 3 Speeds Desk Cooling Fan Suitable For Summer Outdoor Students,4.7,是,₱419.63-₱569.16,https://affiliate.tiktok.com/api/v1/share/AKKT6kWq4EfT,,,,,,,,,,
,https://p16-oec-sg.ibyteimg.com/tos-alisg-i-aphluv4xwc-sg/3c88fd8dcf9b4920b1206d73128b5a8f~tplv-aphluv4xwc-resize-jpeg:600:600.jpeg?dr=15584&from=520841845&idc=my&ps=933b5bde&shcp=6c17ea28&shp=1f0b6a75&t=555f072d,1731035065962300434,Jisulife-PH,手机数码,通用配饰,9453,【JISULIFE】 Handheld Fan Life9 Mini Portable Jet Fan Rechargeable USB Fans With 5 Gears Strong Wind Suitable For Summer Outdoor Camping,4.8,是,"₱868.70-₱1,912.17",https://affiliate.tiktok.com/api/v1/share/AKKT6lB9elOv,,,,,,,,,,
,https://p16-oec-sg.ibyteimg.com/tos-alisg-i-aphluv4xwc-sg/13b07c36142d426fb1c09a58982452a7~tplv-aphluv4xwc-resize-jpeg:600:600.jpeg?dr=15584&from=520841845&idc=my&ps=933b5bde&shcp=6c17ea28&shp=1f0b6a75&t=555f072d,1731655948975375378,Jisulife-PH,手机数码,通用配饰,31731,JISULIFE Handheld Fan Life10/10S Mini Fan 5 Speeds Strong Wind Long Battery Life Rechageable Handheld Fan Turbo Jet Fans for Outdoor and Office,4.8,是,"₱1,099.00-₱1,399.00",https://affiliate.tiktok.com/api/v1/share/AKKTCZitjpTD,,,,,,,,,,
,https://p16-oec-sg.ibyteimg.com/tos-alisg-i-aphluv4xwc-sg/fbe69edb53fb4cfe8a31f356fb4e52bc~tplv-aphluv4xwc-resize-jpeg:600:600.jpeg?dr=15584&from=520841845&idc=my&ps=933b5bde&shcp=6c17ea28&shp=1f0b6a75&t=555f072d,1731035024389604370,Jisulife-PH,手机数码,通用配饰,10203,【Limited Promotion】 JISULIFE Handheld Fan Life5 Plus Green Mini Portable Handheld Fan USB Rechargeable Long Battery Life Small Turbo Pocket Fan,4.8,是,₱634.58,https://affiliate.tiktok.com/api/v1/share/AKKT6kXC44i2,,,,,,,,,,
,https://p16-oec-sg.ibyteimg.com/tos-alisg-i-aphluv4xwc-sg/4feff202f53946ca950b3041c4953a49~tplv-aphluv4xwc-resize-jpeg:600:600.jpeg?dr=15584&from=520841845&idc=my&ps=933b5bde&shcp=6c17ea28&shp=1f0b6a75&t=555f072d,1730183830714550290,Jisulife-PH,手机数码,通用配饰,23917,JISULIFE Handheld Fan Life2 Rechargable 2000 mAh Battery 3 Speeds Soft Wind Portable Handheld Pocket Fan Small USB Desktop Table Personal Cooling Electric Fan,4.7,是,₱391.59,https://affiliate.tiktok.com/api/v1/share/AKKT6kWgiZLE,,,,,,,,,,
,https://p16-oec-sg.ibyteimg.com/tos-alisg-i-aphluv4xwc-sg/2084f9e8af664e6bb1cbbca95d162f11~tplv-aphluv4xwc-resize-jpeg:600:600.jpeg?dr=15584&from=520841845&idc=my&ps=933b5bde&shcp=6c17ea28&shp=1f0b6a75&t=555f072d,1733121134380352530,Jisulife-PH,手机数码,通用配饰,5660,"JISULIFE Stroller Fan 4 Rechargeable Portable Mini Mother&Baby Fan, Octopus & Clip Detachable Base, Bladeless Food-Grade Silicone Safe for Baby, 5 Speeds Strong Wind with Light - Ideal for Stroller, Crib, Car, Home, Office Desk, Outdoor Camping",4.8,是,"₱312.17-₱1,799.00",https://affiliate.tiktok.com/api/v1/share/AKKT6lGjrV4V,,,,,,,,,,
,https://p16-oec-sg.ibyteimg.com/tos-alisg-i-aphluv4xwc-sg/551ca1b7ad4a4ba98ff9798fe3892109~tplv-aphluv4xwc-resize-jpeg:600:600.jpeg?dr=15584&from=520841845&idc=my&ps=933b5bde&shcp=6c17ea28&shp=1f0b6a75&t=555f072d,1732564943108146194,Jisulife-PH,手机数码,通用配饰,1096,JisuLife Handheld Fan Life5 Plus Mini Portable Hand Fan USB Rechargeable Personal Battery Operated Small Pocket Fan(Life5 Plus),4.7,是,₱679.00-₱849.00,https://affiliate.tiktok.com/api/v1/share/AJLq9EvxumNc,,,,,,,,,,
,https://p16-oec-sg.ibyteimg.com/tos-alisg-i-aphluv4xwc-sg/fc23a75d45964096ae5f18f48eab7954~tplv-aphluv4xwc-resize-jpeg:600:600.jpeg?dr=15584&from=520841845&idc=my&ps=933b5bde&shcp=6c17ea28&shp=1f0b6a75&t=555f072d,1730173107519850514,Jisulife-PH,手机数码,通用配饰,19964,JISULIFE Handheld Fan Life8 Mini Fan Rechargeable Portable Handy USB Pocket Personal Cooling Electric Fan With Powerbank And Flashlight Function,4.9,是,₱399.00-₱466.36,https://affiliate.tiktok.com/api/v1/share/AKKTCZHXN4NL,,,,,,,,,,
,https://p16-oec-sg.ibyteimg.com/tos-alisg-i-aphluv4xwc-sg/941ccba6cfd94988834cf4facdb3b235~tplv-aphluv4xwc-resize-jpeg:600:600.jpeg?dr=15584&from=520841845&idc=my&ps=933b5bde&shcp=6c17ea28&shp=1f0b6a75&t=555f072d,1730183283246204946,Jisulife-PH,手机数码,通用配饰,84813,JISULIFE Handheld Fan Pro1 Pro1S Mini Fan Rechargeable Jet Fan Strong Wind 100 Gear Wind Speed Metal Body Digital Display Adjustable Turbo Fan For Commuting Outdoor Sports School,4.8,是,"₱1,292.25-₱1,981.90",https://affiliate.tiktok.com/api/v1/share/AKKT6lATrOyu,,,,,,,,,,
,https://p16-oec-sg.ibyteimg.com/tos-alisg-i-aphluv4xwc-sg/5268d818e7684135adbd6668b2c82892~tplv-aphluv4xwc-resize-jpeg:600:600.jpeg?dr=15584&from=520841845&idc=my&ps=933b5bde&shcp=6c17ea28&shp=1f0b6a75&t=555f072d,1730185881646499858,Jisulife-PH,手机数码,通用配饰,11982,JISULIFE Neck Fan Life4 5 Speeds Strong Wind Rechargeable Portable Hanging Neck Bladeless Fan Suitable For Outdoor Office School,4.7,是,"₱1,064.49",https://affiliate.tiktok.com/api/v1/share/AKKT6lAjX8cG,,,,,,,,,,
,https://p16-oec-sg.ibyteimg.com/tos-alisg-i-aphluv4xwc-sg/14e574abf7c14ae4a56e2ff6bee7eea2~tplv-aphluv4xwc-resize-jpeg:600:600.jpeg?dr=15584&from=520841845&idc=my&ps=933b5bde&shcp=6c17ea28&shp=1f0b6a75&t=555f072d,1730186008117676050,Jisulife-PH,手机数码,通用配饰,35016,JISULIFE Table Fan Life1 Personal Fan 4 Speeds Strong Wind Rechargeable Table Electric Fan Portable Mini Suitable For Office Dormitory Camping,4.9,是,₱749.00,https://affiliate.tiktok.com/api/v1/share/AKKTCZHmDc2V,,,,,,,,,,
,https://p16-oec-sg.ibyteimg.com/tos-alisg-i-aphluv4xwc-sg/132bf76441a845518586175c9dc68a50~tplv-aphluv4xwc-resize-jpeg:600:600.jpeg?dr=15584&from=520841845&idc=my&ps=933b5bde&shcp=6c17ea28&shp=1f0b6a75&t=555f072d,1730186457534531602,Jisulife-PH,手机数码,通用配饰,78240,JISULIFE Handheld Fan Life5 Mini Fan Portable Rechargeable Leafless Electric Fan 3 Speeds Desk Cooling Fan Suitable For Summer Outdoor Students,4.8,是,₱419.63-₱569.16,https://affiliate.tiktok.com/api/v1/share/AKKT6lArVclf,,,,,,,,,,
,https://p16-oec-sg.ibyteimg.com/tos-alisg-i-aphluv4xwc-sg/7de91aba314c4acdbd6876d337ca88c8~tplv-aphluv4xwc-resize-jpeg:600:600.jpeg?dr=15584&from=520841845&idc=my&ps=933b5bde&shcp=6c17ea28&shp=1f0b6a75&t=555f072d,1730186526454417426,Jisulife-PH,手机数码,通用配饰,12460,JISULIFE Outdoor Fan Life1 Ceiling Fan 8000mAh Battery USB Rechargeable Portable Household Electric Hanging Fans With Remote Control,4.9,是,"₱1,199.00",https://affiliate.tiktok.com/api/v1/share/AKKTCZHrAZWh,,,,,,,,,,
,https://p16-oec-sg.ibyteimg.com/tos-alisg-i-aphluv4xwc-sg/ad97a50be0734d818f8b989363567a2f~tplv-aphluv4xwc-resize-jpeg:600:600.jpeg?dr=15584&from=520841845&idc=my&ps=933b5bde&shcp=6c17ea28&shp=1f0b6a75&t=555f072d,1730186684624963602,Jisulife-PH,手机数码,通用配饰,210512,JISULIFE Handheld Fan Life9 Mini Portable Jet Fan Rechargeable USB Fans With 5 Gears Strong Wind Suitable For Summer Outdoor Camping,4.9,是,"₱933.64-₱1,120.56",https://affiliate.tiktok.com/api/v1/share/AKKT6kWzQ1Xy,,,,,,,,,,
,https://p16-oec-sg.ibyteimg.com/tos-alisg-i-aphluv4xwc-sg/ee9005f581884676befaa6e443c9c712~tplv-aphluv4xwc-resize-jpeg:600:600.jpeg?dr=15584&from=520841845&idc=my&ps=933b5bde&shcp=6c17ea28&shp=1f0b6a75&t=555f072d,1730339373248776210,Jisulife-PH,手机数码,通用配饰,34193,【Flash Sale】JISULIFE Handheld&Table Fan Life7 2-in-1 Mini Fan Portable Rechargeable Electric Fans 3600mAh Battery Foldable USB With 5 Gears Strong Wind Suitable for Outdoor/School/Company,4.9,是,₱746.73,https://affiliate.tiktok.com/api/v1/share/AKKT6lAwSQmH,,,,,,,,,,
,https://p16-oec-sg.ibyteimg.com/tos-alisg-i-aphluv4xwc-sg/635b3298b2a546a29e724a3bf1cf615e~tplv-aphluv4xwc-resize-jpeg:600:600.jpeg?dr=15584&from=520841845&idc=my&ps=933b5bde&shcp=6c17ea28&shp=1f0b6a75&t=555f072d,1730339406550894610,Jisulife-PH,手机数码,通用配饰,47663,JISULIFE Handheld Fan Life4 Strong Wind Mini Rechargeable Portable Hand Fan with 17.5H Battery Life Small Electric Turbo Fan LED Display Perfect for School office and outdoor commuting,4.8,是,₱599.00-₱899.00,https://affiliate.tiktok.com/api/v1/share/AKKT6kX8lVdX,,,,,,,,,,
,https://p16-oec-sg.ibyteimg.com/tos-alisg-i-aphluv4xwc-sg/76d1797b42c14eba89ab2b8084751500~tplv-aphluv4xwc-resize-jpeg:600:600.jpeg?dr=15584&from=520841845&idc=my&ps=933b5bde&shcp=6c17ea28&shp=1f0b6a75&t=555f072d,1730339433770354706,Jisulife-PH,手机数码,通用配饰,31693,JISULIFE Handheld Fan Life4 Strong Wind Mini Rechargeable Portable Hand Fan with 13H Battery Life Small Electric Turbo Fan LED Display,4.8,是,₱634.58-₱899.00,https://affiliate.tiktok.com/api/v1/share/AKKT6lB3Kce5,,,,,,,,,,
,https://p16-oec-sg.ibyteimg.com/tos-alisg-i-aphluv4xwc-sg/0593abd5a2434fa58d31b9fa9747ec66~tplv-aphluv4xwc-resize-jpeg:600:600.jpeg?dr=15584&from=520841845&idc=my&ps=933b5bde&shcp=6c17ea28&shp=1f0b6a75&t=555f072d,1730691889328916498,Jisulife-PH,手机数码,通用配饰,4021,JISULIFE X MALTESE Handheld Fan Pro1 100 Wind Speeds Mini Fans Portable LED Display Rechargeable Turbo Fan Strong Wind Speeds for School Office Outdoor Use - Perfect Birthday Gift Idea,4.7,是,"₱1,400.93",https://affiliate.tiktok.com/api/v1/share/AKKTCZI77XXs,,,,,,,,,,
,https://p16-oec-sg.ibyteimg.com/tos-alisg-i-aphluv4xwc-sg/23ff466747a641b3ac5e7ae747729a03~tplv-aphluv4xwc-resize-jpeg:600:600.jpeg?dr=15584&from=520841845&idc=my&ps=933b5bde&shcp=6c17ea28&shp=1f0b6a75&t=555f072d,1731067420089222162,Jisulife-PH,手机数码,通用配饰,867,JISULIFE Table Fan Pro 3 Rechargeable 100 Speeds Strong Wind Air Purifying Turbo Fan With Light and Digital Display For Office Outdoor Camping,4.6,是,"₱3,924.30",https://affiliate.tiktok.com/api/v1/share/AKKTCZIF5lut,,,,,,,,,,
,https://p16-oec-sg.ibyteimg.com/tos-alisg-i-aphluv4xwc-sg/e98dbc0e8df8400daf8a865df0cadd4c~tplv-aphluv4xwc-resize-jpeg:600:600.jpeg?dr=15584&from=520841845&idc=my&ps=933b5bde&shcp=6c17ea28&shp=1f0b6a75&t=555f072d,1731434140545942546,Jisulife-PH,手机数码,通用配饰,5559,【JisuLife】 Handheld Fan Life5 Plus Mini Portable Hand Fan USB Rechargeable Personal Battery Operated Small Pocket Fan,4.8,是,₱575.43-₱719.50,https://affiliate.tiktok.com/api/v1/share/AKKT6kXRSuPY,,,,,,,,,,
,https://p16-oec-sg.ibyteimg.com/tos-alisg-i-aphluv4xwc-sg/4c1d7c459b44466ba94b01b699db950b~tplv-aphluv4xwc-resize-jpeg:600:600.jpeg?dr=15584&from=520841845&idc=my&ps=933b5bde&shcp=6c17ea28&shp=1f0b6a75&t=555f072d,1732032758931162130,Jisulife-PH,手机数码,通用配饰,7436,【JisuLife】Handheld Fan Pro1 Pro1S Mini Fan Rechargeable Jet Fan Strong Wind 100 Gear Wind Speed Metal Body Digital Display Adjustable Turbo Fan For Commuting Outdoor Sports,4.8,是,"₱1,270.34-₱1,948.31",https://affiliate.tiktok.com/api/v1/share/AKKT6lGhw8ML,,,,,,,,,,
,https://p16-oec-sg.ibyteimg.com/tos-alisg-i-aphluv4xwc-sg/dba724e9b4404d7b8e9f77e0416a8f9e~tplv-aphluv4xwc-resize-jpeg:600:600.jpeg?dr=15584&from=520841845&idc=my&ps=933b5bde&shcp=6c17ea28&shp=1f0b6a75&t=555f072d,1730186546895816722,Jisulife-PH,家用电器,生活电器,7053,"JISULIFE Portable Neck Fan Life1 USB Rechargeable Bladeless 360°Adjustable Leafless Hanging Neck Hands Free Personal 4 Speeds
（Neck Fan Life1）",4.7,是,₱599.00,https://affiliate.tiktok.com/api/v1/share/AJoApdrtm8NU,,,,,,,,,,
,https://p16-oec-sg.ibyteimg.com/tos-alisg-i-aphluv4xwc-sg/74d4c0e8565e47a89b71501eec835e16~tplv-aphluv4xwc-resize-jpeg:600:600.jpeg?dr=15584&from=520841845&idc=my&ps=933b5bde&shcp=6c17ea28&shp=1f0b6a75&t=555f072d,1733544579872818194,Jisulife-PH,手机数码,通用配饰,1218,"【JISULIFE x Maltese】JISULIFE Pro1 5000mAh USB Handheld Portable Mini Fan, Limited Green Maltese Cute Fan,Suitable for Students to Use, Suitable for Outdoor Sports, Travel and Other Scenarios, Convenient to Carry(JISULIFE Pro1)",4.9,是,"₱2,499.00",https://affiliate.tiktok.com/api/v1/share/AJaV8hy8Hfxr,,,,,,,,,,
,https://p16-oec-sg.ibyteimg.com/tos-alisg-i-aphluv4xwc-sg/168aa9eecee34d9b803309303b305765~tplv-aphluv4xwc-resize-jpeg:600:600.jpeg?dr=15584&from=520841845&idc=my&ps=933b5bde&shcp=6c17ea28&shp=1f0b6a75&t=555f072d,1731557163967284242,Jisulife-PH,手机数码,通用配饰,8105,"【Limited Edition】JISULIFE Handheld Fan Life9 New Electroplated Finish Stylish Lanyard 5000mAh Battery 5-Speed Ultra-High Wind
( Life9)",4.9,是,"₱2,094.29",https://affiliate.tiktok.com/api/v1/share/AJLT561WBdPP,,,,,,,,,,
,https://p16-oec-sg.ibyteimg.com/tos-alisg-i-aphluv4xwc-sg/0491030ff9fc428a961a2c693177f3cc~tplv-aphluv4xwc-resize-jpeg:600:600.jpeg?dr=15584&from=520841845&idc=my&ps=933b5bde&shcp=6c17ea28&shp=1f0b6a75&t=555f072d,1730707628908315666,Jisulife-PH,家用电器,生活电器,1252,"JisuLife Adjustable Thick Anti-lost Lanyard Phone Strap Detachable Neck Cord Fan Tether Camera Ropes
(Outdoor Ultra 1)",4.9,是,₱299.00,https://affiliate.tiktok.com/api/v1/share/AJBnygqjcwI5,,,,,,,,,,
,https://p16-oec-sg.ibyteimg.com/tos-alisg-i-aphluv4xwc-sg/e893bd417ce7410daf96b715bfb40211~tplv-aphluv4xwc-resize-jpeg:600:600.jpeg?dr=15584&from=520841845&idc=my&ps=933b5bde&shcp=6c17ea28&shp=1f0b6a75&t=555f072d,1731556930068710418,Jisulife-PH,手机数码,通用配饰,7435,JISULFE Neck Fan Life5 Portable Pocket Mini Waist Fan 4500mAh Battery Rechargeable 100 Gears Strong Wind Bladeless Cooling with Strap for Outdoor Commuting Travle Camping Party Personal Hands Free Best Gift,4.8,是,"₱2,055.14-₱2,299.00",https://affiliate.tiktok.com/api/v1/share/AKKT6lGVYnsN,,,,,,,,,,
,https://p16-oec-sg.ibyteimg.com/tos-alisg-i-aphluv4xwc-sg/1f8e25d2e0d04d7fb7fb07a15dda0a7e~tplv-aphluv4xwc-resize-jpeg:600:600.jpeg?dr=15584&from=520841845&idc=my&ps=933b5bde&shcp=6c17ea28&shp=1f0b6a75&t=555f072d,1732123969876689938,Jisulife-PH,手机数码,通用配饰,233,【JisuLife】JISULIFE Neck Fan Life5 Dual-purpose Hanging Clip 100 Levels Cooling Flow with 4500mAh Battery Suitable for Outdoor Office(Neck Fan Life5),5,是,"₱2,299.00",https://affiliate.tiktok.com/api/v1/share/AJ8jQIULJfqO,,,,,,,,,,
,https://p16-oec-sg.ibyteimg.com/tos-alisg-i-aphluv4xwc-sg/34369436185f431e94f68a40dad0ef33~tplv-aphluv4xwc-resize-jpeg:600:600.jpeg?dr=15584&from=520841845&idc=my&ps=933b5bde&shcp=6c17ea28&shp=1f0b6a75&t=555f072d,1732032428296471570,Jisulife-PH,手机数码,通用配饰,70,【Buy 1 Take 1 Life4】JisuLife Table Fan Pro 3 Rechargeable 100 Speeds Strong Wind Air Purifying Turbo Fan With Light and Digital Display For Office Outdoor Camping(Table Fan Pro 3),5,是,"₱4,544.55",https://affiliate.tiktok.com/api/v1/share/AJ7N2AI6q0Vs,,,,,,,,,,
,https://p16-oec-sg.ibyteimg.com/tos-alisg-i-aphluv4xwc-sg/47123ca84c3c4ef6b5073dee823bf528~tplv-aphluv4xwc-resize-jpeg:600:600.jpeg?dr=15584&from=520841845&idc=my&ps=933b5bde&shcp=6c17ea28&shp=1f0b6a75&t=555f072d,1732124156272870418,Jisulife-PH,手机数码,通用配饰,127,【JisuLife】【NEW】JISULIFE x Butterbear Handheld PRO1S 5000mAh 100-level Adjustable Wind Speed Ultra-high Speed Energy-saving Bladeless Fan LED Display Power and Wind Speed Lightweight Outdoor and Indoor Use Travel Essential Be Used Both at Home,4.6,是,"₱3,059.00",https://affiliate.tiktok.com/api/v1/share/AJ7N2OYTE6GT,,,,,,,,,,
,https://p16-oec-sg.ibyteimg.com/tos-alisg-i-aphluv4xwc-sg/95847d55794942b1aadaf3326966a7f5~tplv-aphluv4xwc-resize-jpeg:600:600.jpeg?dr=15584&from=520841845&idc=my&ps=933b5bde&shcp=6c17ea28&shp=1f0b6a75&t=555f072d,1732123838645634066,Jisulife-PH,手机数码,通用配饰,6447,JisuLife Handheld Fan Life10/10S Mini Fan 5 Speeds Strong Wind Long Battery Life Rechageable Handheld Fan Turbo Jet Fans for Outdoor and Office,4.8,是,"₱1,099.00-₱1,399.00",https://affiliate.tiktok.com/api/v1/share/AKKTCZj03pRU,,,,,,,,,,
,https://p16-oec-sg.ibyteimg.com/tos-alisg-i-aphluv4xwc-sg/1b20f031a42e4bbca756a3af5cc25a67~tplv-aphluv4xwc-resize-jpeg:600:600.jpeg?dr=15584&from=520841845&idc=my&ps=933b5bde&shcp=6c17ea28&shp=1f0b6a75&t=555f072d,1730183337335162898,Jisulife-PH,手机数码,通用配饰,10389,JISULIFE Handheld Fan Ultra1 3 in 1 Portable Turbo Jet Fan Rechargeable With Air Duster Function Mini Fan With 1-100 Speeds LED Display Outdoor Camping,4.7,是,"₱2,242.06",https://affiliate.tiktok.com/api/v1/share/AKKUTEKg9x6s,,,,,,,,,,
,https://p16-oec-sg.ibyteimg.com/tos-alisg-i-aphluv4xwc-sg/6b4c117ec0d346dbb5261f852827123e~tplv-aphluv4xwc-resize-jpeg:600:600.jpeg?dr=15584&from=520841845&idc=my&ps=933b5bde&shcp=6c17ea28&shp=1f0b6a75&t=555f072d,1730614264026597394,Jisulife-PH,手机数码,通用配饰,8573,"JISULIFE Handheld Fan Ultra1 3 in 1 Portable Turbo Jet Fan Rechargeable With Air Duster Function Mini Fan With 1-100 Speeds LED Display Outdoor Camping
Ultra1",4.7,是,"₱3,499.00",https://affiliate.tiktok.com/api/v1/share/AIvUvNogeTgX,,,,,,,,,,
,https://p16-oec-sg.ibyteimg.com/tos-alisg-i-aphluv4xwc-sg/92a873688b0843e1bae4c4f621fd7ad0~tplv-aphluv4xwc-resize-jpeg:600:600.jpeg?dr=15584&from=520841845&idc=my&ps=933b5bde&shcp=6c17ea28&shp=1f0b6a75&t=555f072d,1730173422593542162,Jisulife,手机数码,通用配饰,2519,"JISULIFE Portable Neck Fan Pro 100 Speed Bladeless Air Conditioner LED Display 5000mAh USB Wearable Rechargeable Personal Fan
Neck Fan Pro",4.6,是,2349,https://affiliate.tiktok.com/api/v1/share/AJ1M67zyXSlZ,,,,,,,,,,
,https://p16-oec-sg.ibyteimg.com/tos-alisg-i-aphluv4xwc-sg/3b144bfddc1d4f89a25d5113d675966b~tplv-aphluv4xwc-resize-jpeg:600:600.jpeg?dr=15584&from=520841845&idc=my&ps=933b5bde&shcp=6c17ea28&shp=1f0b6a75&t=555f072d,1730691719888144402,Jisulife-PH,手机数码,通用配饰,5361,【Jisulife x Maltese】JISULIFE Portable Energy Saving and High Speed Small Fan Life9 X Maltese IP Collaboration Limited Edition 【Limited Edition】(life9),4.9,是,"₱1,238.06",https://affiliate.tiktok.com/api/v1/share/AJ2fDqut0B5a,,,,,,,,,,
,https://p16-oec-sg.ibyteimg.com/tos-alisg-i-aphluv4xwc-sg/0080abb50fd241158314fc15b0c13e4b~tplv-aphluv4xwc-resize-jpeg:600:600.jpeg?dr=15584&from=520841845&idc=my&ps=933b5bde&shcp=6c17ea28&shp=1f0b6a75&t=555f072d,1734495117667042937,"WEIDONGSHOP
主推
控佣11%",美妆与个护,香水香氛,58950,YILIX Limited Edition Eternal Legend 100ml Man Perfume Long lasting Fragrance,4.5,否,₱189.00-₱199.00,https://affiliate.tiktok.com/api/v1/share/AJxZvJydxKdp,,,,,,,,,,
,https://p16-oec-sg.ibyteimg.com/tos-alisg-i-aphluv4xwc-sg/a96d2e4ee4e54fd4aea9cef50906e0ae~tplv-aphluv4xwc-resize-jpeg:600:600.jpeg?dr=15584&from=520841845&idc=my&ps=933b5bde&shcp=6c17ea28&shp=1f0b6a75&t=555f072d,1734292809418770041,"WEIDONGSHOP
主推
控佣13%",美妆与个护,香水香氛,119970,YILIX 160ML Body Mist Spray Unisex DEO Body Spray Long Lasting Strong Fragrance Perfume Spray Daily Use for man and woman,4.7,否,₱179.00,https://affiliate.tiktok.com/api/v1/share/AJlQDVEtBqXP,,,,,,,,,,
,https://p16-oec-sg.ibyteimg.com/tos-alisg-i-aphluv4xwc-sg/9b4bc760e88546498154c5d376ad95d8~tplv-aphluv4xwc-resize-jpeg:600:600.jpeg?dr=15584&from=520841845&idc=my&ps=933b5bde&shcp=6c17ea28&shp=1f0b6a75&t=555f072d,1732537128130479737,"WEIDONGSHOP
主推",美妆与个护,香水香氛,198301,"YILIX Eau de Perfume - 105ml Oil Based Limited Edition Body Spray - Long Lasting Pour Homme Fragrance - Natural Scent - Blue Seduction, Red Romance, Purple Ocean",4.5,否,₱169.00,https://affiliate.tiktok.com/api/v1/share/AJDCt6AmYkVa,,,,,,,,,,
,https://p16-oec-sg.ibyteimg.com/tos-alisg-i-aphluv4xwc-sg/aaf6248c5f4048ff99873022297701b2~tplv-aphluv4xwc-resize-jpeg:600:600.jpeg?dr=15584&from=520841845&idc=my&ps=933b5bde&shcp=6c17ea28&shp=1f0b6a75&t=555f072d,1732561061179066195,WEIDONGSHOPNO2,美妆与个护,香水香氛,2833,Yilix 105ml Red Romance Perfume Oil Based Limited Edition Long Lasting Women Fragrance,4.5,否,₱169.00,https://affiliate.tiktok.com/api/v1/share/AL2JPDO53iNe,,,,,,,,,,
,https://p16-oec-sg.ibyteimg.com/tos-alisg-i-aphluv4xwc-sg/e189d6c29fa247aeaaafb09c68e956c5~tplv-aphluv4xwc-resize-jpeg:600:600.jpeg?dr=15584&from=520841845&idc=my&ps=933b5bde&shcp=6c17ea28&shp=1f0b6a75&t=555f072d,1736253176643225209,WEIDONGSHOP,美妆与个护,香水香氛,693,YILIX 160ML Body Mist Unisex Body Spray Long Lasting Powder Strong Fragrance Perfume Spray Daily Use for man and woman Golden Bliss Soft Dream Fresh Scent,4.9,否,₱358.00,https://affiliate.tiktok.com/api/v1/share/AKvaby04MNYz,,,,,,,,,,
,https://p16-oec-sg.ibyteimg.com/tos-alisg-i-aphluv4xwc-sg/9a7fc6d453d04f39a78e3644d07b6681~tplv-aphluv4xwc-resize-jpeg:600:600.jpeg?dr=15584&from=520841845&idc=my&ps=933b5bde&shcp=6c17ea28&shp=1f0b6a75&t=555f072d,1734360108209309523,WEIDONGSHOPNO2,美妆与个护,香水香氛,584,YILIX 160ML DEO Body Spray For Women & Men Long Lasting Strong Fragrance Perfume Spray Daily Use,4.4,否,₱179.00,https://affiliate.tiktok.com/api/v1/share/AL2JPEPMVNIq,,,,,,,,,,
,https://p16-oec-sg.ibyteimg.com/tos-alisg-i-aphluv4xwc-sg/2791096e9563475b91750759c0176e11~tplv-aphluv4xwc-resize-jpeg:600:600.jpeg?dr=15584&from=520841845&idc=my&ps=933b5bde&shcp=6c17ea28&shp=1f0b6a75&t=555f072d,1736849833003288185,WEIDONGSHOP,美妆与个护,香水香氛,140,"YILIX 236ml VAYALIA, DELINAN Unisex Perfume exquisite fragrance spray, last all day, gentle, non-irritating, suitable for both men and women",4.7,否,₱169.00,https://affiliate.tiktok.com/api/v1/share/ALD5de6iNwGq,,,,,,,,,,
,https://p16-oec-sg.ibyteimg.com/tos-alisg-i-aphluv4xwc-sg/28adf137f80f4fb9b95785cd09750cc8~tplv-aphluv4xwc-resize-jpeg:600:600.jpeg?dr=15584&from=520841845&idc=my&ps=933b5bde&shcp=6c17ea28&shp=1f0b6a75&t=555f072d,1734244750564820601,WEIDONGSHOP,美妆与个护,香水香氛,1689,Yilix Scents 50ML Perfume Collection Oil Based Fragrance Natural Spray High Quality Unisex,4.8,否,₱299.00,https://affiliate.tiktok.com/api/v1/share/AJkjH1afqkF2,,,,,,,,,,
,https://p16-oec-sg.ibyteimg.com/tos-alisg-i-aphluv4xwc-sg/c539f30caea94bf1b5cc2a3ecfe2a3ee~tplv-aphluv4xwc-resize-jpeg:600:600.jpeg?dr=15584&from=520841845&idc=my&ps=933b5bde&shcp=6c17ea28&shp=1f0b6a75&t=555f072d,1735495308573509459,WEIDONGSHOPNO2,美妆与个护,护肤,2471,"BUY 2 TAKE 2 Seoul Secret Whitening FACE SOAP 70g for Soft, Calm, and Naturally Brightened Skin Radiant Skin Moisturizier Skin Clean Facial Hydrating",4.6,否,₱129.00,https://affiliate.tiktok.com/api/v1/share/AL2JQSWzmCzW,,,,,,,,,,
,https://p16-oec-sg.ibyteimg.com/tos-alisg-i-aphluv4xwc-sg/e9591b49907340fa94b162fa7a4e809a~tplv-aphluv4xwc-resize-jpeg:600:600.jpeg?dr=15584&from=520841845&idc=my&ps=933b5bde&shcp=6c17ea28&shp=1f0b6a75&t=555f072d,1735338122970039929,"WEIDONGSHOP
控佣10%",美妆与个护,香水香氛,2254,YILIX Watermelon Sweet Unisex Perfume Temptations 236ml Collection Perfume Long lasting Fresh&Clean Body Spray,4.3,否,₱298.00,https://affiliate.tiktok.com/api/v1/share/AKONrxv7h29k,,,,,,,,,,
,https://p16-oec-sg.ibyteimg.com/tos-alisg-i-aphluv4xwc-sg/c3541520f24e4c5a991ad48e62b5f8b6~tplv-aphluv4xwc-resize-jpeg:600:600.jpeg?dr=15584&from=520841845&idc=my&ps=933b5bde&shcp=6c17ea28&shp=1f0b6a75&t=555f072d,1734495042226783865,"WEIDONGSHOP
控佣11%",美妆与个护,香水香氛,1874,Yilix 100ML Men Long Lasting Fragrance Mist Perfume | Eau De Toilette | Men's Perfume Cloudy Day,4.4,否,₱179.00-₱199.00,https://affiliate.tiktok.com/api/v1/share/AJxZvJdXrnTJ,,,,,,,,,,
,https://p16-oec-va.ibyteimg.com/tos-maliva-i-o3syd03w52-us/d916a7516aaa47688961c45004298075~tplv-o3syd03w52-resize-jpeg:600:600.jpeg?dr=15584&from=520841845&idc=my&ps=933b5bde&shcp=6c17ea28&shp=1f0b6a75&t=555f072d,1730982354997709433,WEIDONGSHOP,美妆与个护,香水香氛,113388,Yilix Vanilla Choco Chocolate Perfume Signature Premium Fresh Natural and Long-lasting Fragrance women's perfume,4,否,₱149.00,https://affiliate.tiktok.com/api/v1/share/AIxbjndKc4bY,,,,,,,,,,
,https://p16-oec-va.ibyteimg.com/tos-maliva-i-o3syd03w52-us/69e9439b5e0146c8865de66ff1f27f39~tplv-o3syd03w52-resize-jpeg:600:600.jpeg?dr=15584&from=520841845&idc=my&ps=933b5bde&shcp=6c17ea28&shp=1f0b6a75&t=555f072d,1731005298249468537,WEIDONGSHOP,美妆与个护,香水香氛,78560,YILIX Chocolate Perfume Sweet Vanilla Choco Fragrance 60ml Unisex Fragrance,4.6,否,₱179.00,https://affiliate.tiktok.com/api/v1/share/AIxbk8zTQQMR,,,,,,,,,,
,https://p16-oec-sg.ibyteimg.com/tos-alisg-i-aphluv4xwc-sg/943b9798d1ff4357a0dcf56890dfe98f~tplv-aphluv4xwc-resize-jpeg:600:600.jpeg?dr=15584&from=520841845&idc=my&ps=933b5bde&shcp=6c17ea28&shp=1f0b6a75&t=555f072d,1731499785574582151,"MAANGE Makeup
主推",美妆与个护,美容,24172,MAANGE Ultra Fine Waterproof Eyeliner Smudge Proof & Long Lasting,4.7,是,₱91.66-₱183.34,https://affiliate.tiktok.com/api/v1/share/AL67rSXh1HD4,,,,,,,,,,
,https://p16-oec-sg.ibyteimg.com/tos-alisg-i-aphluv4xwc-sg/21d9294f12bc4f6b91a42790461af258~tplv-aphluv4xwc-resize-jpeg:600:600.jpeg?dr=15584&from=520841845&idc=my&ps=933b5bde&shcp=6c17ea28&shp=1f0b6a75&t=555f072d,1731586453495318407,"MAANGE Makeup
主推",美妆与个护,美容,18623,【Limited】MAANGE Multi-Use Blush Stick - Creamy & Buildable,4.7,是,"₱159.00-₱1,150.00",https://affiliate.tiktok.com/api/v1/share/AJHPnTUwByjj,,,,,,,,,,
,https://p16-oec-sg.ibyteimg.com/tos-alisg-i-aphluv4xwc-sg/aab48e47c3144388a1c73d132416f9ab~tplv-aphluv4xwc-resize-jpeg:600:600.jpeg?dr=15584&from=520841845&idc=my&ps=933b5bde&shcp=6c17ea28&shp=1f0b6a75&t=555f072d,1731279272244184967,"MAANGE Makeup
主推",美妆与个护,美容,218340,MAANGE 3 PCS Professional Makeup Brush Set Foundation Brush Blusher brush With Triangle Powder Puffs Soft Fiber Beauty Tool 51493,4.7,是,₱158.90-₱397.60,https://affiliate.tiktok.com/api/v1/share/AJb3hosEKgDs,,,,,,,,,,
,https://p16-oec-sg.ibyteimg.com/tos-alisg-i-aphluv4xwc-sg/06222558fd2c46cdb1e781242552a6d2~tplv-aphluv4xwc-resize-jpeg:600:600.jpeg?dr=15584&from=520841845&idc=my&ps=933b5bde&shcp=6c17ea28&shp=1f0b6a75&t=555f072d,1731586551012624263,"MAANGE Makeup
主推",美妆与个护,美容,824529,【Limited】MAANGE Transfer-Proof Matte Lipstick - Waterproof & Hydrating,4.7,是,"₱162.73-
₱1,139.10",https://affiliate.tiktok.com/api/v1/share/AJ6qImRiI3ad,,,,,,,,,,
,https://p16-oec-sg.ibyteimg.com/tos-alisg-i-aphluv4xwc-sg/29e16082e56f4ab9a6c4568c60ae8b46~tplv-aphluv4xwc-resize-jpeg:600:600.jpeg?dr=15584&from=520841845&idc=my&ps=933b5bde&shcp=6c17ea28&shp=1f0b6a75&t=555f072d,1731657175964288903,"MAANGE Makeup
主推",美妆与个护,美容,325680,【Limited】MAANGE Full Coverage Concealer - Hydrating & Longwear,4.7,是,₱129.00-₱300.00,https://affiliate.tiktok.com/api/v1/share/AJTNqLIPv2th,,,,,,,,,,
,https://p16-oec-sg.ibyteimg.com/tos-alisg-i-aphluv4xwc-sg/4e59454b1c934d7cac926805a970f422~tplv-aphluv4xwc-resize-jpeg:600:600.jpeg?dr=15584&from=520841845&idc=my&ps=933b5bde&shcp=6c17ea28&shp=1f0b6a75&t=555f072d,1731586643031984007,"MAANGE Makeup
主推",美妆与个护,美容,264489,【Limited】MAANGE Liquid Blush - Velvet Finish & Long-Lasting,4.7,是,"₱139.00-
₱800.00",https://affiliate.tiktok.com/api/v1/share/AJAuZ2FiSR6w,,,,,,,,,,
,https://p16-oec-sg.ibyteimg.com/tos-alisg-i-aphluv4xwc-sg/d200fd3c28934645857f4ed98792cf12~tplv-aphluv4xwc-resize-jpeg:600:600.jpeg?dr=15584&from=520841845&idc=my&ps=933b5bde&shcp=6c17ea28&shp=1f0b6a75&t=555f072d,1731519521264732039,"MAANGE Makeup
主推",美妆与个护,美容,149440,MAANGE Transfer-Proof Matte Lipstick - Waterproof & Hydrating,4.6,是,₱149.00,https://affiliate.tiktok.com/api/v1/share/AJ50nUhKjK2H,,,,,,,,,,
,https://p16-oec-sg.ibyteimg.com/tos-alisg-i-aphluv4xwc-sg/a341762fe0ef488896f5090e841a0e41~tplv-aphluv4xwc-resize-jpeg:600:600.jpeg?dr=15584&from=520841845&idc=my&ps=933b5bde&shcp=6c17ea28&shp=1f0b6a75&t=555f072d,1735380557971227972,Breteil,美妆与个护,美容,7345,"Breteil Triangle + Round Teardrop Velour Puff Set – Two Shapes, Full Coverage, Double-Sided",4.8,是,₱39.00-₱59.00,https://affiliate.tiktok.com/api/v1/share/AKoeRa1cPLFd,,,,,,,,,,
,https://p16-oec-sg.ibyteimg.com/tos-alisg-i-aphluv4xwc-sg/bf569e07e18e43d5bac44648121e91a2~tplv-aphluv4xwc-resize-jpeg:600:600.jpeg?dr=15584&from=520841845&idc=my&ps=933b5bde&shcp=6c17ea28&shp=1f0b6a75&t=555f072d,1735359712549373252,Breteil,美妆与个护,美容,2991,"Breteil Precision Metal Eyelash Curler – Beginner-Friendly, Fits Eye Shape, High-Elasticity Silicone Pad, Natural Curl",4.6,是,₱55.00,https://affiliate.tiktok.com/api/v1/share/AL4yq7lfJZl9,,,,,,,,,,
,https://p16-oec-sg.ibyteimg.com/tos-alisg-i-aphluv4xwc-sg/7d179bb51896412a8e8616df6fe49d44~tplv-aphluv4xwc-resize-jpeg:600:600.jpeg?dr=15584&from=520841845&idc=my&ps=933b5bde&shcp=6c17ea28&shp=1f0b6a75&t=555f072d,1735805571756557636,Breteil,美妆与个护,美容,2861,"Breteil Powder Puff Oil Blotting Kit – Oil Paper + Puff + Mirror 3-in-1, Portable & Efficient",4.6,是,₱39.00-₱86.00,https://affiliate.tiktok.com/api/v1/share/AL4yq8TgF0c6,,,,,,,,,,
,https://p16-oec-sg.ibyteimg.com/tos-alisg-i-aphluv4xwc-sg/7e3b17485c8e4ffd95bee645611b656a~tplv-aphluv4xwc-resize-jpeg:600:600.jpeg?dr=15584&from=520841845&idc=my&ps=933b5bde&shcp=6c17ea28&shp=1f0b6a75&t=555f072d,1735805983264113988,Breteil,美妆与个护,美容,1186,"Breteil Leather Thumb Puff Set , Wide Ribbon, Fine Tip, Easy to Clean",4.8,是,₱36.00-₱69.00,https://affiliate.tiktok.com/api/v1/share/AL4yq7fvU7lA,,,,,,,,,,
,https://p16-oec-sg.ibyteimg.com/tos-alisg-i-aphluv4xwc-sg/0193c3c42e8c4a3cafec91a22d666042~tplv-aphluv4xwc-resize-jpeg:600:600.jpeg?dr=15584&from=520841845&idc=my&ps=933b5bde&shcp=6c17ea28&shp=1f0b6a75&t=555f072d,1735636582652675396,Breteil,美妆与个护,美容,490,"Breteil Makeup Sponge Collection – 4 Shapes Available, 360° Coverage, Soft & Bouncy, Saves Product, Wet & Dry Use",4.8,是,₱36.00-₱56.00,https://affiliate.tiktok.com/api/v1/share/AKoeRaLtd1aQ,,,,,,,,,,
,https://p16-oec-sg.ibyteimg.com/tos-alisg-i-aphluv4xwc-sg/3c3c90112fea48dfba1d34a35d1762b5~tplv-aphluv4xwc-resize-jpeg:600:600.jpeg?dr=15584&from=520841845&idc=my&ps=933b5bde&shcp=6c17ea28&shp=1f0b6a75&t=555f072d,1731746580234602375,MAANGE Makeup,美妆与个护,美容,51535,【Limited】MAANGE Volume & Length Mascara - 12H Waterproof,4.8,是,₱199.00-₱340.00,https://affiliate.tiktok.com/api/v1/share/AJHPnTUvN17o,,,,,,,,,,
,https://p16-oec-sg.ibyteimg.com/tos-alisg-i-aphluv4xwc-sg/754bf4e3943c43a5b554b69a641cf1b8~tplv-aphluv4xwc-resize-jpeg:600:600.jpeg?dr=15584&from=520841845&idc=my&ps=933b5bde&shcp=6c17ea28&shp=1f0b6a75&t=555f072d,1731519555461482375,MAANGE Makeup,美妆与个护,美容,105608,MAANGE 3D Sculpting Brow Pencil - Waterproof & Ultra-Pigmented,4.7,是,₱99.00,https://affiliate.tiktok.com/api/v1/share/AJDEYPkkalRK,,,,,,,,,,
,https://p16-oec-sg.ibyteimg.com/tos-alisg-i-aphluv4xwc-sg/a189a95f270d4c778f5ee7ffdc6b37ce~tplv-aphluv4xwc-resize-jpeg:600:600.jpeg?dr=15584&from=520841845&idc=my&ps=933b5bde&shcp=6c17ea28&shp=1f0b6a75&t=555f072d,1735637917961389959,MAANGE Makeup,美妆与个护,美容,38,【Best Selling】MAANGE Smudge Proof Gel Brow & Eyeliner Multi Purpose & Long Lasting,5,是,₱139.00-₱270.00,https://affiliate.tiktok.com/api/v1/share/ALEPHrP2NmhX,,,,,,,,,,
,https://p16-oec-sg.ibyteimg.com/tos-alisg-i-aphluv4xwc-sg/ec22472137084972a257cb17f13a4ea9~tplv-aphluv4xwc-resize-jpeg:600:600.jpeg?dr=15584&from=520841845&idc=my&ps=933b5bde&shcp=6c17ea28&shp=1f0b6a75&t=555f072d,1736468135744406852,Breteil,美妆与个护,护肤,50,"Breitel Micropore Cotton Pads – Thin & Comfortable, Holds Liquid Well, Strong & Tear-Resistant, Stays Put During Compresses, Multi-Use for Mask, Cleanse, Makeup & Nail Removal",4.5,是,₱69.00-₱109.00,https://affiliate.tiktok.com/api/v1/share/ALEPEqsWbkoe,,,,,,,,,,
,https://p16-oec-sg.ibyteimg.com/tos-alisg-i-aphluv4xwc-sg/3e12135ddd1145bab5c4bf314cc605fa~tplv-aphluv4xwc-resize-jpeg:600:600.jpeg?dr=15584&from=520841845&idc=my&ps=933b5bde&shcp=6c17ea28&shp=1f0b6a75&t=555f072d,1736420059504674116,Breteil,美妆与个护,美容,1976,"Breteil Double-Sided Cushion Puff – Expands with Water, Wet & Dry Use, Saves Product, Soft & Bouncy",4.7,是,₱36.00-₱69.00,https://affiliate.tiktok.com/api/v1/share/AL4yq7lfag0g,,,,,,,,,,
,https://p16-oec-sg.ibyteimg.com/tos-alisg-i-aphluv4xwc-sg/674591efb0d5467e95f34ac768793d2f~tplv-aphluv4xwc-resize-jpeg:600:600.jpeg?dr=15584&from=520841845&idc=my&ps=933b5bde&shcp=6c17ea28&shp=1f0b6a75&t=555f072d,1731519072436127623,MAANGE Makeup,美妆与个护,美容,2284,【Limited】MAANGE Matte Setting Spray - Oil Control & Hydrating,4.6,是,₱199.00-₱380.00,https://affiliate.tiktok.com/api/v1/share/AKoefdEp8NjZ,,,,,,,,,,
,https://p16-oec-sg.ibyteimg.com/tos-alisg-i-aphluv4xwc-sg/67e9cd3ef99e495aab0f9a6ee66867f4~tplv-aphluv4xwc-resize-jpeg:600:600.jpeg?dr=15584&from=520841845&idc=my&ps=933b5bde&shcp=6c17ea28&shp=1f0b6a75&t=555f072d,1731845509750031891,MAGEFY Makeup,美妆与个护,美容,324,【Limited】MAGEFY 6-Color Eyeshadow Palette - Highly Pigmented & Long-Lasting,5,是,₱168.99-₱720.00,https://affiliate.tiktok.com/api/v1/share/AKiDQbDES8M9,,,,,,,,,,
,https://p16-oec-sg.ibyteimg.com/tos-alisg-i-aphluv4xwc-sg/853a51e243ee4aa5b3f37d42eb63b8ea~tplv-aphluv4xwc-resize-jpeg:600:600.jpeg?dr=15584&from=520841845&idc=my&ps=933b5bde&shcp=6c17ea28&shp=1f0b6a75&t=555f072d,1732691478663890823,MAANGE Makeup,美妆与个护,美容,97740,"【Limited】MAANGE Satin Lock Lip Glaze – 16H Wear, Plump & Hydrating",4.7,是,₱180.91,https://affiliate.tiktok.com/api/v1/share/AJK1RpAPTNM4,,,,,,,,,,
,https://p16-oec-sg.ibyteimg.com/tos-alisg-i-aphluv4xwc-sg/8745d18039f64f01b5028b77c1e8f65c~tplv-aphluv4xwc-resize-jpeg:600:600.jpeg?dr=15584&from=520841845&idc=my&ps=933b5bde&shcp=6c17ea28&shp=1f0b6a75&t=555f072d,1731279376934406023,MAANGE Makeup,美妆与个护,美容,83614,MAANGE Makeup Brush Set Foundation Brush Eyebrow Brush Blush Brush Soft Fiber Wool Facial And Eye Beauty Tool High Quality 52037,4.7,是,₱120.12-₱499.10,https://affiliate.tiktok.com/api/v1/share/AJb3d7LHeRJG,,,,,,,,,,
,https://p16-oec-sg.ibyteimg.com/tos-alisg-i-aphluv4xwc-sg/fd92e5ceafee4e9ea6e7853993fc9cfa~tplv-aphluv4xwc-resize-jpeg:600:600.jpeg?dr=15584&from=520841845&idc=my&ps=933b5bde&shcp=6c17ea28&shp=1f0b6a75&t=555f072d,1732319988194314119,MAANGE Makeup,美妆与个护,美容,7285,【Limited】MAANGE Oil-Control Matte Powder - Poreless & Waterproof,4.8,是,₱219.00-₱354.99,https://affiliate.tiktok.com/api/v1/share/AJmmnD044LJF,,,,,,,,,,
,https://p16-oec-sg.ibyteimg.com/tos-alisg-i-aphluv4xwc-sg/a189a95f270d4c778f5ee7ffdc6b37ce~tplv-aphluv4xwc-resize-jpeg:600:600.jpeg?dr=15584&from=520841845&idc=my&ps=933b5bde&shcp=6c17ea28&shp=1f0b6a75&t=555f072d,1731519538305533831,MAANGE Makeup,美妆与个护,美容,34405,【Limited】MAANGE Smudge-Proof Gel Brow & Eyeliner - Multi-Purpose & Long-Lasting,4.6,是,₱138.99-₱267.90,https://affiliate.tiktok.com/api/v1/share/AJmmYHPS2TRB,,,,,,,,,,
,https://p16-oec-sg.ibyteimg.com/tos-alisg-i-aphluv4xwc-sg/12b375d310094442b1c6f8e908709b62~tplv-aphluv4xwc-resize-jpeg:600:600.jpeg?dr=15584&from=520841845&idc=my&ps=933b5bde&shcp=6c17ea28&shp=1f0b6a75&t=555f072d,1731953546501261191,MAANGE Makeup,美妆与个护,美容,4955,MAANGE Transfer-Proof Matte Lipstick - Waterproof & Hydrating,4.7,是,₱320.00,https://affiliate.tiktok.com/api/v1/share/AJ50nV4SDJE6,,,,,,,,,,
,https://p16-oec-sg.ibyteimg.com/tos-alisg-i-aphluv4xwc-sg/e2d2c599585648b394db834f68097c2d~tplv-aphluv4xwc-resize-jpeg:600:600.jpeg?dr=15584&from=520841845&idc=my&ps=933b5bde&shcp=6c17ea28&shp=1f0b6a75&t=555f072d,1731519504774104595,MAGEFY Makeup,美妆与个护,美容,5904,"MAGEFY Glassy Lip Gloss - Transfer-Proof, Non-Sticky & Hydrating",4.6,是,₱179.00,https://affiliate.tiktok.com/api/v1/share/AJVLXw4pm06E,,,,,,,,,,
,https://p16-oec-sg.ibyteimg.com/tos-alisg-i-aphluv4xwc-sg/f107b11bb9b24abcbe4ad80b2c370e30~tplv-aphluv4xwc-resize-jpeg:600:600.jpeg?dr=15584&from=520841845&idc=my&ps=933b5bde&shcp=6c17ea28&shp=1f0b6a75&t=555f072d,1731746829073352211,MAGEFY Makeup,美妆与个护,美容,9050,【limited】MAGEFY High-Pigment Blush - Natural Finish & Long-Lasting,4.7,是,₱159.00-₱460.00,https://affiliate.tiktok.com/api/v1/share/AJVLXvqs7qZi,,,,,,,,,,
,https://p16-oec-sg.ibyteimg.com/tos-alisg-i-aphluv4xwc-sg/feab3350a177480c8b9fc7c876d89e4a~tplv-aphluv4xwc-resize-jpeg:600:600.jpeg?dr=15584&from=520841845&idc=my&ps=933b5bde&shcp=6c17ea28&shp=1f0b6a75&t=555f072d,1731592592934405651,MAGEFY Makeup,美妆与个护,美容,28917,"【Limited】MAGEFY Glassy Lip Gloss - Transfer-Proof, Non-Sticky & Hydrating",4.6,是,₱179.00-₱789.00,https://affiliate.tiktok.com/api/v1/share/AJVLXw4q2wG6,,,,,,,,,,
,https://p16-oec-sg.ibyteimg.com/tos-alisg-i-aphluv4xwc-sg/eaae9bb454924d819bc1ba74e5eac2d3~tplv-aphluv4xwc-resize-jpeg:600:600.jpeg?dr=15584&from=520841845&idc=my&ps=933b5bde&shcp=6c17ea28&shp=1f0b6a75&t=555f072d,1731586591567480339,MAGEFY Makeup,美妆与个护,美容,2206,"MAGEFY Velvet Lip Mousse - Ultra-Pigmented, Weightless Matte-L04【Limited】",4.6,是,₱179.00-₱895.00,https://affiliate.tiktok.com/api/v1/share/AJ0vMOKQtMYE,,,,,,,,,,
,https://p16-oec-sg.ibyteimg.com/tos-alisg-i-aphluv4xwc-sg/75e17dfa93fe4d6ab453a3a9680c6955~tplv-aphluv4xwc-resize-jpeg:600:600.jpeg?dr=15584&from=520841845&idc=my&ps=933b5bde&shcp=6c17ea28&shp=1f0b6a75&t=555f072d,1731586933843854867,MAGEFY Makeup,美妆与个护,美容,1778,"MAGEFY Transfer-Proof Matte Liquid Lipstick - Waterproof, Long-Lasting & Non-Drying L01【Limited】",4.5,是,₱179.00-₱537.00,https://affiliate.tiktok.com/api/v1/share/AJ0vMORAroBL,,,,,,,,,,
,https://p16-oec-sg.ibyteimg.com/tos-alisg-i-aphluv4xwc-sg/7c980e4444a047aea80cd0b2e0984cfe~tplv-aphluv4xwc-resize-jpeg:600:600.jpeg?dr=15584&from=520841845&idc=my&ps=933b5bde&shcp=6c17ea28&shp=1f0b6a75&t=555f072d,1731592390490097171,MAGEFY Makeup,美妆与个护,美容,5158,"MAGEFY Multi-Use Blush Stick - Hydrating, Matte Finish & Long-Lasting F08【Limited】",4.5,是,₱139.00-₱556.00,https://affiliate.tiktok.com/api/v1/share/AJ0vMOKRiTcz,,,,,,,,,,
,https://p16-oec-sg.ibyteimg.com/tos-alisg-i-aphluv4xwc-sg/0db6e7c42ac441b485c40fee13cea338~tplv-aphluv4xwc-resize-jpeg:600:600.jpeg?dr=15584&from=520841845&idc=my&ps=933b5bde&shcp=6c17ea28&shp=1f0b6a75&t=555f072d,1731519403653301779,MAGEFY Makeup,美妆与个护,美容,2628,"MAGEFY Multi-Use Blush Stick - Hydrating, Matte Finish & Long-Lasting",4.5,是,₱119.00-₱476.00,https://affiliate.tiktok.com/api/v1/share/AJ0Jb73KTADp,,,,,,,,,,
,https://p16-oec-sg.ibyteimg.com/tos-alisg-i-aphluv4xwc-sg/091ff136ab244e56a921307cefa0603f~tplv-aphluv4xwc-resize-jpeg:600:600.jpeg?dr=15584&from=520841845&idc=my&ps=933b5bde&shcp=6c17ea28&shp=1f0b6a75&t=555f072d,1733471695076165511,MAANGE Makeup,美妆与个护,美容,11097,【Live】MAANGE Transfer-Proof Matte Lipstick - Waterproof & Hydrating,4.7,是,₱260.00,https://affiliate.tiktok.com/api/v1/share/ALDZao1OIKOd,,,,,,,,,,
,https://p16-oec-sg.ibyteimg.com/tos-alisg-i-aphluv4xwc-sg/969357b741d848ba8632c338c74a7f71~tplv-aphluv4xwc-resize-jpeg:600:600.jpeg?dr=15584&from=520841845&idc=my&ps=933b5bde&shcp=6c17ea28&shp=1f0b6a75&t=555f072d,1733471696912549767,MAANGE Makeup,美妆与个护,美容,773,【Live】MAANGE Liquid Blush - Velvet Finish & Long-Lasting,4.7,是,₱200.00,https://affiliate.tiktok.com/api/v1/share/ALDZapDUhU2j,,,,,,,,,,
,https://p16-oec-sg.ibyteimg.com/tos-alisg-i-aphluv4xwc-sg/87a43506e9a6496ba68a3a4c9bdb69e0~tplv-aphluv4xwc-resize-jpeg:600:600.jpeg?dr=15584&from=520841845&idc=my&ps=933b5bde&shcp=6c17ea28&shp=1f0b6a75&t=555f072d,1733471777617250183,MAANGE Makeup,美妆与个护,美容,204,【Live】MAANGE Volume & Length Mascara - 12H Waterproof,4.7,是,₱280.00,https://affiliate.tiktok.com/api/v1/share/ALDZcMtthh5a,,,,,,,,,,
,https://p16-oec-sg.ibyteimg.com/tos-alisg-i-aphluv4xwc-sg/6b471336299a45378e7e009885e92e91~tplv-aphluv4xwc-resize-jpeg:600:600.jpeg?dr=15584&from=520841845&idc=my&ps=933b5bde&shcp=6c17ea28&shp=1f0b6a75&t=555f072d,1733471796432635783,MAANGE Makeup,美妆与个护,美容,147,【Live】MAANGE Multi-Use Blush Stick - Creamy & Buildable,4.8,是,₱230.00,https://affiliate.tiktok.com/api/v1/share/ALDZao1OZOBv,,,,,,,,,,
,https://p16-oec-sg.ibyteimg.com/tos-alisg-i-aphluv4xwc-sg/12b375d310094442b1c6f8e908709b62~tplv-aphluv4xwc-resize-jpeg:600:600.jpeg?dr=15584&from=520841845&idc=my&ps=933b5bde&shcp=6c17ea28&shp=1f0b6a75&t=555f072d,1735017604161898375,MAANGE Makeup,美妆与个护,美容,1,【Live】MAANGE Transfer-Proof Matte Lipstick - Waterproof & Hydrating,0,是,₱520.00,https://affiliate.tiktok.com/api/v1/share/ALDZapDUyXZs,,,,,,,,,,
,https://p16-oec-sg.ibyteimg.com/tos-alisg-i-aphluv4xwc-sg/a476c2d13fb14f008f6d9bb81e9ea3ee~tplv-aphluv4xwc-resize-jpeg:600:600.jpeg?dr=15584&from=520841845&idc=my&ps=933b5bde&shcp=6c17ea28&shp=1f0b6a75&t=555f072d,1735017674418063239,MAANGE Makeup,美妆与个护,美容,28,"【Live】MAANGE Satin Lock Lip Glaze – 16H Wear, Plump & Hydrating",4.8,是,₱280.00-₱560.00,https://affiliate.tiktok.com/api/v1/share/ALDZcMttyl77,,,,,,,,,,
,https://p16-oec-sg.ibyteimg.com/tos-alisg-i-aphluv4xwc-sg/61ab54792e504473a9d302923e1c4266~tplv-aphluv4xwc-resize-jpeg:600:600.jpeg?dr=15584&from=520841845&idc=my&ps=933b5bde&shcp=6c17ea28&shp=1f0b6a75&t=555f072d,1733796189979314055,MAANGE Makeup,美妆与个护,美容,645,【Live】MAANGE Full Coverage Concealer - Hydrating & Longwear,4.8,是,₱210.00,https://affiliate.tiktok.com/api/v1/share/ALDZnRPpEEFM,,,,,,,,,,
,https://p16-oec-sg.ibyteimg.com/tos-alisg-i-aphluv4xwc-sg/5da34d500903419dbc2d738e74f695dd~tplv-aphluv4xwc-resize-jpeg:600:600.jpeg?dr=15584&from=520841845&idc=my&ps=933b5bde&shcp=6c17ea28&shp=1f0b6a75&t=555f072d,1731704320584287759,"YYTSHOP
主推",家用纺织,床上用品,42949,Mosquito nets easy installation foldable mosquito net. 360-degree all-round Double door full coverage mosquito protection. Kulambo single double king super king size Fine Holes with Bottom,4.7,是,₱276.00-₱494.00,https://affiliate.tiktok.com/api/v1/share/AJ2IWr15JDii,,,,,,,,,,
,https://p16-oec-sg.ibyteimg.com/tos-alisg-i-aphluv4xwc-sg/c0771cce4b504163b9134e5fab87d483~tplv-aphluv4xwc-resize-jpeg:600:600.jpeg?dr=15584&from=520841845&idc=my&ps=933b5bde&shcp=6c17ea28&shp=1f0b6a75&t=555f072d,1731704543027889679,YYTSHOP,家用纺织,床上用品,1382,Blackout Dormitory Bed Privacy Curtain Multifunctional Blackout Cloth Cover Upper Bunk&Lower Bed Dormitory Curtain Mosquito Tent Table Curtain,4.4,是,₱145.00-₱368.00,https://affiliate.tiktok.com/api/v1/share/ALJgz1CWKp0G,,,,,,,,,,
,https://p16-oec-sg.ibyteimg.com/tos-alisg-i-aphluv4xwc-sg/3c720bc8c67e43e2ba35879db54ba63b~tplv-aphluv4xwc-resize-jpeg:600:600.jpeg?dr=15584&from=520841845&idc=my&ps=933b5bde&shcp=6c17ea28&shp=1f0b6a75&t=555f072d,1734401440471942671,YYTSHOP,家用纺织,家居织物,20,YYT Magnetic Window Net DIY CUT Anti Mosquito proof Window Screen iberglass Mesh Washable Blinds Anti Fly Mosquito Net Cuttable Net Window Screens for House Windows Black Frame Grey Mesh High Wind Resistance,5,是,₱275.00-₱505.00,https://affiliate.tiktok.com/api/v1/share/ALJgz1PP9lat,,,,,,,,,,
,https://p16-oec-sg.ibyteimg.com/tos-alisg-i-aphluv4xwc-sg/28962c02063b4caca25099bdaedab1c2~tplv-aphluv4xwc-resize-jpeg:600:600.jpeg?dr=15584&from=520841845&idc=my&ps=933b5bde&shcp=6c17ea28&shp=1f0b6a75&t=555f072d,1734728480594494991,YYTSHOP,家用纺织,床上用品,4,YYT Ice Cooling Blanket 2-in-1 Cool & Warm Soft Breathable Summer Blanket Anti-Bacterial Premium Blanket for Adults,0,是,₱520.00-₱775.00,https://affiliate.tiktok.com/api/v1/share/ALJgz1Wvnm4l,,,,,,,,,,
,https://p16-oec-sg.ibyteimg.com/tos-alisg-i-aphluv4xwc-sg/166a9a7ff27641afae9745d2258808b5~tplv-aphluv4xwc-resize-jpeg:600:600.jpeg?dr=15584&from=520841845&idc=my&ps=933b5bde&shcp=6c17ea28&shp=1f0b6a75&t=555f072d,1737015967934219791,YYTSHOP,家用纺织,家居织物,0,"YYT Magic Tape Hook‑and‑Loop Curtain, Mirror South‑Branch Yarn Plain Punch‑Free Waterproof Window Curtain, Removable Sticker‑On Thick Sheer Curtain for Bedroom, Classic Modern Home Decor",0,是,₱168.00-₱515.00,https://affiliate.tiktok.com/api/v1/share/ALKh3EqnvJfB,,,,,,,,,,
,https://p16-oec-sg.ibyteimg.com/tos-alisg-i-aphluv4xwc-sg/b5048b315d2e47e581363eb8ecf5189c~tplv-aphluv4xwc-resize-jpeg:600:600.jpeg?dr=15584&from=520841845&idc=my&ps=933b5bde&shcp=6c17ea28&shp=1f0b6a75&t=555f072d,1731891357258712591,YYTSHOP,家用纺织,床上用品,4891,Mosquito Nets Foldable Dust-proof Easy Installation 360-degree all-round Double door full coverage Kulambo (single double king super king size) Fine Holes with Bottom household type large children's mosquito net Sturdy and durable bracket,4.7,是,₱344.99-₱565.00,https://affiliate.tiktok.com/api/v1/share/ALEkV88c75dc,,,,,,,,,,
,https://p16-oec-sg.ibyteimg.com/tos-alisg-i-aphluv4xwc-sg/e82f6fb3b4b74d179a575cff5dbda38e~tplv-aphluv4xwc-resize-jpeg:600:600.jpeg?dr=15584&from=520841845&idc=my&ps=933b5bde&shcp=6c17ea28&shp=1f0b6a75&t=555f072d,1731704425345811983,YYTSHOP,家用纺织,家居织物,713,"YYT French Lace Curtains,Punch-free, Gauze Curtains, White Gauze Curtains, Bay Windows, Living Room, Bedroom, Balcony Partition Curtains",4.9,是,"₱89.99-₱1,015.00",https://affiliate.tiktok.com/api/v1/share/ALEkV9SKfANr,,,,,,,,,,
,https://p16-oec-sg.ibyteimg.com/tos-alisg-i-aphluv4xwc-sg/006c9dd573f149be8ed06caca9f2c8e3~tplv-aphluv4xwc-resize-jpeg:600:600.jpeg?dr=15584&from=520841845&idc=my&ps=933b5bde&shcp=6c17ea28&shp=1f0b6a75&t=555f072d,1733855588509582863,YYTSHOP,家用纺织,床上用品,417,"YYT Wearable Shawl Blanket with Button for Adults – Soft Flannel Office & Aircon Nap Blanket, Thick Double-Sided Cozy Shawl Blanket, All-Season Use Air Conditioning Cozy Blanket Comfy Blanket for Travel gift",4.7,是,₱195.00-₱349.99,https://affiliate.tiktok.com/api/v1/share/ALEkV8Th6KKg,,,,,,,,,,
,https://p16-oec-sg.ibyteimg.com/tos-alisg-i-aphluv4xwc-sg/16298c09cec6485a91bc9ac5445ff751~tplv-aphluv4xwc-resize-jpeg:600:600.jpeg?dr=15584&from=520841845&idc=my&ps=933b5bde&shcp=6c17ea28&shp=1f0b6a75&t=555f072d,1731704364104254991,YYTSHOP,家用纺织,床上用品,7622,Strong blackout bed curtain mosquito net integrated all-inclusive college dormitory single bed bunk bed dormitory curtain fully enclosed,4.8,是,₱855.00,https://affiliate.tiktok.com/api/v1/share/AJ2IWstTfa8b,,,,,,,,,,
,https://p16-oec-sg.ibyteimg.com/tos-alisg-i-aphluv4xwc-sg/35fab4143c654dc988f994b1ce6f85de~tplv-aphluv4xwc-resize-jpeg:600:600.jpeg?dr=15584&from=520841845&idc=my&ps=933b5bde&shcp=6c17ea28&shp=1f0b6a75&t=555f072d,1731704315118650895,YYTSHOP,家用纺织,床上用品,4573,New mosquito net mosquito net household bedroom mosquito net sturdy and durable fully enclosed advanced anti-fall mosquito net blackout bed curtain,4.8,是,"₱950.00-₱1,539.00",https://affiliate.tiktok.com/api/v1/share/AJ2IWqzof6Dj,,,,,,,,,,
,https://p16-oec-sg.ibyteimg.com/tos-alisg-i-aphluv4xwc-sg/958fa67f2ddd4974b9286c1a8dc7bc2f~tplv-aphluv4xwc-resize-jpeg:600:600.jpeg?dr=15584&from=520841845&idc=my&ps=933b5bde&shcp=6c17ea28&shp=1f0b6a75&t=555f072d,1732083722044671503,YYTSHOP,家用纺织,床上用品,11699,[High Quality] Nylon and Cloth Mosquito Net Cosystyle Kulambo Protection Bedrooms Deluxe Queen/Max King/Ultra Jumbo Family Size 1 to 8 People Protection for Harmful Insects,4.8,是,"₱329.00-
₱409.00",https://affiliate.tiktok.com/api/v1/share/AJ7U97DqAIFS,,,,,,,,,,
,https://p16-oec-sg.ibyteimg.com/tos-alisg-i-aphluv4xwc-sg/2f06f9cb3cdd473c84399b907bf11841~tplv-aphluv4xwc-resize-jpeg:600:600.jpeg?dr=15584&from=520841845&idc=my&ps=933b5bde&shcp=6c17ea28&shp=1f0b6a75&t=555f072d,1732359889626629647,YYTSHOP,家用纺织,床上用品,167,[New Arrival️] 3 Zipper Door Mosquito Net Solid Color Proof Curtains Single/Queen/King/Super King Size Anti-fall Stainless Steel Bracket Kulambo Soft Cotton Duvet That Can Be Used as Bedrooms Baby fall prevention Protecting privacy with bed curtains,4.7,是,"₱1,099.00-
₱1,370.00",https://affiliate.tiktok.com/api/v1/share/AJBo0Wrqxf5Y,,,,,,,,,,
,https://p16-oec-sg.ibyteimg.com/tos-alisg-i-aphluv4xwc-sg/64bc3eca47ea478e96c2ae2aaca5a4e3~tplv-aphluv4xwc-resize-jpeg:600:600.jpeg?dr=15584&from=520841845&idc=my&ps=933b5bde&shcp=6c17ea28&shp=1f0b6a75&t=555f072d,1731704575442716175,YYTSHOP,家用纺织,床上用品,5995,Solid color blanket soft sofa blanket nap blanket air conditioning blanket single/queen/king size,4.7,是,₱195.00-₱380.00,https://affiliate.tiktok.com/api/v1/share/AJ4zIFmlo4SJ,,,,,,,,,,
,https://p16-oec-sg.ibyteimg.com/tos-alisg-i-aphluv4xwc-sg/f8d53e84c8bf4160b8cd43061eeb817f~tplv-aphluv4xwc-resize-jpeg:600:600.jpeg?dr=15584&from=520841845&idc=my&ps=933b5bde&shcp=6c17ea28&shp=1f0b6a75&t=555f072d,1731455064480974821,YANYANGTIAN.mosquito net,家用纺织,床上用品,8139,YANYANGTIAN 3 Zipper Door Mosquito Net Curtain for Privacy Protection - Single/Queen/King/Super King Size,4.8,是,"₱880.94-₱2,006.50",https://affiliate.tiktok.com/api/v1/share/AKEskx8WV6JJ,,,,,,,,,,
,https://p16-oec-sg.ibyteimg.com/tos-alisg-i-aphluv4xwc-sg/b59a0a7059cd4ae0961d352dc0422681~tplv-aphluv4xwc-resize-jpeg:600:600.jpeg?dr=15584&from=520841845&idc=my&ps=933b5bde&shcp=6c17ea28&shp=1f0b6a75&t=555f072d,1730835315598067685,YANYANGTIAN.mosquito net,家用纺织,床上用品,2804,YANYANGTIAN 3 zipper door mosquito net mosquito net curtain protect privacy SINGLE/QUEEN/KING/SUPER KING SIZE bedroom mosquito net anti-fall stainless steel bracket,4.8,是,"₱1,000.00-₱2,110.00",https://affiliate.tiktok.com/api/v1/share/AKEslnEiMiJG,,,,,,,,,,
,https://p16-oec-sg.ibyteimg.com/tos-alisg-i-aphluv4xwc-sg/df768655889a4f5cb0bcb4b7a03cecab~tplv-aphluv4xwc-resize-jpeg:600:600.jpeg?dr=15584&from=520841845&idc=my&ps=933b5bde&shcp=6c17ea28&shp=1f0b6a75&t=555f072d,1731005825970047973,YANYANGTIAN.mosquito net,家用纺织,床上用品,6883,YANYANGTIAN Three Door Mosquito Net Mosquito Proof Curtains That Can Be Used as Bedrooms Single/Queen/King Mosquito Net Baby fall prevention Protecting privacy with bed curtains,4.8,是,"₱943.51-₱2,030.00",https://affiliate.tiktok.com/api/v1/share/AKEsln2IgoAD,,,,,,,,,,
,https://p16-oec-sg.ibyteimg.com/tos-alisg-i-aphluv4xwc-sg/3216cd582f0543d794db8b6737102f23~tplv-aphluv4xwc-resize-jpeg:600:600.jpeg?dr=15584&from=520841845&idc=my&ps=933b5bde&shcp=6c17ea28&shp=1f0b6a75&t=555f072d,1732358712109205477,YANYANGTIAN.mosquito net,家用纺织,床上用品,58,YANYANGTIAN New 3 Zipper Door Mosquito Net Solid Color Proof Curtains Single/Queen/King/Super King Size Anti-fall Stainless Steel Bracket Kulambo Soft Cotton Duvet That Can Be Used as Bedrooms Baby fall prevention Protecting privacy with bed curtains,4.1,是,"₱1,099.00-₱1,370.00",https://affiliate.tiktok.com/api/v1/share/AKEslnEidrhF,,,,,,,,,,
,https://p16-oec-sg.ibyteimg.com/tos-alisg-i-aphluv4xwc-sg/521288afdd954933b73f0e1c40f7cdb8~tplv-aphluv4xwc-resize-jpeg:600:600.jpeg?dr=15584&from=520841845&idc=my&ps=933b5bde&shcp=6c17ea28&shp=1f0b6a75&t=555f072d,1731855737272633317,YANYANGTIAN.mosquito net,家用纺织,床上用品,46,YANYANGTIAN New 3 Zipper Door Mosquito Net Solid Color QUEEN/KING/SUPER KING SIZE Bedroom Anti-fall Stainless Steel Bracket Kulambo Soft Cotton Duvet Mosquito Net,5,是,"₱1,450.00-₱1,650.00",https://affiliate.tiktok.com/api/v1/share/AKEsam5Reuax,,,,,,,,,,
,https://p16-oec-sg.ibyteimg.com/tos-alisg-i-aphluv4xwc-sg/e6f9e455c3cd4ec0afd64a2f49b608b1~tplv-aphluv4xwc-resize-jpeg:600:600.jpeg?dr=15584&from=520841845&idc=my&ps=933b5bde&shcp=6c17ea28&shp=1f0b6a75&t=555f072d,1731009454046940133,YANYANGTIAN.mosquito net,家用纺织,家居织物,1815,YANYANGTIAN Lace Window Curtain Privacy Door Curtain Washable Jacquard Curtain Home Decor Retractable curtain rod,4.8,是,₱90.00-₱409.00,https://affiliate.tiktok.com/api/v1/share/AKEsgwEk7Qu1,,,,,,,,,,
,https://p16-oec-sg.ibyteimg.com/tos-alisg-i-aphluv4xwc-sg/7268e6c4d57c47969cec87d4e5cba4ef~tplv-aphluv4xwc-resize-jpeg:600:600.jpeg?dr=15584&from=520841845&idc=my&ps=933b5bde&shcp=6c17ea28&shp=1f0b6a75&t=555f072d,1730641171570067429,YANYANGTIAN.mosquito net,家用纺织,床上用品,6161,YANYANGTIAN Bracket-type student dormitory mosquito net stainless steel bracket blackout curtains to protect privacy with beautiful patterns,4.8,是,₱890.00-₱932.38,https://affiliate.tiktok.com/api/v1/share/AKEsam5VVgKE,,,,,,,,,,
,https://p16-oec-sg.ibyteimg.com/tos-alisg-i-aphluv4xwc-sg/3e261925662e4789b990b35f519cf454~tplv-aphluv4xwc-resize-jpeg:600:600.jpeg?dr=15584&from=520841845&idc=my&ps=933b5bde&shcp=6c17ea28&shp=1f0b6a75&t=555f072d,1730537075078301669,YANYANGTIAN.mosquito net,家用纺织,床上用品,2257,"YANYANGTIAN Coral Fleece Blanket Super Soft Quilt Cartoon Blanket Skin Friendly Material Quilt Warm Blanket Nap blanket, shawl cover blanket",4.8,是,₱240.00-₱660.00,https://affiliate.tiktok.com/api/v1/share/AKEsi3k0vACk,,,,,,,,,,
,https://p16-oec-sg.ibyteimg.com/tos-alisg-i-aphluv4xwc-sg/e68f11809f9e4e9eab719c2fa07cae58~tplv-aphluv4xwc-resize-jpeg:600:600.jpeg?dr=15584&from=520841845&idc=my&ps=933b5bde&shcp=6c17ea28&shp=1f0b6a75&t=555f072d,1731005674647489509,YANYANGTIAN.mosquito net,家用纺织,床上用品,5438,YANYANGTIAN Double door mosquito net Full coverage mosquito net Single/double/extra large mosquito net Anti-mosquito Easy to install Foldable for storage,4.8,是,₱309.00-₱530.00,https://affiliate.tiktok.com/api/v1/share/AKEsjTg5Kcl8,,,,,,,,,,
,https://p16-oec-sg.ibyteimg.com/tos-alisg-i-aphluv4xwc-sg/1b1522f774b94e0d9e9cdad0debb68c7~tplv-aphluv4xwc-resize-jpeg:600:600.jpeg?dr=15584&from=520841845&idc=my&ps=933b5bde&shcp=6c17ea28&shp=1f0b6a75&t=555f072d,1731005845987494885,YANYANGTIAN.mosquito net,家用纺织,床上用品,858,"YANYANGTIAN Coral Fleece Blanket Super Soft Quilt Cartoon Blanket Skin Friendly Material Quilt Warm Blanket Nap blanket, shawl cover blanket",4.8,是,₱240.00-₱710.00,https://affiliate.tiktok.com/api/v1/share/AKEsjUCnbM9i,,,,,,,,,,
,https://p16-oec-sg.ibyteimg.com/tos-alisg-i-aphluv4xwc-sg/6b69d83b779b4f419ee2d3bc34b189a1~tplv-aphluv4xwc-resize-jpeg:600:600.jpeg?dr=15584&from=520841845&idc=my&ps=933b5bde&shcp=6c17ea28&shp=1f0b6a75&t=555f072d,1731005995799579621,YANYANGTIAN.mosquito net,家用纺织,家居织物,529,"YANYANGTIAN student dormitory curtains, comfortable dormitory floor curtains with ropes and hooks",4.8,是,₱135.00-₱226.00,https://affiliate.tiktok.com/api/v1/share/AKEsi3k1C9bi,,,,,,,,,,
,https://p16-oec-sg.ibyteimg.com/tos-alisg-i-aphluv4xwc-sg/dda72869bf0647f280fc5c53f8a9646e~tplv-aphluv4xwc-resize-jpeg:600:600.jpeg?dr=15584&from=520841845&idc=my&ps=933b5bde&shcp=6c17ea28&shp=1f0b6a75&t=555f072d,1731459875270133733,YANYANGTIAN.mosquito net,家用纺织,床上用品,1230,"YANYANGTIAN Coral Fleece Blanket Super Soft Quilt Cartoon Blanket Skin Friendly Material Quilt Warm Blanket Nap blanket, shawl cover blanket",4.8,是,₱205.00-₱350.00,https://affiliate.tiktok.com/api/v1/share/AKEsjTg5bjL7,,,,,,,,,,
,https://p16-oec-sg.ibyteimg.com/tos-alisg-i-aphluv4xwc-sg/8559dd899ba5444ab1b7dc672b9f7c0f~tplv-aphluv4xwc-resize-jpeg:600:600.jpeg?dr=15584&from=520841845&idc=my&ps=933b5bde&shcp=6c17ea28&shp=1f0b6a75&t=555f072d,1732083473183770597,YANYANGTIAN.mosquito net,家用纺织,床上用品,2853,YANYANGTIAN Nylon and Cloth Mosquito Net Kulambo Protection Bedrooms Deluxe Queen/Max King/Ultra Jumbo Family Size 1 to 8 People Protection for harmful insects,4.8,是,₱320.91-₱393.64,https://affiliate.tiktok.com/api/v1/share/AKEsjUCoQPq5,,,,,,,,,,
,https://p16-oec-sg.ibyteimg.com/tos-alisg-i-aphluv4xwc-sg/c88b6fceb1134ddcb2dbbffeeb102922~tplv-aphluv4xwc-resize-jpeg:600:600.jpeg?dr=15584&from=520841845&idc=my&ps=933b5bde&shcp=6c17ea28&shp=1f0b6a75&t=555f072d,1734180267378968549,YANYANGTIAN.mosquito net,家用纺织,床上用品,20,YANYANGTIAN Cartoon Flannel Blanket Super Thick Double-Layer Blanket Soft Microfiber Kumot Kid Blanket Gift For Children Single/Queen/King/Super King Size,5,是,₱450.00-₱710.00,https://affiliate.tiktok.com/api/v1/share/AKEsi3k1T5W2,,,,,,,,,,
,https://p16-oec-sg.ibyteimg.com/tos-alisg-i-aphluv4xwc-sg/024cbc8378ae47d8ba3ae7d1f910b260~tplv-aphluv4xwc-resize-jpeg:600:600.jpeg?dr=15584&from=520841845&idc=my&ps=933b5bde&shcp=6c17ea28&shp=1f0b6a75&t=555f072d,1734728617117976549,YANYANGTIAN.mosquito net,家用纺织,床上用品,111,ICE CREAM COOLING BLANKET Summer Quilt Soft Comforter Breathable Skin-friendly Cool Quilts Washable Premium Air Conditioning Quilt,4.1,是,₱490.00-₱750.00,https://affiliate.tiktok.com/api/v1/share/AKEsjTg5sjcz,,,,,,,,,,
,https://p16-oec-sg.ibyteimg.com/tos-alisg-i-aphluv4xwc-sg/ee7ea0fd69a04b8ba11a61a5be48ff25~tplv-aphluv4xwc-resize-jpeg:600:600.jpeg?dr=15584&from=520841845&idc=my&ps=933b5bde&shcp=6c17ea28&shp=1f0b6a75&t=555f072d,1733081962594338650,"Beauty Glazed
主推",美妆与个护,美容,164561,"B1T1 Lip Combo Non-Sticky Moisturizing Lip Oil & Lip Liner Set | Natural Nude, Long-Lasting Liquid Lip Gloss for Women",4.7,是,₱135.45,https://affiliate.tiktok.com/api/v1/share/AJia4UFWnusq,,,,,,,,,,
,https://p16-oec-va.ibyteimg.com/tos-maliva-i-o3syd03w52-us/584c638fe3034a7bae701b3fee78699f~tplv-o3syd03w52-resize-jpeg:600:600.jpeg?dr=15584&from=520841845&idc=my&ps=933b5bde&shcp=6c17ea28&shp=1f0b6a75&t=555f072d,1731491818861070170,Beauty Glazed,美妆与个护,美容,453,"BEAUTY GLAZED Multipurpose Liquid Blush: Lightweight texture, smudge-proof, long-lasting color, creates a natural, dewy finish.",4.7,是,₱144.55,https://affiliate.tiktok.com/api/v1/share/AJia4Wm8yl1D,,,,,,,,,,
,https://p16-oec-sg.ibyteimg.com/tos-alisg-i-aphluv4xwc-sg/35d6e5c1afca4d3ea10b4eeee1333219~tplv-aphluv4xwc-resize-jpeg:600:600.jpeg?dr=15584&from=520841845&idc=my&ps=933b5bde&shcp=6c17ea28&shp=1f0b6a75&t=555f072d,1729743905622756186,Beauty Glazed,美妆与个护,护肤,117733,BEAUTY GLAZED Rare Bright Lustrous Lip Essence Lip Oil Moisturizing Shine Shimmer Plumping Lip Tint Lip Care Lip Gloss Glaze Makeup Beauty Cruelty-Free,4.7,是,₱129.00,https://affiliate.tiktok.com/api/v1/share/AIv0rgyQCL73,,,,,,,,,,
,https://p16-oec-sg.ibyteimg.com/tos-alisg-i-aphluv4xwc-sg/e43a22bf6a454528b7d25564c5bb4825~tplv-aphluv4xwc-resize-jpeg:600:600.jpeg?dr=15584&from=520841845&idc=my&ps=933b5bde&shcp=6c17ea28&shp=1f0b6a75&t=555f072d,1730151044223372122,Beauty Glazed,美妆与个护,美容,13836,"BEAUTY GLAZED Cruelty-Free Duo of 8-Color Glossy Lip Oil and Lip Plump Buildable Lip Gloss for Radiant, Moisturized Lips",4.7,是,₱229.00,https://affiliate.tiktok.com/api/v1/share/AIv0rV1GiNHG,,,,,,,,,,
,https://p16-oec-sg.ibyteimg.com/tos-alisg-i-aphluv4xwc-sg/2e5707784b8345bc8da168cd8ace8e3f~tplv-aphluv4xwc-resize-jpeg:600:600.jpeg?dr=15584&from=520841845&idc=my&ps=933b5bde&shcp=6c17ea28&shp=1f0b6a75&t=555f072d,1730702937096357722,Beauty Glazed,美妆与个护,美容,23,"BEAUTY GLAZED Plumping Lip Oil with Chili Extract - Instant Fuller Lips! Long-lasting Hydration, Lasting Plump, Deep Nourishment, Lightens Lip Lines, Glossy Finish Lip Glow Oil,8 Colors",3.8,是,₱139.00,https://affiliate.tiktok.com/api/v1/share/AIv0rgyQTJiM,,,,,,,,,,
,https://p16-oec-sg.ibyteimg.com/tos-alisg-i-aphluv4xwc-sg/7ba33c3257874f5785cb87ddd805cf37~tplv-aphluv4xwc-resize-jpeg:600:600.jpeg?dr=15584&from=520841845&idc=my&ps=933b5bde&shcp=6c17ea28&shp=1f0b6a75&t=555f072d,1730735508424264538,Beauty Glazed,美妆与个护,美容,111884,"Face Secret 6Pcs/set,Waterproof Liners Makeup Lipliner Matte Velvet Lipstick Pen / Liptint Long Lasting Waterproof Lip Tint / Long Lasting Nude Lip Gloss Pencil / Lip",4.7,是,₱199.00,https://affiliate.tiktok.com/api/v1/share/AIv0rV1GzXaA,,,,,,,,,,
,https://p16-oec-sg.ibyteimg.com/tos-alisg-i-aphluv4xwc-sg/cb68fa71a9d14ec7ba4aa2b3c128959c~tplv-aphluv4xwc-resize-jpeg:600:600.jpeg?dr=15584&from=520841845&idc=my&ps=933b5bde&shcp=6c17ea28&shp=1f0b6a75&t=555f072d,1731004577965573978,Beauty Glazed,美妆与个护,美容,33,BEAUTY GLAZED Modern Matte Lipstick Long-lasting Waterproof Sweat-proof Not Easy to Stick Cup Lip Makeup,4,是,₱159.00,https://affiliate.tiktok.com/api/v1/share/AIvCaNuEuYcN,,,,,,,,,,
,https://p16-oec-sg.ibyteimg.com/tos-alisg-i-aphluv4xwc-sg/811ea4f142284dc7b327d1dcbf114179~tplv-aphluv4xwc-resize-jpeg:600:600.jpeg?dr=15584&from=520841845&idc=my&ps=933b5bde&shcp=6c17ea28&shp=1f0b6a75&t=555f072d,1736935601747559672,"RoyoPanda Tissue
主推",居家日用,家庭清洁用品,1530,"【BUY 3 GET 1】ROYOPANDA Wall Hanging Tissue 4 Packs Set , 130x170mm Large Size Tissue Paper, 1200 Sheets, Soft & Thick 4-Layer Napkin, Natural Wood Pulp, Strong & Absorbent, Wet and Dry Use, Space Saving Hanging Design for Home, Kitchen,",4.8,是,₱319.00,https://affiliate.tiktok.com/api/v1/share/ALONJXaE61l9,,,,,,,,,,
,https://p16-oec-sg.ibyteimg.com/tos-alisg-i-aphluv4xwc-sg/8b706a61b50e46b1996895bf09516654~tplv-aphluv4xwc-resize-jpeg:600:600.jpeg?dr=15584&from=520841845&idc=my&ps=933b5bde&shcp=6c17ea28&shp=1f0b6a75&t=555f072d,1733354590451172600,"ROYO TISSUE
主推",居家日用,家庭清洁用品,165488,【Buy 6 Get 6 】RoyoPanda 12 Packs Tissue 280 Sheets Per Pack 140mm*175mm FSC Approved Natural Bamboo Pulp Facial Tissue Bedroom Toilet Office,4.8,是,₱179.05,https://affiliate.tiktok.com/api/v1/share/AJfm5FA12PL7,,,,,,,,,,
,https://p16-oec-sg.ibyteimg.com/tos-alisg-i-aphluv4xwc-sg/05c5b87e46254aa28b1a4d65daa29a5d~tplv-aphluv4xwc-resize-jpeg:600:600.jpeg?dr=15584&from=520841845&idc=my&ps=933b5bde&shcp=6c17ea28&shp=1f0b6a75&t=555f072d,1730831383049700600,"ROYO TISSUE
主推",居家日用,家庭清洁用品,82704,"【BUY 1 TAKE 7】RoyoPanda Bamboo Household Tissues – 8 Packs, 4-Ply, 420 Sheets/Pack, 175mm × 170mm, Made from Virgin Bamboo Pulp, GB/T 20808 Certified Napkin reveuse tissue",4.8,是,₱269.00,https://affiliate.tiktok.com/api/v1/share/AJ50fSDPbhzn,,,,,,,,,,
,https://p16-oec-sg.ibyteimg.com/tos-alisg-i-aphluv4xwc-sg/cd2c435fe51b46798c8698368a000fb6~tplv-aphluv4xwc-resize-jpeg:600:600.jpeg?dr=15584&from=520841845&idc=my&ps=933b5bde&shcp=6c17ea28&shp=1f0b6a75&t=555f072d,1730289865661581560,ROYO TISSUE,居家日用,家庭清洁用品,276169,"【BUY 1 TAKE 4】ROYO PANDA Hanging Pull-out Tissues, Diamond Embossed Craft, Skin-friendly Soft, 4 Ply, 5 Packs, 140*170mm, Total 1000 Sheets Wood Nature Napkin panda tissue hanging tissue paper Raw, royo tissue",4.9,是,₱300.00,https://affiliate.tiktok.com/api/v1/share/AK7ja81cMYKD,,,,,,,,,,
,https://p16-oec-sg.ibyteimg.com/tos-alisg-i-aphluv4xwc-sg/22f7a92c2eeb440baedd5440ae187b87~tplv-aphluv4xwc-resize-jpeg:600:600.jpeg?dr=15584&from=520841845&idc=my&ps=933b5bde&shcp=6c17ea28&shp=1f0b6a75&t=555f072d,1734447162161988856,ROYO TISSUE,居家日用,家庭清洁用品,16244,"【4 Packs】Royopanda Hanging Tissue 120mm*170mm 2-ply Tissue 1 Free Hook Virgin Wood Pulp 920 Sheets Portable, Wet/Dry, Skin-Friendly, Fragrance-Free",4.4,是,₱229.00,https://affiliate.tiktok.com/api/v1/share/AK04q6Z2dYS4,,,,,,,,,,
,https://p16-oec-sg.ibyteimg.com/tos-alisg-i-aphluv4xwc-sg/b0e1f36c032b41cbaecaed39a14d2d40~tplv-aphluv4xwc-resize-jpeg:600:600.jpeg?dr=15584&from=520841845&idc=my&ps=933b5bde&shcp=6c17ea28&shp=1f0b6a75&t=555f072d,1731652771417851128,ROYO TISSUE,居家日用,家庭清洁用品,22095,【10Pcs】ROYOPANDA High Quality Facial Tissue Baby Soft Toilet Paper Thickened 155mm*175mm 4 Ply Raw Wood Pulp Paper Sheets Napkin,4.8,是,₱178.30,https://affiliate.tiktok.com/api/v1/share/AKbKe6SHTBoE,,,,,,,,,,
,https://p16-oec-sg.ibyteimg.com/tos-alisg-i-aphluv4xwc-sg/760c5f476a5246ba98168362a5ebf120~tplv-aphluv4xwc-resize-jpeg:600:600.jpeg?dr=15584&from=520841845&idc=my&ps=933b5bde&shcp=6c17ea28&shp=1f0b6a75&t=555f072d,1734842235984512248,RoyoPanda Tissue,居家日用,家庭清洁用品,967,【BUY 12 TAKE 12】ROYOPANDA 24 packs Portable Large Size pocket Tissue For Daily Use 115mm*190mm 3-ply Eco-friendly Napkin Tissue mini tissue,4.8,是,₱199.00,https://affiliate.tiktok.com/api/v1/share/AKw5SIRcqhsj,,,,,,,,,,
,https://p16-oec-sg.ibyteimg.com/tos-alisg-i-aphluv4xwc-sg/5d7cdf9d234f4757a5564b2d872bcbc2~tplv-aphluv4xwc-resize-jpeg:600:600.jpeg?dr=15584&from=520841845&idc=my&ps=933b5bde&shcp=6c17ea28&shp=1f0b6a75&t=555f072d,1731653016066295032,ROYO TISSUE,居家日用,家庭清洁用品,2614,"【BUY 1 TAKE 3】ROYOPANDA High Quality Napkin Hanging Wall Tissue Soft 4pcs Bamboo Pulp Raw Paper 130mm * 170mm 4-Ply 900 Sheets of Tissue, hanging tissue paper",4.8,是,₱209.00,https://affiliate.tiktok.com/api/v1/share/AJJbkcv2bS3Y,,,,,,,,,,
,https://p16-oec-sg.ibyteimg.com/tos-alisg-i-aphluv4xwc-sg/fa4d643aeb074a22a11534c26dc13222~tplv-aphluv4xwc-resize-jpeg:600:600.jpeg?dr=15584&from=520841845&idc=my&ps=933b5bde&shcp=6c17ea28&shp=1f0b6a75&t=555f072d,1731651548451800312,ROYO TISSUE,居家日用,家庭清洁用品,32837,"【4 PCS】 ROYOPANDA Kitchen Hanging Wall Paper Towels | 400 Sheets | Ultra Oil-Absorbent Hydra-Lock | Bamboo Pulp | R-Ultra 3D Embossing | For Cooking, Cleaning, Wipes Hanging | Eco-friendly & Kitchen Use, Free Hooks Included",4.8,是,₱319.00,https://affiliate.tiktok.com/api/v1/share/AJJb7lno7660,,,,,,,,,,
,https://p16-oec-sg.ibyteimg.com/tos-alisg-i-aphluv4xwc-sg/fb5d5f5e038f41fbb33760e33b645ff3~tplv-aphluv4xwc-resize-jpeg:600:600.jpeg?dr=15584&from=520841845&idc=my&ps=933b5bde&shcp=6c17ea28&shp=1f0b6a75&t=555f072d,1730941611070032120,ROYO TISSUE,居家日用,家庭清洁用品,52503,"【BUY 1 TAKE 5】ROYOPANDA Hanging Pull-out Tissues, Baby Monster Series, Diamond Embossed Craft, Skin-friendly Soft, 4 Ply, 6 Packs, 140*170mm, Total 1048 Sheets Wood hanging tissue paper Raw Napkin",4.9,是,₱359.00,https://affiliate.tiktok.com/api/v1/share/AJ50fSDPsc39,,,,,,,,,,
,https://p16-oec-sg.ibyteimg.com/tos-alisg-i-aphluv4xwc-sg/c598afbf177e489187a31613e5adfe8e~tplv-aphluv4xwc-resize-jpeg:600:600.jpeg?dr=15584&from=520841845&idc=my&ps=933b5bde&shcp=6c17ea28&shp=1f0b6a75&t=555f072d,1731701650975327480,ROYO TISSUE,居家日用,家庭清洁用品,26249,"【4 Packs】 ROYOPANDA KITCHEN TOWEL PRO - 225x190mm Jumbo Size *160 Sheets | 3D Wave Embossed, 99.9% Anti-Bacterial & Food Safe | Penyerap Minyak Super untuk Dapur, Stoves & Buah",4.7,是,₱199.00,https://affiliate.tiktok.com/api/v1/share/AJ50fi5SUwg9,,,,,,,,,,
,https://p16-oec-sg.ibyteimg.com/tos-alisg-i-aphluv4xwc-sg/c2ac45f3031e4edf91286a69a9598940~tplv-aphluv4xwc-resize-jpeg:600:600.jpeg?dr=15584&from=520841845&idc=my&ps=933b5bde&shcp=6c17ea28&shp=1f0b6a75&t=555f072d,1731706471986988280,ROYO TISSUE,居家日用,家庭清洁用品,14296,【8Pcs】ROYOPANA Soft and Skin Friendly Facial Tissue Paper High-quality Bamboo Pulp 138mm * 180mm 4Ply of 296 Sheets Paper Towels,4.8,是,₱169.00,https://affiliate.tiktok.com/api/v1/share/AJ50fSDQQtRc,,,,,,,,,,
,https://p16-oec-sg.ibyteimg.com/tos-alisg-i-aphluv4xwc-sg/c88e2303047349a48722c7d45e03837a~tplv-aphluv4xwc-resize-jpeg:600:600.jpeg?dr=15584&from=520841845&idc=my&ps=933b5bde&shcp=6c17ea28&shp=1f0b6a75&t=555f072d,1730647593291449592,ROYO TISSUE,居家日用,家庭清洁用品,9623,"[Buy 18 Get 4 Free]ROYO PANDA Premium Luxury Facial Tissue Baby Monster Series soft and skin-friendly Total 22 packs Each tissue measures 140*170mm, 5 layers 240 sheets per pack Complies with GB/T 20808 standards interfolded paper towel facial tissue",4.9,是,₱259.00,https://affiliate.tiktok.com/api/v1/share/AJ50fi5R7ZGX,,,,,,,,,,
,https://p16-oec-sg.ibyteimg.com/tos-alisg-i-aphluv4xwc-sg/fc3a71b684d04477a4a10c628af9af1b~tplv-aphluv4xwc-resize-jpeg:600:600.jpeg?dr=15584&from=520841845&idc=my&ps=933b5bde&shcp=6c17ea28&shp=1f0b6a75&t=555f072d,1730648406067348728,ROYO TISSUE,居家日用,家庭清洁用品,22181,【BUY 10 TAKE 20】ROYOPANDA Pocket Hanky Travel Tissues Little Monster Series each pack 200*200mm 3-ply 7 sheets per pack compliant with GB/T 20808 standards Wood Napkin mini tissue,4.9,是,₱99.00,https://affiliate.tiktok.com/api/v1/share/AJ50fSDPKcIV,,,,,,,,,,
,https://p16-oec-sg.ibyteimg.com/tos-alisg-i-aphluv4xwc-sg/db6c7d5d8d504b62b0780b7b88e074a3~tplv-aphluv4xwc-resize-jpeg:600:600.jpeg?dr=15584&from=520841845&idc=my&ps=933b5bde&shcp=6c17ea28&shp=1f0b6a75&t=555f072d,1730884336793781496,ROYO TISSUE,居家日用,家庭清洁用品,17550,"【BUY 10 TAKE 40】ROYOPANDA Macaron Series Pocket Travel Tissues 200*200mm 3-Ply, 7 Sheets per Pack | Wood Pulp Napkins | Compliant with GB/T 20808 Standards & FDA Certified mini tissue",4.9,是,₱145.30,https://affiliate.tiktok.com/api/v1/share/AJ50fi5Rff0f,,,,,,,,,,
,https://p16-oec-sg.ibyteimg.com/tos-alisg-i-aphluv4xwc-sg/b465eb17a4b44eedb604ac3152a37863~tplv-aphluv4xwc-resize-jpeg:600:600.jpeg?dr=15584&from=520841845&idc=my&ps=933b5bde&shcp=6c17ea28&shp=1f0b6a75&t=555f072d,1731077310097295608,ROYO TISSUE,居家日用,家庭清洁用品,10361,"【BUY 10 TAKE 20】ROYOPANDA 30Packs Excellent quality light luxury facial tissue paper, 30Packs 5 layers 300 sheets Wood Napkin mini interfolded paper towel",4.8,是,₱419.00,https://affiliate.tiktok.com/api/v1/share/AJ50fi5SDtXP,,,,,,,,,,
,https://p16-oec-sg.ibyteimg.com/tos-alisg-i-aphluv4xwc-sg/4faa2eb6b08b49689667eb073bb3082e~tplv-aphluv4xwc-resize-jpeg:600:600.jpeg?dr=15584&from=520841845&idc=my&ps=933b5bde&shcp=6c17ea28&shp=1f0b6a75&t=555f072d,1731097567524915448,ROYO TISSUE,居家日用,家庭清洁用品,3173,【10 Rolls】ROYO Toilet Paper Dissolvable Thick Individually Packaged 102mm*115mm Absorbent Tissue Wipes,4.7,是,₱245.00,https://affiliate.tiktok.com/api/v1/share/AJ50fSDQ9luB,,,,,,,,,,
,https://p16-oec-sg.ibyteimg.com/tos-alisg-i-aphluv4xwc-sg/34782f8b02a7446f91194dd34011556c~tplv-aphluv4xwc-resize-jpeg:600:600.jpeg?dr=15584&from=520841845&idc=my&ps=933b5bde&shcp=6c17ea28&shp=1f0b6a75&t=555f072d,1731845631111759096,ROYO TISSUE,居家日用,家庭清洁用品,1523,"【BUY 1 TAKE 1】ROYO PANDA BABY MONSTER HANGING TISSUES - 140x170mm, 4-Ply, 1048 Sheets/Pack Virgin Bamboo Pulp Skin-Friendly Face Tissues",4.7,是,₱159.00,https://affiliate.tiktok.com/api/v1/share/AJ50fi5SlpYQ,,,,,,,,,,
,https://p16-oec-sg.ibyteimg.com/tos-alisg-i-aphluv4xwc-sg/418710d3fc9247628807a3c1385bee5d~tplv-aphluv4xwc-resize-jpeg:600:600.jpeg?dr=15584&from=520841845&idc=my&ps=933b5bde&shcp=6c17ea28&shp=1f0b6a75&t=555f072d,1730577270945645748,"SKINEVER PH
主推",美妆与个护,沐浴身体护理,518429,【Daily】| Buy 1 Take 1 | SKINEVER Water Light Body Brightening Sunscreen Lotion| Water Brightening | Protect Against UV Rays,4.6,是,₱300.95-₱329.00,https://affiliate.tiktok.com/api/v1/share/AKoi7yAodA1Y,,,,,,,,,,
,https://p16-oec-sg.ibyteimg.com/tos-alisg-i-aphluv4xwc-sg/e6a258d412694820b161bef7994eb73f~tplv-aphluv4xwc-resize-jpeg:600:600.jpeg?dr=15584&from=520841845&idc=my&ps=933b5bde&shcp=6c17ea28&shp=1f0b6a75&t=555f072d,1729698334612031668,"SKINEVER PH
主推",美妆与个护,沐浴身体护理,113330,【Daily】| Buy 1 Take 1 | SKINEVER Deodorant Brightening Underarm Cream | Evens Underarm Skin Tone | brightening,4.7,是,₱217.15-₱274.29,https://affiliate.tiktok.com/api/v1/share/ALAu4q4lCwyB,,,,,,,,,,
,https://p16-oec-sg.ibyteimg.com/tos-alisg-i-aphluv4xwc-sg/e6e1afc2b4424cdbbe17d6a34d39b1c0~tplv-aphluv4xwc-resize-jpeg:600:600.jpeg?dr=15584&from=520841845&idc=my&ps=933b5bde&shcp=6c17ea28&shp=1f0b6a75&t=555f072d,1729818268486371508,"SKINEVER PH
主推",美妆与个护,沐浴身体护理,21884,【Daily】| Buy 1 Take 1 | SKINEVER WATER LIGHT Body Brightening Sunscreen Lotion（For Dark Skin) | for dark skin | UV protection | Brightening | Vitamin C,4.7,是,₱329.00,https://affiliate.tiktok.com/api/v1/share/AKoi7xuq8xvb,,,,,,,,,,
,https://p16-oec-sg.ibyteimg.com/tos-alisg-i-aphluv4xwc-sg/96e3f9a4018c4dde89db3a83dd5160c5~tplv-aphluv4xwc-resize-jpeg:600:600.jpeg?dr=15584&from=520841845&idc=my&ps=933b5bde&shcp=6c17ea28&shp=1f0b6a75&t=555f072d,1730018326697707700,SKINEVER PH,美妆与个护,护肤,215417,【Daily】| Buy 1 Take 1 | SKINEVER Salicylic Acid Refreshing Acne Soap | Deeply Cleansing | Face & Body Oil Control | Gentle For Acne-prone Skin 80G,4.8,是,₱220.38-₱229.63,https://affiliate.tiktok.com/api/v1/share/AKoi7yAlbWMy,,,,,,,,,,
,https://p16-oec-sg.ibyteimg.com/tos-alisg-i-aphluv4xwc-sg/93e2d7e98b474b30b2aea3cd55f5a466~tplv-aphluv4xwc-resize-jpeg:600:600.jpeg?dr=15584&from=520841845&idc=my&ps=933b5bde&shcp=6c17ea28&shp=1f0b6a75&t=555f072d,1730024844982323380,SKINEVER PH,美妆与个护,护肤,280277,【Daily】| SKINEVER Salicylic Acid Refreshing Scrub Cleanser | Oil Control | Deeply Cleansing | Exfoliating | Pore Minimizer | Refreshing | All Skin Types,4.7,是,₱197.59-₱211.12,https://affiliate.tiktok.com/api/v1/share/AKoi8UbJEuIB,,,,,,,,,,
,https://p16-oec-sg.ibyteimg.com/tos-alisg-i-aphluv4xwc-sg/80e25df99a20436c89e0369cccba30de~tplv-aphluv4xwc-resize-jpeg:600:600.jpeg?dr=15584&from=520841845&idc=my&ps=933b5bde&shcp=6c17ea28&shp=1f0b6a75&t=555f072d,1730928549060315316,SKINEVER PH,美妆与个护,沐浴身体护理,99404,【Daily】| Buy 1 Take 1 | SKINEVER Salicylic Acid Light Exfoliating Body Lotion Oil Control Skin Repair,4.7,是,₱251.27-₱444.54,https://affiliate.tiktok.com/api/v1/share/AJ3EY5k48L1a,,,,,,,,,,
,https://p16-oec-sg.ibyteimg.com/tos-alisg-i-aphluv4xwc-sg/079f2c29b99b43a1b75eb9bcf0f4ad97~tplv-aphluv4xwc-resize-jpeg:600:600.jpeg?dr=15584&from=520841845&idc=my&ps=933b5bde&shcp=6c17ea28&shp=1f0b6a75&t=555f072d,1730603373090866356,SKINEVER PH,美妆与个护,沐浴身体护理,12340,【Daily】| SKINEVER Niacinamide Body Sunscreen Lotion Centella Water Brightening Protect Against UV Rays,4.6,是,₱208.41,https://affiliate.tiktok.com/api/v1/share/AJ3EY5kGVTey,,,,,,,,,,
,https://p16-oec-sg.ibyteimg.com/tos-alisg-i-aphluv4xwc-sg/1cacb2d146384c5789df22769bf41d27~tplv-aphluv4xwc-resize-jpeg:600:600.jpeg?dr=15584&from=520841845&idc=my&ps=933b5bde&shcp=6c17ea28&shp=1f0b6a75&t=555f072d,1730622164505561268,SKINEVER PH,美妆与个护,护肤,198738,【Daily】| Buy 1 Take 1 |SKINEVER Salicylic Acid Refreshing Scrub Cleanser | Oil Control | Deeply Cleansing | Cleanser | Mini Pores | Skincare | Brightening,4.8,是,₱298.99-₱388.00,https://affiliate.tiktok.com/api/v1/share/ALAu3XBUz8C0,,,,,,,,,,
,https://p16-oec-sg.ibyteimg.com/tos-alisg-i-aphluv4xwc-sg/2eac8ddeafc9498a965fe4d2f3f7a52c~tplv-aphluv4xwc-resize-jpeg:600:600.jpeg?dr=15584&from=520841845&idc=my&ps=933b5bde&shcp=6c17ea28&shp=1f0b6a75&t=555f072d,1729396317156838666,"STAYOUNG.PH
主推",美妆与个护,美容电器,78120,"【5in1 Plus】STAYOUNG 5in1 Hair Styler C1 Plus, Upgrade 5 IN 1 Multifunctional Hair Dryer Styling Tool, Hot air dryer blower curler",4.6,是,"₱1,049.00-₱1,399.00",https://affiliate.tiktok.com/api/v1/share/AL66OkyquNPU,,,,,,,,,,
,https://p16-oec-sg.ibyteimg.com/tos-alisg-i-aphluv4xwc-sg/41cf7a0840c94b2ebd4dffbc139852fc~tplv-aphluv4xwc-resize-jpeg:600:600.jpeg?dr=15584&from=520841845&idc=my&ps=933b5bde&shcp=6c17ea28&shp=1f0b6a75&t=555f072d,1733038583296263198,STAYOUNG.PH.LIVE,美妆与个护,美容电器,480,"【Lavender】STAYOUNG 5 in 1 Hair Styler C1 / C1 Plus Lavender Multifunctional Hair Dryer Styling Tool, Hot air dryer blower curler Best Christmas gift",4.6,是,"₱1,399.00",https://affiliate.tiktok.com/api/v1/share/AJLcRWi179LU,,,,,,,,,,
,https://p16-oec-sg.ibyteimg.com/tos-alisg-i-aphluv4xwc-sg/69941bc41a5d4af183b02ab8abccfc48~tplv-aphluv4xwc-resize-jpeg:600:600.jpeg?dr=15584&from=520841845&idc=my&ps=933b5bde&shcp=6c17ea28&shp=1f0b6a75&t=555f072d,1729654891349706782,STAYOUNG.PH.LIVE,美妆与个护,美容电器,49023,"【5in1 Plus】STAYOUNG 2025 5in1 Hair Styler C1 Plus, Upgrade 5 IN 1 Multifunctional Hair Dryer Styling Tool, Hot air dryer blower curler",4.5,是,₱738.42-₱826.75,https://affiliate.tiktok.com/api/v1/share/AJJcMQF6NG1m,,,,,,,,,,
,https://p16-oec-sg.ibyteimg.com/tos-alisg-i-aphluv4xwc-sg/70c8b6d5fa694778ac55f125fac29a85~tplv-aphluv4xwc-resize-jpeg:600:600.jpeg?dr=15584&from=520841845&idc=my&ps=933b5bde&shcp=6c17ea28&shp=1f0b6a75&t=555f072d,1731294903964894637,SHEENARIO.PH,美妆与个护,护发造型,1483,【Epods】SHEENARIO Essence Pods Aromatic Hair Essential Oil Perfumed/Protectiv/Pocket-Sized/Personalized/Plant-Infused 5P,4.7,是,₱199.00-₱869.00,https://affiliate.tiktok.com/api/v1/share/AJ5bFWVZJ55s,,,,,,,,,,
,https://p16-oec-sg.ibyteimg.com/tos-alisg-i-aphluv4xwc-sg/433e7acbadde4f07b783e48e666eda65~tplv-aphluv4xwc-resize-jpeg:600:600.jpeg?dr=15584&from=520841845&idc=my&ps=933b5bde&shcp=6c17ea28&shp=1f0b6a75&t=555f072d,1730535054854556077,SHEENARIO.PH,美妆与个护,护发造型,13715,"SHEENARIO Moisturising Hair Care Essential Oil, Pure Plant Extract, Nature Organic Ingredients, Non-greasy, Reduces Frizz & Split Ends, Haircare Comfort, Soften Shiny Hair, Smooth Silky Repair Daily",4.9,是,₱299.00-₱999.00,https://affiliate.tiktok.com/api/v1/share/AJERVWtc4bLT,,,,,,,,,,
,https://p16-oec-sg.ibyteimg.com/tos-alisg-i-aphluv4xwc-sg/f05f5e79481e45679aba845bd901b49c~tplv-aphluv4xwc-resize-jpeg:600:600.jpeg?dr=15584&from=520841845&idc=my&ps=933b5bde&shcp=6c17ea28&shp=1f0b6a75&t=555f072d,1730632025554585866,STAYOUNG.PH,美妆与个护,美容电器,7268,"【Pink Edition】STAYOUNG 5-in-1 Hair Styler Pro, Golden Pink Special Edition5 IN 1 Multifunctional Hair Dryer Styling Tool, Detachable 5-in-1 Multi-Head Hot Air Comb, The Negative Ion Automatic Suction Hair Curl hair curler",4.7,是,"₱1,942.10",https://affiliate.tiktok.com/api/v1/share/AJHrRNuPjrZ1,,,,,,,,,,
,https://p16-oec-sg.ibyteimg.com/tos-alisg-i-aphluv4xwc-sg/1d85d24ac283447a9cfd820684e7e730~tplv-aphluv4xwc-resize-jpeg:600:600.jpeg?dr=15584&from=520841845&idc=my&ps=933b5bde&shcp=6c17ea28&shp=1f0b6a75&t=555f072d,1736522790770476062,STAYOUNG.PH.LIVE,美妆与个护,美容电器,1,"【New Arrival】STAYOUNG High-Speed Hair Dryer H1 Plus, Blows fast stykes smart,3 heat modes,save time to daily hair care,Light design,,heat protection",0,是,"₱1,098.00",https://affiliate.tiktok.com/api/v1/share/ALEeC4t7PDFx,,,,,,,,,,
,https://p16-oec-sg.ibyteimg.com/tos-alisg-i-aphluv4xwc-sg/5191cca891aa450da6132db602d70813~tplv-aphluv4xwc-resize-jpeg:600:600.jpeg?dr=15584&from=520841845&idc=my&ps=933b5bde&shcp=6c17ea28&shp=1f0b6a75&t=555f072d,1734224907499112370,"BAGSMART Store
主推",箱包,女包,22151,"BAGSMART 3-Color Elegant Women’s Wristlet Wallet – Water-Resistant Fabric, Detachable Wrist Strap, Multiple Card Slots with ID Window & Banknote Pocket, Lightweight and Practical, Perfect for Daily Use & Gifting",4.8,是,"₱638.00-₱1,078.00",https://affiliate.tiktok.com/api/v1/share/ALKg15Sq826h,,,,,,,,,,
,https://p16-oec-sg.ibyteimg.com/tos-alisg-i-aphluv4xwc-sg/9890c8ce7d9949ca98fe007ff6882bf5~tplv-aphluv4xwc-resize-jpeg:600:600.jpeg?dr=15584&from=520841845&idc=my&ps=933b5bde&shcp=6c17ea28&shp=1f0b6a75&t=555f072d,1732723644182267826,BAGSMART Store,箱包,女包,28947,"Bagsmart Multifunctional Messenger Bag, Adjustable Shoulder Strap Design, Lightweight And Spacious Capacity, Suitable For Leisure Travel, Campus Life, Fitness, Daily Crossbody Bag",4.8,是,₱695.35-₱855.24,https://affiliate.tiktok.com/api/v1/share/ALLZc6nRf1ue,,,,,,,,,,
,https://p16-oec-sg.ibyteimg.com/tos-alisg-i-aphluv4xwc-sg/91bb24592a3c405b954b02759f231674~tplv-aphluv4xwc-resize-jpeg:600:600.jpeg?dr=15584&from=520841845&idc=my&ps=933b5bde&shcp=6c17ea28&shp=1f0b6a75&t=555f072d,1735550163590154162,BAGSMART Store,箱包,女包,306,"BAGSMART x Esther Bunny, Super Soft Puffy Wristlet Wallet, Soft Lightweight Card Holder with ID Window, Zipper Coin Pocket & Multi Card Slots, Cute Travel Wallet for Daily Commute",4.8,是,₱579.07-₱695.35,https://affiliate.tiktok.com/api/v1/share/ALLZZIiJvE3K,,,,,,,,,,
,https://p16-oec-sg.ibyteimg.com/tos-alisg-i-aphluv4xwc-sg/8dd4b28d39b045158cfa48d4a65cc733~tplv-aphluv4xwc-resize-jpeg:600:600.jpeg?dr=15584&from=520841845&idc=my&ps=933b5bde&shcp=6c17ea28&shp=1f0b6a75&t=555f072d,1734226206486267826,BAGSMART Store,箱包,女包,3708,"BAGSMART Women’s Super Soft Puffy Wristlet Wallet, Stylish Color Block Design, Lightweight and Water Resistant, Multi Card Slots with ID Window, Zipper Coin Pocket, For Daily Commute Shopping",4.9,是,₱538.00,https://affiliate.tiktok.com/api/v1/share/ALKg1yrI27Wo,,,,,,,,,,
,https://p16-oec-sg.ibyteimg.com/tos-alisg-i-aphluv4xwc-sg/635fbe576dfe4022900c4232a1af0f49~tplv-aphluv4xwc-resize-jpeg:600:600.jpeg?dr=15584&from=520841845&idc=my&ps=933b5bde&shcp=6c17ea28&shp=1f0b6a75&t=555f072d,1734226320313059250,BAGSMART Store,箱包,女包,9391,"BAGSMART Women’s 5-Color Striped Wallet – Lightweight Puffy Fabric, 8 Card Slots with ID Window & Zipper Coin Pocket, Magnetic Closure, Perfect for Daily Commute & Shopping",4.9,是,₱638.00,https://affiliate.tiktok.com/api/v1/share/ALKg22bPmo0y,,,,,,,,,,
,https://p16-oec-sg.ibyteimg.com/tos-alisg-i-aphluv4xwc-sg/99ddb7fea375461ea85171d6f1980a2f~tplv-aphluv4xwc-resize-jpeg:600:600.jpeg?dr=15584&from=520841845&idc=my&ps=933b5bde&shcp=6c17ea28&shp=1f0b6a75&t=555f072d,1732284298997499826,BAGSMART Store,箱包,女包,12105,"Bagsmart Multifunctional Messenger Bag, Adjustable Shoulder Strap Design, With Earphone Key Bag, Lightweight And Spacious Capacity, Suitable For Leisure Travel, Campus Life, Fitness, Daily Commuting Bag",4.9,是,"₱1,478.00-₱1,698.00",https://affiliate.tiktok.com/api/v1/share/AJMp8kM1wPyD,,,,,,,,,,
,https://p16-oec-sg.ibyteimg.com/tos-alisg-i-aphluv4xwc-sg/6a34e68164a04757a04bbc200353a7be~tplv-aphluv4xwc-resize-jpeg:600:600.jpeg?dr=15584&from=520841845&idc=my&ps=933b5bde&shcp=6c17ea28&shp=1f0b6a75&t=555f072d,1731425876991444914,BAGSMART Store,箱包,女包,26465,"Bagsmart woman versatile crossbody bag,shoulder bag, large main compartment, multiple pockets, leisure travels, daily commutes bag",4.9,是,₱878.00,https://affiliate.tiktok.com/api/v1/share/AJCsI5fs9W8A,,,,,,,,,,
,https://p16-oec-sg.ibyteimg.com/tos-alisg-i-aphluv4xwc-sg/f733b47c3dfa4b45bc33c3e2cda09d42~tplv-aphluv4xwc-resize-jpeg:600:600.jpeg?dr=15584&from=520841845&idc=my&ps=933b5bde&shcp=6c17ea28&shp=1f0b6a75&t=555f072d,1731004260862560178,BAGSMART Store,箱包,功能包袋,32113,"BAGSMART Makeup Bag Travel Cosmetic Bag, Puffy Padded Make Up Bags for Women Makeup Organizer Case, Wide-open Pouch Purse Travel Essentials Toiletries Accessories Brushes, I-Camel, A-M",4.8,是,₱538.00,https://affiliate.tiktok.com/api/v1/share/AJB5KiXftyWo,,,,,,,,,,
,https://p16-oec-sg.ibyteimg.com/tos-alisg-i-aphluv4xwc-sg/2588c363d8cb4a84b3c8ff5252a63b6d~tplv-aphluv4xwc-resize-jpeg:600:600.jpeg?dr=15584&from=520841845&idc=my&ps=933b5bde&shcp=6c17ea28&shp=1f0b6a75&t=555f072d,1730190367953357746,BAGSMART Store,箱包,女包,123862,"BAGSMART Tote Bag for Women, Lightweight Puffy Tote Bag for Travel, Work, Beach, Gym, Shopping",4.9,是,"₱1,078.00-
₱1,438.00",https://affiliate.tiktok.com/api/v1/share/AJ77nYYHOBWL,,,,,,,,,,
,https://p16-oec-sg.ibyteimg.com/tos-alisg-i-aphluv4xwc-sg/7b4dd9c334d3421b8ccf14d07d4f310b~tplv-aphluv4xwc-resize-jpeg:600:600.jpeg?dr=15584&from=520841845&idc=my&ps=933b5bde&shcp=6c17ea28&shp=1f0b6a75&t=555f072d,1730856462062029746,BAGSMART Store,箱包,旅行箱,14454,"BAGSMART 4-IN-1 Gym Bag ,TSA Lightweight Duffle Bag for Travel with Shoe Compartment & Wet Pocket, 30L Carry On Weekender Bags for Women,Water Resistant Travel Duffel Backpack",4.9,是,"₱1,798.00",https://affiliate.tiktok.com/api/v1/share/AJ77rYlzqB5H,,,,,,,,,,
,https://p16-oec-sg.ibyteimg.com/tos-alisg-i-aphluv4xwc-sg/a798373f768e4b088596bb07d8affac1~tplv-aphluv4xwc-resize-jpeg:600:600.jpeg?dr=15584&from=520841845&idc=my&ps=933b5bde&shcp=6c17ea28&shp=1f0b6a75&t=555f072d,1730154978963786674,BAGSMART Store,箱包,功能包袋,38196,"BAGSMART 15.6 Inch Waterproof Laptop Backpack with Large Compartment, Quilted Casual Schoolbag Pink,Travel Backpack for Women and Men",4.9,是,"₱1,310.72-
₱1,468.00",https://affiliate.tiktok.com/api/v1/share/AJ77tSrkAhvu,,,,,,,,,,
,https://p16-oec-sg.ibyteimg.com/tos-alisg-i-aphluv4xwc-sg/0f07d46bb16641de9079dc17fc7bfe9c~tplv-aphluv4xwc-resize-jpeg:600:600.jpeg?dr=15584&from=520841845&idc=my&ps=933b5bde&shcp=6c17ea28&shp=1f0b6a75&t=555f072d,1731146529960659890,BAGSMART Store,箱包,功能包袋,20373,"BAGSMART Cute Mini Backpack,Quilted Casual Schoolbag for College,Office,Travel",4.8,是,"₱1,078.00",https://affiliate.tiktok.com/api/v1/share/AJ77wDQGJAYu,,,,,,,,,,
,https://p16-oec-sg.ibyteimg.com/tos-alisg-i-aphluv4xwc-sg/3e8bd50cab5c45419cf2ae9f69ab56c1~tplv-aphluv4xwc-resize-jpeg:600:600.jpeg?dr=15584&from=520841845&idc=my&ps=933b5bde&shcp=6c17ea28&shp=1f0b6a75&t=555f072d,1730073467322731442,BAGSMART Store,箱包,旅行箱,32000,"BAGSMART Travel Duffel Bag, Gym Bag for Women with Wet Pocket, Carry on Weekender Bags for Women, Water Resistant Workout Bag Sports Gym, Beige",4.9,是,"₱1,283.93-
₱1,855.36",https://affiliate.tiktok.com/api/v1/share/AJ77wEQMbz8Z,,,,,,,,,,
,https://p16-oec-sg.ibyteimg.com/tos-alisg-i-aphluv4xwc-sg/059241e332fb489eb2617381a441ffb9~tplv-aphluv4xwc-resize-jpeg:600:600.jpeg?dr=15584&from=520841845&idc=my&ps=933b5bde&shcp=6c17ea28&shp=1f0b6a75&t=555f072d,1730759257520900294,BAGSMART PH,箱包,旅行箱,12720,【Limited Offer】BAGSMART Blast Quick Access 28L Carry On Travel Backpack Ready Stock Unisex Multifuction Backpack,4.9,是,"₱2,212.50-
₱3,641.08",https://affiliate.tiktok.com/api/v1/share/AJ77mDfsYVhw,,,,,,,,,,
,https://p16-oec-sg.ibyteimg.com/tos-alisg-i-aphluv4xwc-sg/77198be1c46e4b51a12fe1c43186967d~tplv-aphluv4xwc-resize-jpeg:600:600.jpeg?dr=15584&from=520841845&idc=my&ps=933b5bde&shcp=6c17ea28&shp=1f0b6a75&t=555f072d,1731715064159503558,BAGSMART PH,运动户外,运动户外配件,3626,"【New Arrival】Bagsmart Mini Gym Duffle Bag 5.5L, Waterproof Sports Duffel with PVC Pocket, Adjustable Straps, Stylish Travel Bag for Men Women",4.7,是,"₱1,798.00",https://affiliate.tiktok.com/api/v1/share/AJ77mOsoznKq,,,,,,,,,,
,https://p16-oec-sg.ibyteimg.com/tos-alisg-i-aphluv4xwc-sg/ca703b65ac2146f6af1f1bbb2e6c7976~tplv-aphluv4xwc-resize-jpeg:600:600.jpeg?dr=15584&from=520841845&idc=my&ps=933b5bde&shcp=6c17ea28&shp=1f0b6a75&t=555f072d,1734824268628460615,"AZTK PH
主推",美妆与个护,美容,7585,"【AZTK&allaboutdioza】AZTK CANDY FLOSS DOUBLE TOUCH LIPGLOSS — Long-Lasting, Matte, Non-Transfer, Fade-Resistant Nude Lipstick for a Brightening Effect 1.7g + 1.7ml",4.7,是,₱269.99,https://affiliate.tiktok.com/api/v1/share/AKB425NMFtcG,,,,,,,,,,
,https://p16-oec-sg.ibyteimg.com/tos-alisg-i-aphluv4xwc-sg/e9b7697a325d491a878e7e456be5bc9a~tplv-aphluv4xwc-resize-jpeg:600:600.jpeg?dr=15584&from=520841845&idc=my&ps=933b5bde&shcp=6c17ea28&shp=1f0b6a75&t=555f072d,1734473530413057095,"AZTK PH
主推",美妆与个护,美容,2323,【AZTK】 Blush Water-Serum Liquid Blush Long Lasting Flawless Flush 5ml,4.8,是,₱269.99,https://affiliate.tiktok.com/api/v1/share/AJwrXQbBtH78,,,,,,,,,,
,https://p16-oec-sg.ibyteimg.com/tos-alisg-i-aphluv4xwc-sg/33326b4774de437f8da44380adf0bfd9~tplv-aphluv4xwc-resize-jpeg:600:600.jpeg?dr=15584&from=520841845&idc=my&ps=933b5bde&shcp=6c17ea28&shp=1f0b6a75&t=555f072d,1737091401063498823,AZTK PH,美妆与个护,美容,1,【New Arrival】AZTK Bubble Essence Primer Hydrating Skin Prep Before Makeup Bubble Essence Texture Instant Hydration Smooth Makeup Base Helps Makeup Stay Fresh Lightweight & Non-sticky,0,是,₱359.90-₱459.90,https://affiliate.tiktok.com/api/v1/share/ALIfn2XpNm0V,,,,,,,,,,
,https://p16-oec-sg.ibyteimg.com/tos-alisg-i-aphluv4xwc-sg/bb31e7c0db504fd19b0f00a921e1f44b~tplv-aphluv4xwc-resize-jpeg:600:600.jpeg?dr=15584&from=520841845&idc=my&ps=933b5bde&shcp=6c17ea28&shp=1f0b6a75&t=555f072d,1734487895703782471,AZTK PH,美妆与个护,美容,81,【AZTK】 Lip Glaze Jelly Lip Stain Mirror Gloss Lipstick Long-Lasting Lip Gloss Balm Glass Shine Effect 1.9g,4.5,是,₱269.99,https://affiliate.tiktok.com/api/v1/share/AJwrZuvXF9vj,,,,,,,,,,
,https://p16-oec-sg.ibyteimg.com/tos-alisg-i-aphluv4xwc-sg/cc3d7567140744418520c8b2c48ee2ee~tplv-aphluv4xwc-resize-jpeg:600:600.jpeg?dr=15584&from=520841845&idc=my&ps=933b5bde&shcp=6c17ea28&shp=1f0b6a75&t=555f072d,1734487967391122503,AZTK PH,美妆与个护,美容,300,"【AZTK】AZTK CANDY FLOSS DOUBLE TOUCH LIPGLOSS — Long-Lasting, Matte, Non-Transfer, Fade-Resistant Nude Lipstick for a Brightening Effect 1.7g + 1.7ml",4.9,是,₱269.99,https://affiliate.tiktok.com/api/v1/share/AJwrZuYXjlbX,,,,,,,,,,
,https://p16-oec-sg.ibyteimg.com/tos-alisg-i-aphluv4xwc-sg/6e2b5d4bbb2644e1a79aca507dffc03c~tplv-aphluv4xwc-resize-jpeg:600:600.jpeg?dr=15584&from=520841845&idc=my&ps=933b5bde&shcp=6c17ea28&shp=1f0b6a75&t=555f072d,1731415738646955079,AZTK PH,美妆与个护,美容,50,"AZTK Snow Kiss Lip Jelly, brightens the complexion in spring, provides a glossy, hydrating finish for the lips（III）",5,是,"₱239.90-
₱439.90",https://affiliate.tiktok.com/api/v1/share/AJ7ufDCqcMFS,,,,,,,,,,
,https://p16-oec-sg.ibyteimg.com/tos-alisg-i-aphluv4xwc-sg/92c0899f59234b0a87ac7437dbc45277~tplv-aphluv4xwc-resize-jpeg:600:600.jpeg?dr=15584&from=520841845&idc=my&ps=933b5bde&shcp=6c17ea28&shp=1f0b6a75&t=555f072d,1732156154217071687,AZTK PH,美妆与个护,美容,2256,"#AZTK Liquid Blush Paste enhances the complexion with a brightening effect, while its matte nude finish creates an atmosphere of elegance and sophistication（III ）",4.8,是,"₱329.90-
₱539.90",https://affiliate.tiktok.com/api/v1/share/AJ7uffqP8noU,,,,,,,,,,
,https://p16-oec-sg.ibyteimg.com/tos-alisg-i-aphluv4xwc-sg/232529fb8c694827b5462cdc623640f5~tplv-aphluv4xwc-resize-jpeg:600:600.jpeg?dr=15584&from=520841845&idc=my&ps=933b5bde&shcp=6c17ea28&shp=1f0b6a75&t=555f072d,1731413019122500679,AZTK PH,美妆与个护,美容,12,"AZTK Patch Concealer, Liquid Pen Emulsion, Brighten Tear Troughs, Cover Spots, Dark Circles, Acne Marks, Moisturizing Fit （III）",0,是,"₱329.90-
₱539.90",https://affiliate.tiktok.com/api/v1/share/AJ7ud65Yrxdn,,,,,,,,,,
,https://p16-oec-sg.ibyteimg.com/tos-alisg-i-aphluv4xwc-sg/b151357dc543404693529b75afd1aadc~tplv-aphluv4xwc-resize-jpeg:600:600.jpeg?dr=15584&from=520841845&idc=my&ps=933b5bde&shcp=6c17ea28&shp=1f0b6a75&t=555f072d,1732320159214831581,"Mlen beauty shop
主推",美妆与个护,美容,58569,"【Local Shipping】Mlen Diary Dual-Headed Eyebrow Razor, Safe, Portable, Recommended for Beginners, Boys and Girls",4.8,是,₱99.00-₱159.00,https://affiliate.tiktok.com/api/v1/share/AJGpHO0jJiBj,,,,,,,,,,
,https://p16-oec-sg.ibyteimg.com/tos-alisg-i-aphluv4xwc-sg/3f5964ad955849c592af15023a8538f7~tplv-aphluv4xwc-resize-jpeg:600:600.jpeg?dr=15584&from=520841845&idc=my&ps=933b5bde&shcp=6c17ea28&shp=1f0b6a75&t=555f072d,1730373289373173932,"MlenDiary PH
主推",美妆与个护,美容,81897,【FDA APPROVED】Mlen Diary Halo Series Glue-Free False Eyelashes Length 9-12 mm / 10-13 mm / 9-13 mm Includes Adhesive Strips Super Affordable – Easy to Apply & Remove Makeup Eyelash Extension Cosmetics,4.7,是,₱99.00-₱349.00,https://affiliate.tiktok.com/api/v1/share/ALONTP1IC2TW,,,,,,,,,,
,https://p16-oec-sg.ibyteimg.com/tos-alisg-i-aphluv4xwc-sg/6d34bad2289d41f0a76d86f977d7f47a~tplv-aphluv4xwc-resize-jpeg:600:600.jpeg?dr=15584&from=520841845&idc=my&ps=933b5bde&shcp=6c17ea28&shp=1f0b6a75&t=555f072d,1731169223232488620,MlenDiary PH,美妆与个护,美容,10035,【NEW】Mlen Diary Waterproof 5ml lash Glue for False Lashes Suitable for Different (1 Pack) Makeup Cosmetic Extensions glue for eyelashes Eyelash Extensions,4.7,是,₱209.00,https://affiliate.tiktok.com/api/v1/share/ALONTOh1WUxC,,,,,,,,,,
,https://p16-oec-sg.ibyteimg.com/tos-alisg-i-aphluv4xwc-sg/4aa52ba1a5a54c609df3ccba9d0a0762~tplv-aphluv4xwc-resize-jpeg:600:600.jpeg?dr=15584&from=520841845&idc=my&ps=933b5bde&shcp=6c17ea28&shp=1f0b6a75&t=555f072d,1733220889062638764,MlenDiary PH,美妆与个护,美容,1151,"MLEN DIARY 2IN1 EYEBROW PENCIL& BROW MASCARA- Double-ended blade with precise edge, waterproof and non-removing makeup Smooth Ultra-thin Line Create Natural 3D Eyebrow Cosmetic",4.7,是,₱205.85,https://affiliate.tiktok.com/api/v1/share/ALONYudLxgOq,,,,,,,,,,
,https://p16-oec-va.ibyteimg.com/tos-maliva-i-o3syd03w52-us/470abada3d5c496593deb31c6605c51d~tplv-o3syd03w52-resize-jpeg:600:600.jpeg?dr=15584&from=520841845&idc=my&ps=933b5bde&shcp=6c17ea28&shp=1f0b6a75&t=555f072d,1731040125898754220,MlenDiary PH,美妆与个护,美容,19753,Mlen Diary Eyelash Bond 4g - Strong Hold Waterproof Mascara for Eyelash Extensions - Cosmetic Makeup Adjustable Lightweight,4.8,是,₱175.45-₱262.47,https://affiliate.tiktok.com/api/v1/share/ALONaJ03xbXN,,,,,,,,,,
,https://p16-oec-sg.ibyteimg.com/tos-alisg-i-aphluv4xwc-sg/7d4871552e8442bc8c6717ee453b3009~tplv-aphluv4xwc-resize-jpeg:600:600.jpeg?dr=15584&from=520841845&idc=my&ps=933b5bde&shcp=6c17ea28&shp=1f0b6a75&t=555f072d,1730576319780455596,MlenDiary PH,美妆与个护,美容,44364,Mlen Diary Invisible Beauty Double Eyelid Tape Water-spray Type 3 Type Partially Include Tools Kits So Natural No Trace Suitable For Single Eyelids Swollen Eyes Sagging Eyes Beginner Friendly Makeup Cosmetic,4.6,是,"₱149.00-
₱229.00",https://affiliate.tiktok.com/api/v1/share/AJ8KWzEN0nXB,,,,,,,,,,
,https://p16-oec-sg.ibyteimg.com/tos-alisg-i-aphluv4xwc-sg/52bb43cd9b434c109edf177ec22334d5~tplv-aphluv4xwc-resize-jpeg:600:600.jpeg?dr=15584&from=520841845&idc=my&ps=933b5bde&shcp=6c17ea28&shp=1f0b6a75&t=555f072d,1731697312120013996,MlenDiary PH,美妆与个护,美容,717,【Buy More Get Gifts!】(No Need Glue!)Mlen Diary Glue Free DuDu Fox Self-adhesive Glue Free Eyelashes Length 12-14 mm With Adhesive Strips Easy To Apply And Remove Makeup Eyelashes Extensions Cosmetic,4.7,是,"₱309.00-
₱339.00",https://affiliate.tiktok.com/api/v1/share/AJ8KXUXH9Uyt,,,,,,,,,,
,https://p16-oec-sg.ibyteimg.com/tos-alisg-i-aphluv4xwc-sg/b3f2b2b3428b4798b56515eff43e8a78~tplv-aphluv4xwc-resize-jpeg:600:600.jpeg?dr=15584&from=520841845&idc=my&ps=933b5bde&shcp=6c17ea28&shp=1f0b6a75&t=555f072d,1730136269514180780,MlenDiary PH,美妆与个护,美容,17651,Mlen Diary 4in1（=2in1) Lash Bond &Mascara &Setting Essence &Remover Easy To Apply And Remove Makeup Cosmetic eyelash mascara,4.7,是,"₱339.00-
₱369.00",https://affiliate.tiktok.com/api/v1/share/AJ92UHgziXeB,,,,,,,,,,
,https://p16-oec-sg.ibyteimg.com/tos-alisg-i-aphluv4xwc-sg/f806f4de6de642f4892cc8a84ad7c072~tplv-aphluv4xwc-resize-jpeg:600:600.jpeg?dr=15584&from=520841845&idc=my&ps=933b5bde&shcp=6c17ea28&shp=1f0b6a75&t=555f072d,1734633330334794784,"SmartDevil.PH
主推",手机数码,手机配件,39910,"SmartDevil Camera Lens Base Protector for iPhone 17 Pro Max / 17 Pro / 17 / 16 – Scratch-Resistant Protective Base Film, Full Coverage",4.8,是,₱329.90-₱519.90,https://affiliate.tiktok.com/api/v1/share/AK2DjqmBSriR,,,,,,,,,,
,https://p16-oec-sg.ibyteimg.com/tos-alisg-i-aphluv4xwc-sg/a606e03cf0a941d79d09a619d722cb43~tplv-aphluv4xwc-resize-jpeg:600:600.jpeg?dr=15584&from=520841845&idc=my&ps=933b5bde&shcp=6c17ea28&shp=1f0b6a75&t=555f072d,1732293222629344288,"SmartDevil.PH
主推",手机数码,手机配件,219045,"SmartDevil Privacy Tempered Glass Screen Protector for iPhone — Anti-Spy, Shatter-Resistant, Ultra-Durable, Easy Installation",4.7,是,₱368.31-₱564.16,https://affiliate.tiktok.com/api/v1/share/AJO1UWXQ5JXi,,,,,,,,,,
,https://p16-oec-sg.ibyteimg.com/tos-alisg-i-aphluv4xwc-sg/c6bf555f5cb44d639e35e4e145763fde~tplv-aphluv4xwc-resize-jpeg:600:600.jpeg?dr=15584&from=520841845&idc=my&ps=933b5bde&shcp=6c17ea28&shp=1f0b6a75&t=555f072d,1733082214227608608,"SmartDevil.PH
主推",手机数码,手机配件,47550,SmartDevil Camera Lens Protector Circle for iPhone 16 Pro max iPhone 17 Pro max 17 air iPhone 15 Pro max 15 Plus iPhone 14 Pro Max iPhone Tempered Glass Film Lens Screen Protector,4.8,是,₱341.96-₱496.29,https://affiliate.tiktok.com/api/v1/share/AJO1YBa6pdH1,,,,,,,,,,
,https://p16-oec-sg.ibyteimg.com/tos-alisg-i-aphluv4xwc-sg/6b13b420713c41da84451803ca13feaa~tplv-aphluv4xwc-resize-jpeg:600:600.jpeg?dr=15584&from=520841845&idc=my&ps=933b5bde&shcp=6c17ea28&shp=1f0b6a75&t=555f072d,1732817268021036064,SmartDevil.PH,手机数码,手机配件,183820,"SmartDevil iPhone / Samsung Protective Cover Tempered Glass Screen Protector for iPhone — Shatter-Resistant, Ultra-Durable, Easy Installation",4.7,是,"₱309.90-₱9,999.00",https://affiliate.tiktok.com/api/v1/share/ALAcDLPGi0aX,,,,,,,,,,
,https://p16-oec-sg.ibyteimg.com/tos-alisg-i-aphluv4xwc-sg/4d082b87d28c4c1f9f64929454d9522c~tplv-aphluv4xwc-resize-jpeg:600:600.jpeg?dr=15584&from=520841845&idc=my&ps=933b5bde&shcp=6c17ea28&shp=1f0b6a75&t=555f072d,1736860865160184864,SmartDevil.PH,手机数码,手机配件,113,"SmartDevil Genuine Shin Chan Tempered Glass Screen Protector – Excellent Drop & Shatter Protection, Easy to Apply Thanks to Smart Case, Full Coverage – Turns off screen like Shin, bright and transparent,for iPhone 13/18 (1–2 pieces)",5,是,"₱647.89-₱4,999.50",https://affiliate.tiktok.com/api/v1/share/ALQ8uVOVCbZy,,,,,,,,,,
,https://p16-oec-sg.ibyteimg.com/tos-alisg-i-aphluv4xwc-sg/408ed556c4c542ca8dfdd6c075cb6843~tplv-aphluv4xwc-resize-jpeg:600:600.jpeg?dr=15584&from=520841845&idc=my&ps=933b5bde&shcp=6c17ea28&shp=1f0b6a75&t=555f072d,1736576609888011296,SmartDevil.PH,手机数码,手机配件,377,"SmartDevil Transparent Shockproof Air Cushion Case – Ultra Thin & Lightweight, Supports Wireless Charging, Camera Protection, Compatible with iPhone 17/16/15/14/13/12/11 Pro Max/Plus/Pro and XS Max",4.7,是,₱369.99-₱469.99,https://affiliate.tiktok.com/api/v1/share/ALAcGPkyoSPk,,,,,,,,,,
,https://p16-oec-sg.ibyteimg.com/tos-alisg-i-aphluv4xwc-sg/80141db60a8943f49db830af5a5249ac~tplv-aphluv4xwc-resize-jpeg:600:600.jpeg?dr=15584&from=520841845&idc=my&ps=933b5bde&shcp=6c17ea28&shp=1f0b6a75&t=555f072d,1736311356312880160,SmartDevil.PH,手机数码,平板配件,469,"SmartDevil Tempered Glass Screen Protector for iPad Pro 11” (2025), iPad Air 8/7/6/5/4, iPad Mini 7, iPad 10.2”, iPad 9th & 10th & 11th Generation (2019–2024)",4.5,是,"₱468.80-₱9,999.00",https://affiliate.tiktok.com/api/v1/share/ALAcDLPF3Yba,,,,,,,,,,
,https://p16-oec-sg.ibyteimg.com/tos-alisg-i-aphluv4xwc-sg/9c11276755604a1f9cf30fda2a43bf63~tplv-aphluv4xwc-resize-jpeg:600:600.jpeg?dr=15584&from=520841845&idc=my&ps=933b5bde&shcp=6c17ea28&shp=1f0b6a75&t=555f072d,1734609600595919904,SmartDevil.PH,手机数码,手机配件,6211,"SmartDevil Camera Lens Base Protector for iPhone 17 Pro Max / 17 Pro / 16 Series – Scratch-Resistant Protective Base Film, Full Coverage",4.8,是,"₱369.90-₱9,999.00",https://affiliate.tiktok.com/api/v1/share/ALAcGPl0BuS0,,,,,,,,,,
,https://p16-oec-sg.ibyteimg.com/tos-alisg-i-aphluv4xwc-sg/3135c89ebc594515bf33f11d4e066dd9~tplv-aphluv4xwc-resize-jpeg:600:600.jpeg?dr=15584&from=520841845&idc=my&ps=933b5bde&shcp=6c17ea28&shp=1f0b6a75&t=555f072d,1733106552188994592,SmartDevil.PH,手机数码,平板配件,1331,SmartDevil Screen Protector AR Crystal Clear Film for iPad Pro 11 inch 2022 / 2021 / 2020 / 2018 iPad 10th Gen iPad Air 5 /Air 4 /Air 2/Mini 6 Tempered Glass Film Original Color Crystal Film Anti-fall Protect with Quick Installation Tool,4.5,是,"₱799.90-₱1,369.90",https://affiliate.tiktok.com/api/v1/share/AL1M6S7TFAhd,,,,,,,,,,
,https://p16-oec-sg.ibyteimg.com/tos-alisg-i-aphluv4xwc-sg/cec18e2a22e14ecfbc9ece2f111c76e5~tplv-aphluv4xwc-resize-jpeg:600:600.jpeg?dr=15584&from=520841845&idc=my&ps=933b5bde&shcp=6c17ea28&shp=1f0b6a75&t=555f072d,1732293304736777248,SmartDevil.PH,手机数码,手机配件,2859,"SmartDevil Screen Protector for iPhone 17 Pro Max / 16 Pro Max, Bubble-and-Dust-Free Box, HD Tempered Glass, Military Grade Shatterproof & Ultra Durable, Easy Installation",4.7,是,"₱599.88-₱4,999.50",https://affiliate.tiktok.com/api/v1/share/ALQ8uVAZl4AC,,,,,,,,,,
,https://p16-oec-sg.ibyteimg.com/tos-alisg-i-aphluv4xwc-sg/a480dbe836504746a741934c5785a9fa~tplv-aphluv4xwc-resize-jpeg:600:600.jpeg?dr=15584&from=520841845&idc=my&ps=933b5bde&shcp=6c17ea28&shp=1f0b6a75&t=555f072d,1732310095209399328,SmartDevil.PH,手机数码,手机配件,7427,"SmartDevil Tempered Glass Screen Protector for iPhone 17 Pro Max / 16 Pro Max / 15 Pro Max / 14 Pro Max / 13 / 12 – Full Coverage, Dust-Free, Anti-Fingerprint, Anti-Shatter Accessory Protection",4.7,是,"₱409.88-₱4,999.50",https://affiliate.tiktok.com/api/v1/share/ALQ8uVOIHTJj,,,,,,,,,,
,https://p16-oec-sg.ibyteimg.com/tos-alisg-i-aphluv4xwc-sg/06de930656264e04abc23c4d0425777f~tplv-aphluv4xwc-resize-jpeg:600:600.jpeg?dr=15584&from=520841845&idc=my&ps=933b5bde&shcp=6c17ea28&shp=1f0b6a75&t=555f072d,1732310112504939552,SmartDevil.PH,手机数码,平板配件,4530,"SmartDevil Screen Protector for iPhone 18 Pro Max/18 Pro/17 Pro Max Tempered Glass, HD Clear Film, Easy Installation, Dust-Free & Bubble-Free Accessory",4.6,是,"₱519.89-₱4,999.50",https://affiliate.tiktok.com/api/v1/share/ALQ8uVAa255A,,,,,,,,,,
,https://p16-oec-sg.ibyteimg.com/tos-alisg-i-aphluv4xwc-sg/9024543f7ff8454888fbe54d322224a0~tplv-aphluv4xwc-resize-jpeg:600:600.jpeg?dr=15584&from=520841845&idc=my&ps=933b5bde&shcp=6c17ea28&shp=1f0b6a75&t=555f072d,1733081878800991264,SmartDevil.PH,手机数码,平板配件,3904,SmartDevil iPad Screen Protector for iPad Pro 11 inch 2022 / 2021 / 2020 / 2018 iPad 10th Gen iPad Air 5 /Air 4 /Air 2/Mini 6 Tempered Glass Film Anti-fall Protect with Quick Installation Tool,4.7,是,"₱749.90-₱1,569.88",https://affiliate.tiktok.com/api/v1/share/ALQ8uVOIYShi,,,,,,,,,,
,https://p16-oec-sg.ibyteimg.com/tos-alisg-i-aphluv4xwc-sg/7a4da8b1b5474b0488ff89cef0ab7bba~tplv-aphluv4xwc-resize-jpeg:600:600.jpeg?dr=15584&from=520841845&idc=my&ps=933b5bde&shcp=6c17ea28&shp=1f0b6a75&t=555f072d,1734601494146221088,SmartDevil.PH,手机数码,手机配件,1801,"SmartDevil Tempered Glass Screen Protector for Samsung Galaxy S26 Ultra S25 Ultra S24 Ultra S25+ S24+ S23 FE – HD Clear or Privacy Anti-Spy, Full Screen Protection",4.7,是,₱369.88-₱639.90,https://affiliate.tiktok.com/api/v1/share/ALQ8uVOIpOZz,,,,,,,,,,
,https://p16-oec-sg.ibyteimg.com/tos-alisg-i-aphluv4xwc-sg/dd9f8fd7e39141afb13dd42cdbcb689b~tplv-aphluv4xwc-resize-jpeg:600:600.jpeg?dr=15584&from=520841845&idc=my&ps=933b5bde&shcp=6c17ea28&shp=1f0b6a75&t=555f072d,1734720966211961888,SmartDevil.PH,手机数码,手机配件,989,"SmartDevil iPhone 17 Pro Max Camera Lens Protector, 16 Pro Max HD Tempered Glass, 9H Hardness Full Coverage Case Friendly Camera Cover for iPhone 15 Pro",4.8,是,₱379.90-₱559.89,https://affiliate.tiktok.com/api/v1/share/ALQ8uVAarF5A,,,,,,,,,,
,https://p16-oec-sg.ibyteimg.com/tos-alisg-i-aphluv4xwc-sg/e492a846609b439bb6d13197c6ee02dc~tplv-aphluv4xwc-resize-jpeg:600:600.jpeg?dr=15584&from=520841845&idc=my&ps=933b5bde&shcp=6c17ea28&shp=1f0b6a75&t=555f072d,1736750138639942688,SmartDevil.PH,手机数码,手机配件,19,"SmartDevil Premium AR Anti-Glare Camera Lens Protector – for Samsung Galaxy S26 Ultra / S26 / S26+, High Light Transmittance, 9H Scratch Resistant, Full Coverage Snug Fit for Lenses",5,是,₱458.98-₱569.00,https://affiliate.tiktok.com/api/v1/share/ALQ8uVOMP3zd,,,,,,,,,,
,https://p16-oec-sg.ibyteimg.com/tos-alisg-i-aphluv4xwc-sg/8a7941beb76946a3bfedb973ed66707a~tplv-aphluv4xwc-resize-jpeg:600:600.jpeg?dr=15584&from=520841845&idc=my&ps=933b5bde&shcp=6c17ea28&shp=1f0b6a75&t=555f072d,1736757035969381408,SmartDevil.PH,手机数码,相机摄影,18,"SmartDevil Protective Lens&Screen Protector-Film Accessories for DJI Osmo Pocket 4/4 Pro/3 – Options: Anti-Glare AR / HD Transparent, 1 Set or 2 Sets, with Adhesive Mounting Frame",5,是,₱298.99-₱608.98,https://affiliate.tiktok.com/api/v1/share/ALQ8uVAb8Qay,,,,,,,,,,
,https://p16-oec-sg.ibyteimg.com/tos-alisg-i-aphluv4xwc-sg/127d4c4b36a64263b421de24126087f1~tplv-aphluv4xwc-resize-jpeg:600:600.jpeg?dr=15584&from=520841845&idc=my&ps=933b5bde&shcp=6c17ea28&shp=1f0b6a75&t=555f072d,1736773109573059616,SmartDevil.PH,手机数码,平板配件,4,"SmartDevil Premium Transparent Acrylic Case – Prevents Curving, Shockproof Air Cushions at 4 Corners, Ultra-Thin & Lightweight,Dedicated Pencil Slot – For iPad Pro 11/12.9/13, Air 4/5/6/7/8, Gen 5/6/7/8/9/10/11, Mini 2/3/4/5/6/7 (Multiple Colors)",0,是,"₱819.98-₱1,069.99",https://affiliate.tiktok.com/api/v1/share/ALQ8uVOMgENQ,,,,,,,,,,
,https://p16-oec-sg.ibyteimg.com/tos-alisg-i-aphluv4xwc-sg/85821e59bf724c93abe62f2cc08ba271~tplv-aphluv4xwc-resize-jpeg:600:600.jpeg?dr=15584&from=520841845&idc=my&ps=933b5bde&shcp=6c17ea28&shp=1f0b6a75&t=555f072d,1736788924517745696,SmartDevil.PH,手机数码,平板配件,27,"Smart Devil Multi‑Function Touch Pen for Apple, Huawei, Xiaomi phones & tablets – no charging required, smooth writing and drawing, thin precise tip, magnetic attachment, multiple colors",0,是,₱399.99-₱539.98,https://affiliate.tiktok.com/api/v1/share/ALQ8uVAbPN2D,,,,,,,,,,
,https://p16-oec-sg.ibyteimg.com/tos-alisg-i-aphluv4xwc-sg/b0f189165db14e2fa988eb04d24b359a~tplv-aphluv4xwc-resize-jpeg:600:600.jpeg?dr=15584&from=520841845&idc=my&ps=933b5bde&shcp=6c17ea28&shp=1f0b6a75&t=555f072d,1736791363493135392,SmartDevil.PH,手机数码,手机配件,27,"Smart Devil luxury aircraft-grade alloy car phone holder, professional anti-shake design, upgraded stability, gravity lock, 360° adjustment, doesn’t cover the screen, compatible with 4.7–7 inches",0,是,₱669.98-₱729.98,https://affiliate.tiktok.com/api/v1/share/ALQ8uVOUedk9,,,,,,,,,,
,https://p16-oec-sg.ibyteimg.com/tos-alisg-i-aphluv4xwc-sg/f3facfbfabb047bca899c5f2684d5c03~tplv-aphluv4xwc-resize-jpeg:600:600.jpeg?dr=15584&from=520841845&idc=my&ps=933b5bde&shcp=6c17ea28&shp=1f0b6a75&t=555f072d,1736802719130616864,SmartDevil.PH,手机数码,平板配件,21,"SmartDevil Magnetic Rotating Detachable Case – Multi-Angle Foldable Design, Prevents Curving, Shockproof Air Cushioning, Premium Leather Front Cover Resistant to Dirt, Stylus Slot – for iPad Pro/Air/Mini/10.9/13 inch (Multiple Colors)",5,是,"₱1,269.98-₱1,769.98",https://affiliate.tiktok.com/api/v1/share/ALQ8uVAd3d1l,,,,,,,,,,
,https://p16-oec-sg.ibyteimg.com/tos-alisg-i-aphluv4xwc-sg/ba6c6b795707465b980e37813e9c2914~tplv-aphluv4xwc-resize-jpeg:600:600.jpeg?dr=15584&from=520841845&idc=my&ps=933b5bde&shcp=6c17ea28&shp=1f0b6a75&t=555f072d,1736805180874654752,SmartDevil.PH,手机数码,智能穿戴,12,"SmartDevil Electroplated Metal Braided Band for Apple Watch – Ultra‑Thin, Breathable, Non‑Peeling Finish, Powerful Magnets – Compatible with 38/49 mm (Series 1‑11, Ultra, SE) – Premium Colors Available",0,是,₱729.97-₱829.99,https://affiliate.tiktok.com/api/v1/share/ALQ8uVOUvUke,,,,,,,,,,
,https://p16-oec-sg.ibyteimg.com/tos-alisg-i-aphluv4xwc-sg/10a32334cd0a410dafd9975a27f1e52e~tplv-aphluv4xwc-resize-jpeg:600:600.jpeg?dr=15584&from=520841845&idc=my&ps=933b5bde&shcp=6c17ea28&shp=1f0b6a75&t=555f072d,1736823544212456480,SmartDevil.PH,手机数码,智能穿戴,343,"SmartDevil Slim Screen Film for Apple Watch – Full Coverage, Self‑Healing, Bubble‑Free, Easy to Apply, Fingerprint & Shatterproof – Compatible with 40/46 mm & Ultra (S1‑S11, SE)",4.3,是,₱238.99-₱358.98,https://affiliate.tiktok.com/api/v1/share/ALQ8uVAdKqhe,,,,,,,,,,
,https://p16-oec-sg.ibyteimg.com/tos-alisg-i-aphluv4xwc-sg/7547690721f84fa28270e1f314294bdb~tplv-aphluv4xwc-resize-jpeg:600:600.jpeg?dr=15584&from=520841845&idc=my&ps=933b5bde&shcp=6c17ea28&shp=1f0b6a75&t=555f072d,1736872810085319712,SmartDevil.PH,手机数码,手机配件,1,"SmartDevil Motorcycle Phone Holder for Electric Motorcycles – Mounts on Steering Wheel & Rearview Mirror, Anti-Vibration & Drop Protection Technology, 4-Corner Protective Coverage, 360° Rotation, Easy to Take On/Put Off, Heat Resistant – 4 Colors",0,是,₱639.98-₱679.98,https://affiliate.tiktok.com/api/v1/share/ALQ8uVAdbgpH,,,,,,,,,,
,https://p16-oec-sg.ibyteimg.com/tos-alisg-i-aphluv4xwc-sg/b09a665137b142e7b2ea134f51294889~tplv-aphluv4xwc-resize-jpeg:600:600.jpeg?dr=15584&from=520841845&idc=my&ps=933b5bde&shcp=6c17ea28&shp=1f0b6a75&t=555f072d,1736968597344912416,SmartDevil.PH,手机数码,平板配件,108,"SmartDevil Premium tempered glass screen protector for iPad Pro 2024/25, Pro/Air 4/5, Air 6/7/8, Mini 6/7, Gen 10/A16 – Bezel-less, 3K coating, 0.33 mm aluminum, HD clarity, oil-resistant, easy to apply, includes alignment frame",5,是,₱549.88-₱829.88,https://affiliate.tiktok.com/api/v1/share/ALQ8uVOVTcGA,,,,,,,,,,
,https://p16-oec-sg.ibyteimg.com/tos-alisg-i-aphluv4xwc-sg/9d710d049ca8497b93ef183a36cba5c3~tplv-aphluv4xwc-resize-jpeg:600:600.jpeg?dr=15584&from=520841845&idc=my&ps=933b5bde&shcp=6c17ea28&shp=1f0b6a75&t=555f072d,1737247065573524512,SmartDevil.PH,手机数码,手机配件,3,"SmartDevil Tempered Glass Screen Protector, Ultra-Thin Smooth Touch, 9H Scratch & Impact Resistant, Easy Installation with Applicator, HD & Privacy Options, for iPhone 18 Pro & iPhone 18 Pro Max",0,是,₱309.90-₱569.90,https://affiliate.tiktok.com/api/v1/share/ALQ8uVAdsq8s,,,,,,,,,,
,https://p16-oec-sg.ibyteimg.com/tos-alisg-i-aphluv4xwc-sg/6b74a694b37044ff8fb38e6991dca572~tplv-aphluv4xwc-resize-jpeg:600:600.jpeg?dr=15584&from=520841845&idc=my&ps=933b5bde&shcp=6c17ea28&shp=1f0b6a75&t=555f072d,1737319846358778912,SmartDevil.PH,手机数码,手机配件,8,"SmartDevil AR Corning Glass for iPhone 18 Pro & 18 Pro Max – Anti-Glare HD, Scratch & Shock Proof, Dustproof, Anti-Fingerprint, Privacy Option, Precision Mold, Full Kit for Bubble-Free Easy Install",0,是,"₱499.90-₱1,469.90",https://affiliate.tiktok.com/api/v1/share/ALQ8uVOVkjPo,,,,,,,,,,
,https://p16-oec-sg.ibyteimg.com/tos-alisg-i-aphluv4xwc-sg/a88e86e6f8b74bd484decbfbf48a9f5b~tplv-aphluv4xwc-resize-jpeg:600:600.jpeg?dr=15584&from=520841845&idc=my&ps=933b5bde&shcp=6c17ea28&shp=1f0b6a75&t=555f072d,1730693729647429949,"Andrea Secret PH
主推",美妆与个护,香水香氛,763674,[Top Seller] Andrea Secret Iron Legacy Series 100ML for Men Long Lasting Fragrance Mist Perfume | Eau De Toilette | Men's Perfume,4.7,是,₱195.00-₱349.06,https://affiliate.tiktok.com/api/v1/share/AJdh8xEibisQ,,,,,,,,,,
,https://p16-oec-sg.ibyteimg.com/tos-alisg-i-aphluv4xwc-sg/2765a5fc05ae427997112e39af1e4ba0~tplv-aphluv4xwc-resize-jpeg:600:600.jpeg?dr=15584&from=520841845&idc=my&ps=933b5bde&shcp=6c17ea28&shp=1f0b6a75&t=555f072d,1732850129156867389,"Andrea Secret PH
主推",美妆与个护,香水香氛,184250,【YEAR LIMITED EDITION】Andrea Secret Heavenly Whiff 100ML | Women's Limited EditionPerfume,4.8,是,₱295.00,https://affiliate.tiktok.com/api/v1/share/AJdgqei04deI,,,,,,,,,,
,https://p16-oec-sg.ibyteimg.com/tos-alisg-i-aphluv4xwc-sg/938a55b790214e88ae336552751da64c~tplv-aphluv4xwc-resize-jpeg:600:600.jpeg?dr=15584&from=520841845&idc=my&ps=933b5bde&shcp=6c17ea28&shp=1f0b6a75&t=555f072d,1733403403510252861,"Andrea Secret PH
主推",美妆与个护,香水香氛,60986,【NEW】Andrea Secret Aurora Series 100ML | Women's Perfume,4.5,是,₱269.00,https://affiliate.tiktok.com/api/v1/share/AJdgqe6H4gsQ,,,,,,,,,,
,https://p16-oec-sg.ibyteimg.com/tos-alisg-i-aphluv4xwc-sg/a6023c50252f49ecb0ee8d3845bd2a19~tplv-aphluv4xwc-resize-jpeg:600:600.jpeg?dr=15584&from=520841845&idc=my&ps=933b5bde&shcp=6c17ea28&shp=1f0b6a75&t=555f072d,1730693662818797885,"Andrea Secret PH
主推",美妆与个护,香水香氛,864190,[Top Seller] Andrea Secret Four Season of Bloom 100ML for Women Long Lasting Fragrance Mist Perfume | Eau De Toilette,4.7,是,₱195.00-₱349.06,https://affiliate.tiktok.com/api/v1/share/AJdhCegKhzyQ,,,,,,,,,,
,https://p16-oec-sg.ibyteimg.com/tos-alisg-i-aphluv4xwc-sg/acc658ecbef644cfb9d38df7ab389950~tplv-aphluv4xwc-resize-jpeg:600:600.jpeg?dr=15584&from=520841845&idc=my&ps=933b5bde&shcp=6c17ea28&shp=1f0b6a75&t=555f072d,1734295935371609727,Andrea Love,美妆与个护,香水香氛,30907,Andrea Secret [ Iron Legacy Series 100ML ] Sexy Perfume for Men Long Lasting Fragrance Mist,4.7,是,₱229.00,https://affiliate.tiktok.com/api/v1/share/AL8VmwDpj0Ey,,,,,,,,,,
,https://p16-oec-sg.ibyteimg.com/tos-alisg-i-aphluv4xwc-sg/af53525f00794325bd70fdbac731c295~tplv-aphluv4xwc-resize-jpeg:600:600.jpeg?dr=15584&from=520841845&idc=my&ps=933b5bde&shcp=6c17ea28&shp=1f0b6a75&t=555f072d,1737187883790992701,Andrea Secret PH,美妆与个护,沐浴身体护理,90,"【NEW】Andrea Secret Essential Aroma Body Lotion Collection 15 ML | Niacinamide+Alpha-arbutin+Centella Asiatica | Lightweight, Smooth, Hydrating & Moisturizing",5,是,₱49.00-₱354.00,https://affiliate.tiktok.com/api/v1/share/ALPMCC7GOdZY,,,,,,,,,,
,https://p16-oec-sg.ibyteimg.com/tos-alisg-i-aphluv4xwc-sg/2be2407e7d4b455a9731eb64c27ee434~tplv-aphluv4xwc-resize-jpeg:600:600.jpeg?dr=15584&from=520841845&idc=my&ps=933b5bde&shcp=6c17ea28&shp=1f0b6a75&t=555f072d,1737188018181342525,Andrea Secret PH,美妆与个护,沐浴身体护理,8,"【NEW】Andrea Secret Essential Aroma Body Lotion Collection 400 ML | Niacinamide+Alpha-arbutin+Centella Asiatica | Lightweight, Smooth, Hydrating, Brightening & Refreshing",4,是,₱259.00-₱559.00,https://affiliate.tiktok.com/api/v1/share/ALPMCCP1QUBK,,,,,,,,,,
,https://p16-oec-sg.ibyteimg.com/tos-alisg-i-aphluv4xwc-sg/1fb7cb3e01b64fc5a8548b1a53fd7e0e~tplv-aphluv4xwc-resize-jpeg:600:600.jpeg?dr=15584&from=520841845&idc=my&ps=933b5bde&shcp=6c17ea28&shp=1f0b6a75&t=555f072d,1737188518315525437,Andrea Secret PH,美妆与个护,沐浴身体护理,278,"【BUY 1, GET 1 FREE】Andrea Secret Essential Aroma Body Lotion | Niacinamide + Jojoba Oil | Lightweight, Smooth, Hydrating & Moisturizing 400 ML + FREE ANY 15 ML Essential Aroma Body Lotion Collection",4.6,是,₱259.00,https://affiliate.tiktok.com/api/v1/share/ALPMCC7GfbjJ,,,,,,,,,,
,https://p16-oec-sg.ibyteimg.com/tos-alisg-i-aphluv4xwc-sg/a04193a2e95e43be947029dc23f2fd0e~tplv-aphluv4xwc-resize-jpeg:600:600.jpeg?dr=15584&from=520841845&idc=my&ps=933b5bde&shcp=6c17ea28&shp=1f0b6a75&t=555f072d,1734295620810737279,Andrea Love,美妆与个护,香水香氛,41949,Andrea Secret [ Four Season Series 100ML ] for Women Long Lasting Fragrance Perfume,4.8,是,₱229.00,https://affiliate.tiktok.com/api/v1/share/AL8VmvPzTKmo,,,,,,,,,,
,https://p16-oec-sg.ibyteimg.com/tos-alisg-i-aphluv4xwc-sg/be642e83949d48e38887de48c3a4eecc~tplv-aphluv4xwc-resize-jpeg:600:600.jpeg?dr=15584&from=520841845&idc=my&ps=933b5bde&shcp=6c17ea28&shp=1f0b6a75&t=555f072d,1734296159609128575,Andrea Love,美妆与个护,香水香氛,7296,Andrea Secret [ Confident Blooms 50ML ] |Unisex | Long Lasting Fragrance Mist Perfume,4.8,是,₱159.00,https://affiliate.tiktok.com/api/v1/share/AL8VmyMJAg93,,,,,,,,,,
,https://p16-oec-sg.ibyteimg.com/tos-alisg-i-aphluv4xwc-sg/a220d90f2989410bb4e3de889e12e335~tplv-aphluv4xwc-resize-jpeg:600:600.jpeg?dr=15584&from=520841845&idc=my&ps=933b5bde&shcp=6c17ea28&shp=1f0b6a75&t=555f072d,1736297011099698815,Andrea Love,美妆与个护,香水香氛,639,【NEW】Andrea Secret Aurora Series 100ML | Women's Perfume | Unisex Perfume,4.6,是,₱259.00,https://affiliate.tiktok.com/api/v1/share/AL8VmvPzkNZ0,,,,,,,,,,
,https://p16-oec-sg.ibyteimg.com/tos-alisg-i-aphluv4xwc-sg/fb7117eef9654727a9ffb3db5043654a~tplv-aphluv4xwc-resize-jpeg:600:600.jpeg?dr=15584&from=520841845&idc=my&ps=933b5bde&shcp=6c17ea28&shp=1f0b6a75&t=555f072d,1730693045976795453,Andrea Secret PH,美妆与个护,香水香氛,321453,[Top Seller] Andrea Secret Confident Blooms 50ML | Unisex | Long Lasting Fragrance Mist Perfume | Eau De Toilette,4.6,是,₱39.00-₱265.00,https://affiliate.tiktok.com/api/v1/share/AJdh8xEi3gNK,,,,,,,,,,
,https://p16-oec-sg.ibyteimg.com/tos-alisg-i-aphluv4xwc-sg/a8dc56261cd74dd39ea2861bd357f308~tplv-aphluv4xwc-resize-jpeg:600:600.jpeg?dr=15584&from=520841845&idc=my&ps=933b5bde&shcp=6c17ea28&shp=1f0b6a75&t=555f072d,1731166048860472637,Andrea Secret PH,美妆与个护,香水香氛,103076,Andrea Secret Four Season of Bloom 100ML for Women Long Lasting Fragrance Mist Perfume | Eau De Toilette,4.7,是,"₱179.00-
₱205.00",https://affiliate.tiktok.com/api/v1/share/AJC8aR5BgqaR,,,,,,,,,,
,https://p16-oec-sg.ibyteimg.com/tos-alisg-i-aphluv4xwc-sg/1169d397777a43bc8ae3daa31e578362~tplv-aphluv4xwc-resize-jpeg:600:600.jpeg?dr=15584&from=520841845&idc=my&ps=933b5bde&shcp=6c17ea28&shp=1f0b6a75&t=555f072d,1735659547318715956,"GW Shark
主推",居家日用,家庭清洁用品,3945,"Toilet cleaning agent effectively kills 99% of bacteria, removes odors and stains; suitable for bathrooms, floors, and sinks; multifunctional cleaner.",4.4,是,₱199.00-₱369.00,https://affiliate.tiktok.com/api/v1/share/AL6UWplt2Zyg,,,,,,,,,,
,https://p16-oec-sg.ibyteimg.com/tos-alisg-i-aphluv4xwc-sg/22261af1d39e43ff8c582535a7b42ce5~tplv-aphluv4xwc-resize-jpeg:600:600.jpeg?dr=15584&from=520841845&idc=my&ps=933b5bde&shcp=6c17ea28&shp=1f0b6a75&t=555f072d,1735658975087134260,"GW Shark
主推",居家日用,家庭清洁用品,2644,"Refrigerator cleaner, powerful cleaning agent, kitchen cleaner—cleans refrigerators and removes odors; no need for a second rinse.",4.6,是,₱199.00-₱369.00,https://affiliate.tiktok.com/api/v1/share/AL6UTHQKNBTx,,,,,,,,,,
,https://p16-oec-sg.ibyteimg.com/tos-alisg-i-aphluv4xwc-sg/c59701fd6cab48e3912e0a18ef733209~tplv-aphluv4xwc-resize-jpeg:600:600.jpeg?dr=15584&from=520841845&idc=my&ps=933b5bde&shcp=6c17ea28&shp=1f0b6a75&t=555f072d,1735612994276132404,GW Shark,居家日用,家庭清洁用品,484,GW Shark Burnt Stain Pot Cleaner 150ml for Black Grease and Oil Grime,4.5,是,₱176.00-₱339.00,https://affiliate.tiktok.com/api/v1/share/AKj03f198wmu,,,,,,,,,,
,https://p16-oec-sg.ibyteimg.com/tos-alisg-i-aphluv4xwc-sg/e8a3424f3d694830a0f405df55d86918~tplv-aphluv4xwc-resize-jpeg:600:600.jpeg?dr=15584&from=520841845&idc=my&ps=933b5bde&shcp=6c17ea28&shp=1f0b6a75&t=555f072d,1733081347055978036,GW Shark,鞋靴,鞋配件,8277,"GW Shark White Shoe Cleaner with Built-in Sponge Head | No-Rinse Instant Cleaner for White Sneakers | Dry & Wet Dual Use | Removes Mud, Yellow & Tough Stains | Quick-Drying & Color-Refreshing Formula",4.4,是,₱149.00-₱229.00,https://affiliate.tiktok.com/api/v1/share/AJe6XhDHF8Mo,,,,,,,,,,
,https://p16-oec-sg.ibyteimg.com/tos-alisg-i-aphluv4xwc-sg/89a2a585feb74a349ba8066e728a28c8~tplv-aphluv4xwc-resize-jpeg:600:600.jpeg?dr=15584&from=520841845&idc=my&ps=933b5bde&shcp=6c17ea28&shp=1f0b6a75&t=555f072d,1733081481927755316,GW Shark,居家日用,家庭清洁用品,108671,"GW Shark White Sneaker Cleaner with Built-in Sponge Head | Dry & Wet Dual Use | Instant Cleaning for White Shoes | Removes Mud, Yellow, and Stubborn Stains | Quick-Drying & Color Renewal Formula",4.3,是,₱139.00-₱209.00,https://affiliate.tiktok.com/api/v1/share/AJLqCIPiJTnL,,,,,,,,,,
,https://p16-oec-sg.ibyteimg.com/tos-alisg-i-aphluv4xwc-sg/1b46abf2cd3449d7b9ef7f7406a15490~tplv-aphluv4xwc-resize-jpeg:600:600.jpeg?dr=15584&from=520841845&idc=my&ps=933b5bde&shcp=6c17ea28&shp=1f0b6a75&t=555f072d,1734360691928106548,GW Shark,居家日用,家庭清洁用品,589,"GW Shark Multi-Functional Cleaning Lotion – Removes floor dirt, kitchen oil stains, glass scale, and cleans car interiors. Creamy cleaning lotion with lemon scent – GW Shark Happy Cleaner Lotion",4.6,是,₱199.00-₱369.00,https://affiliate.tiktok.com/api/v1/share/AKizuuBfAXhi,,,,,,,,,,
,https://p16-oec-sg.ibyteimg.com/tos-alisg-i-aphluv4xwc-sg/cfa15a185a484cb09311d165b1820d5b~tplv-aphluv4xwc-resize-jpeg:600:600.jpeg?dr=15584&from=520841845&idc=my&ps=933b5bde&shcp=6c17ea28&shp=1f0b6a75&t=555f072d,1735659621713610292,GW Shark,居家日用,家庭清洁用品,133,"gwshark Air conditioner and fan cleaner, powerfully removes stains, blemishes, and odors; a great helper for household cleaning.",4.7,是,₱199.00-₱369.00,https://affiliate.tiktok.com/api/v1/share/AKj03f1AF86H,,,,,,,,,,
,https://p16-oec-sg.ibyteimg.com/tos-alisg-i-aphluv4xwc-sg/7bdf0fbd180b4ff6aba66e4c8e4c14bb~tplv-aphluv4xwc-resize-jpeg:600:600.jpeg?dr=15584&from=520841845&idc=my&ps=933b5bde&shcp=6c17ea28&shp=1f0b6a75&t=555f072d,1734379948209505606,"Formulogic: Philippines
主推",美妆与个护,护肤,147294,"Formulogic: Skin Emergency SOS Barrier Repair Cream 40ml | 5% Panthenol Hydrating Moisturizer | Sensitive Skin, Redness & Breakouts",4.7,否,₱199.00,https://affiliate.tiktok.com/api/v1/share/AL2uAFebLY9C,,,,,,,,,,
,https://p16-oec-sg.ibyteimg.com/tos-alisg-i-aphluv4xwc-sg/f17465acee2948db96357ef95bb5df29~tplv-aphluv4xwc-resize-jpeg:600:600.jpeg?dr=15584&from=520841845&idc=my&ps=933b5bde&shcp=6c17ea28&shp=1f0b6a75&t=555f072d,1734380364660770118,"Formulogic: Philippines
主推",美妆与个护,护肤,36258,Formulogic: Oil Control Barrier Moisturizer 40ml | 4% Niacinamide + 5X Ceramide | Oily Skin,4.7,否,₱199.00,https://affiliate.tiktok.com/api/v1/share/AL2uJAcgIfDy,,,,,,,,,,
,https://p16-oec-sg.ibyteimg.com/tos-alisg-i-aphluv4xwc-sg/08becf4238184eb2b99ed456e02e3c1e~tplv-aphluv4xwc-resize-jpeg:600:600.jpeg?dr=15584&from=520841845&idc=my&ps=933b5bde&shcp=6c17ea28&shp=1f0b6a75&t=555f072d,1734379715543860550,"Formulogic: Philippines
主推",美妆与个护,护肤,8260,Formulogic: Low pH Gentle Cleanser 80ml Barrier Repair | Panthenol (B5) + Ceramide | Sensitive Skin,4.8,否,₱149.00,https://affiliate.tiktok.com/api/v1/share/AL2uJJ1X83CA,,,,,,,,,,
,https://p16-oec-sg.ibyteimg.com/tos-alisg-i-aphluv4xwc-sg/85faaf0bc48e491aaf2d0f98e72d77e8~tplv-aphluv4xwc-resize-jpeg:600:600.jpeg?dr=15584&from=520841845&idc=my&ps=933b5bde&shcp=6c17ea28&shp=1f0b6a75&t=555f072d,1734379977271969094,"Formulogic: Philippines
主推",美妆与个护,护肤,11607,Formulogic: Oil Control Low pH Gel Cleanser 80ml | Niacinamide + BHA | Oily Skin,4.7,否,₱149.00,https://affiliate.tiktok.com/api/v1/share/AL2uYxgUmcdu,,,,,,,,,,
,https://p16-oec-sg.ibyteimg.com/tos-alisg-i-aphluv4xwc-sg/f06e259074164da89deb33795ff474ce~tplv-aphluv4xwc-resize-jpeg:600:600.jpeg?dr=15584&from=520841845&idc=my&ps=933b5bde&shcp=6c17ea28&shp=1f0b6a75&t=555f072d,1734487624858305862,"Formulogic: Philippines
主推",美妆与个护,护肤,2115,Formulogic: [Oil Control Daily kit] Oil Control Cleanser 80ml + Moisturizer 40ml | Oily Skin,4.8,否,₱309.00,https://affiliate.tiktok.com/api/v1/share/ALNhqDjguZPA,,,,,,,,,,
,https://p16-oec-sg.ibyteimg.com/tos-alisg-i-aphluv4xwc-sg/4d93be0436c9491997766dbab0fb0c84~tplv-aphluv4xwc-resize-jpeg:600:600.jpeg?dr=15584&from=520841845&idc=my&ps=933b5bde&shcp=6c17ea28&shp=1f0b6a75&t=555f072d,1735801041113548696,"DAZZLE ME PHILIPPINES
主推",美妆与个护,美容,4554,"DAZZLE ME Lock & Pop! Hyper Bold-ing Tube Mascara | Volumizing, Long Lasting, Water Resistant No Smudge Tubing Mascara",4.7,否,₱179.00,https://affiliate.tiktok.com/api/v1/share/ALXupPQQRCT9,,,,,,,,,,
,https://p16-oec-sg.ibyteimg.com/tos-alisg-i-aphluv4xwc-sg/f649e627072143cc9cfad406dd7e6037~tplv-aphluv4xwc-resize-jpeg:600:600.jpeg?dr=15584&from=520841845&idc=my&ps=933b5bde&shcp=6c17ea28&shp=1f0b6a75&t=555f072d,1729782391471048942,"GLAMFIX PH
主推",美妆与个护,美容,359026,BEST SELLER | GLAMFIX Maxi Curl Lash Curler | Instant Lash Lift Eyelash Curler | Long-Lasting Curl,4.8,否,₱160.87-₱249.00,https://affiliate.tiktok.com/api/v1/share/ALYI6oKKwUdi,,,,,,,,,,
,https://p16-oec-sg.ibyteimg.com/tos-alisg-i-aphluv4xwc-sg/335447a11ce042b5996b388feb4414a8~tplv-aphluv4xwc-resize-jpeg:600:600.jpeg?dr=15584&from=520841845&idc=my&ps=933b5bde&shcp=6c17ea28&shp=1f0b6a75&t=555f072d,1734485899258922310,"Formulogic: Philippines
主推",美妆与个护,护肤,2970,"[Official] Formulogic: DUO(2pcs) Skin Emergency SOS Barrier Repair Cream 40ml - 5% Panthenol Hydrating Moisturizer - Whitening Cream - Sensitive Skin, Redness & Breakouts",4.9,否,₱329.00,https://affiliate.tiktok.com/api/v1/share/ALXwdQGwTK2p,,,,,,,,,,
,https://p16-oec-sg.ibyteimg.com/tos-alisg-i-aphluv4xwc-sg/ad14a1d9b5594b739f833c5e4e5043e6~tplv-aphluv4xwc-resize-jpeg:600:600.jpeg?dr=15584&from=520841845&idc=my&ps=933b5bde&shcp=6c17ea28&shp=1f0b6a75&t=555f072d,1737554291521258822,"Formulogic: Philippines
主推",美妆与个护,护肤,452,[Official] Formulogic Day & Night Barrier Duo | Day Oil Control Moisturizer + Night 5% Panthenol SOS Barrier Repair Cream 40ml,4.8,否,₱299.00,https://affiliate.tiktok.com/api/v1/share/ALXwdQgZJqyy,,,,,,,,,,
,https://p16-oec-sg.ibyteimg.com/tos-alisg-i-aphluv4xwc-sg/bfacec527c714c3884492d36c2725e8b~tplv-aphluv4xwc-resize-jpeg:600:600.jpeg?dr=15584&from=520841845&idc=my&ps=933b5bde&shcp=6c17ea28&shp=1f0b6a75&t=555f072d,1734487713835681094,"Formulogic: Philippines
主推",美妆与个护,护肤,115,[Official] Formulogic: DUO (2PCS) Oil Control Low pH Cleanser 80ml x2,4.8,否,₱269.00,https://affiliate.tiktok.com/api/v1/share/ALXwdQGx1Nc5,,,,,,,,,,
,https://p16-oec-sg.ibyteimg.com/tos-alisg-i-aphluv4xwc-sg/73f25452987a4fafad4cc34856c98cb4~tplv-aphluv4xwc-resize-jpeg:600:600.jpeg?dr=15584&from=520841845&idc=my&ps=933b5bde&shcp=6c17ea28&shp=1f0b6a75&t=555f072d,1731957779443909870,GLAMFIX PH,美妆与个护,美容,49625,BEST SELLER | GLAMFIX Glam My Lash Pro Extra Wide Curler | Instant Lash Lift Eyelash Curler | Long-Lasting Curl,4.8,否,₱185.00-₱249.00,https://affiliate.tiktok.com/api/v1/share/ALXupPQPbraG,,,,,,,,,,
,https://p16-oec-sg.ibyteimg.com/tos-alisg-i-aphluv4xwc-sg/16379861f54440aca312e289eb900337~tplv-aphluv4xwc-resize-jpeg:600:600.jpeg?dr=15584&from=520841845&idc=my&ps=933b5bde&shcp=6c17ea28&shp=1f0b6a75&t=555f072d,1731136383901074670,GLAMFIX PH,美妆与个护,美容,37208,TOP PICKS | GLAMFIX Maxi Curl Lash Curler | Maximum Lash Lift Eyelash Curler | Long-Lasting Curl,4.8,否,₱185.00-₱249.00,https://affiliate.tiktok.com/api/v1/share/ALXutudTWmcv,,,,,,,,,,
,https://p16-oec-sg.ibyteimg.com/tos-alisg-i-aphluv4xwc-sg/c14c168fb0594abdab34a68ebaa06775~tplv-aphluv4xwc-resize-jpeg:600:600.jpeg?dr=15584&from=520841845&idc=my&ps=933b5bde&shcp=6c17ea28&shp=1f0b6a75&t=555f072d,1734519174235522968,"DAZZLE ME PHILIPPINES
主推",美妆与个护,美容,40435,NEW | DAZZLE ME X Barbie Get a Grip! Oil Control + Set Matte Setting Spray | 36H Matte Lock,4.8,否,₱299.00,https://affiliate.tiktok.com/api/v1/share/AL2vkGlxsHl6,,,,,,,,,,
,https://p16-oec-sg.ibyteimg.com/tos-alisg-i-aphluv4xwc-sg/515f62f94df54d18a1120bc3140818c7~tplv-aphluv4xwc-resize-jpeg:600:600.jpeg?dr=15584&from=520841845&idc=my&ps=933b5bde&shcp=6c17ea28&shp=1f0b6a75&t=555f072d,1732866999160833944,"DAZZLE ME PHILIPPINES
主推",美妆与个护,美容,185339,BESTSELLER | DAZZLE ME Get a Grip! Makeup Setting Spray Prime+Set Anti-Pollution | 24H Protection,4.7,否,₱189.00-₱329.00,https://affiliate.tiktok.com/api/v1/share/AL2IdUMbPh58,,,,,,,,,,
,https://p16-oec-sg.ibyteimg.com/tos-alisg-i-aphluv4xwc-sg/ca954f19e4b24447b5a17cbe2350aff8~tplv-aphluv4xwc-resize-jpeg:600:600.jpeg?dr=15584&from=520841845&idc=my&ps=933b5bde&shcp=6c17ea28&shp=1f0b6a75&t=555f072d,1735340090276218860,"youbeautyph
主推",美妆与个护,护肤,9702,NEW LAUNCH | Y.O.U Sunbrella 50% Aloe-B5 Acne Shield Light Sunscreen SPF 50+ PA++++,4.8,否,₱279.00,https://affiliate.tiktok.com/api/v1/share/AKTLq8teqciV,,,,,,,,,,
,https://p16-oec-sg.ibyteimg.com/tos-alisg-i-aphluv4xwc-sg/466901c3382f4c86af91f047393ce0f1~tplv-aphluv4xwc-resize-jpeg:600:600.jpeg?dr=15584&from=520841845&idc=my&ps=933b5bde&shcp=6c17ea28&shp=1f0b6a75&t=555f072d,1734230574713243221,"Hued PH
主推",美妆与个护,护发造型,38078,[TOP PICKS] HUED Maxx Fixx Hair Styling Spray Strong Hold,4.7,否,₱299.00,https://affiliate.tiktok.com/api/v1/share/AL2vLHoKVnRn,,,,,,,,,,
,https://p16-oec-sg.ibyteimg.com/tos-alisg-i-aphluv4xwc-sg/4a18058ee41042308da501d27739ddbf~tplv-aphluv4xwc-resize-jpeg:600:600.jpeg?dr=15584&from=520841845&idc=my&ps=933b5bde&shcp=6c17ea28&shp=1f0b6a75&t=555f072d,1732478052121872280,"DAZZLE ME PHILIPPINES
主推",美妆与个护,美容,86773,BESTSELLER! | DAZZLE ME Cover Me Serum Concealer Duo | Non Cakey Long Lasting High Coverage Concealer,4.8,否,₱199.00,https://affiliate.tiktok.com/api/v1/share/AL2IbltnSw2q,,,,,,,,,,
,https://p16-oec-sg.ibyteimg.com/tos-alisg-i-aphluv4xwc-sg/dfb7a0f0b0c746b284faec7afd60454e~tplv-aphluv4xwc-resize-jpeg:600:600.jpeg?dr=15584&from=520841845&idc=my&ps=933b5bde&shcp=6c17ea28&shp=1f0b6a75&t=555f072d,1734442463386895686,"Formulogic: Philippines
主推",美妆与个护,护肤,3670,Formulogic: [Skin Emergency kit] Gentle Cleanser 80ml + SOS Cream 40ml | Breakouts & Redness,4.7,否,₱309.00,https://affiliate.tiktok.com/api/v1/share/AL2wVWOXZ0PF,,,,,,,,,,
,https://p16-oec-sg.ibyteimg.com/tos-alisg-i-aphluv4xwc-sg/8f3c7d85059e419abe28f09e85eccd7b~tplv-aphluv4xwc-resize-jpeg:600:600.jpeg?dr=15584&from=520841845&idc=my&ps=933b5bde&shcp=6c17ea28&shp=1f0b6a75&t=555f072d,1733969595698087832,"DAZZLE ME PHILIPPINES
主推",美妆与个护,美容,39012,BESTSELLER! | DAZZLE ME Get A Grip! Hydro Fix Makeup Setting Spray | 24H Hydro Lock,4.8,否,₱189.00,https://affiliate.tiktok.com/api/v1/share/AL5P2lstCvGN,,,,,,,,,,
,https://p16-oec-sg.ibyteimg.com/tos-alisg-i-aphluv4xwc-sg/846583e7475044ebb262e3dfb103c926~tplv-aphluv4xwc-resize-jpeg:600:600.jpeg?dr=15584&from=520841845&idc=my&ps=933b5bde&shcp=6c17ea28&shp=1f0b6a75&t=555f072d,1732140100786292071,"lavojoy PH
主推",美妆与个护,沐浴身体护理,460460,BEST SELLER | lavojoy Let It Glow Deodorant Serum | 72hrs Freshness antiperspirant,4.7,否,₱187.74-₱480.19,https://affiliate.tiktok.com/api/v1/share/ALDuUhssNh4b,,,,,,,,,,
,https://p16-oec-sg.ibyteimg.com/tos-alisg-i-aphluv4xwc-sg/6bbb4938f983472b900a19200527561d~tplv-aphluv4xwc-resize-jpeg:600:600.jpeg?dr=15584&from=520841845&idc=my&ps=933b5bde&shcp=6c17ea28&shp=1f0b6a75&t=555f072d,1731095285715338599,"lavojoy PH
主推",美妆与个护,沐浴身体护理,162564,【INSTANT BRIGHTENING】lavojoy Daily Shine Body Serum Instant Tone Up W/ 3% Niacinamide,4.3,否,₱189.00-₱509.00,https://affiliate.tiktok.com/api/v1/share/AJtuqiFa8GXj,,,,,,,,,,
,https://p16-oec-sg.ibyteimg.com/tos-alisg-i-aphluv4xwc-sg/9aafca797b77481bb48d1eeae5cd59b4~tplv-aphluv4xwc-resize-jpeg:600:600.jpeg?dr=15584&from=520841845&idc=my&ps=933b5bde&shcp=6c17ea28&shp=1f0b6a75&t=555f072d,1731072560255435866,"BARENBLISS PH
主推",美妆与个护,美容,105370,BESTSELLER | barenbliss BNB Roll to Length Steel Mascara | Longwear Mascara,4.7,否,₱299.00,https://affiliate.tiktok.com/api/v1/share/ALDpqJA1nfdV,,,,,,,,,,
,https://p16-oec-sg.ibyteimg.com/tos-alisg-i-aphluv4xwc-sg/af7b7aeb188b421f9cfbcffb2cbcf138~tplv-aphluv4xwc-resize-jpeg:600:600.jpeg?dr=15584&from=520841845&idc=my&ps=933b5bde&shcp=6c17ea28&shp=1f0b6a75&t=555f072d,1731513499549861784,"DAZZLE ME PHILIPPINES
主推",美妆与个护,美容,169027,BESTSELLER! | DAZZLE ME Better Than Filter HD Invisible Powder | 24H All-in-One Oil Control Powder,4.7,否,₱279.00-₱319.00,https://affiliate.tiktok.com/api/v1/share/ALDpqJOcDWSi,,,,,,,,,,
,https://p16-oec-sg.ibyteimg.com/tos-alisg-i-aphluv4xwc-sg/59d8304577cd45a78507d772f66c5168~tplv-aphluv4xwc-resize-jpeg:600:600.jpeg?dr=15584&from=520841845&idc=my&ps=933b5bde&shcp=6c17ea28&shp=1f0b6a75&t=555f072d,1732478171167754136,DAZZLE ME PHILIPPINES,美妆与个护,美容,46806,BESTSELLER! | DAZZLE ME Cover Me Serum Foundation | 24H Matte Non Cakey Full Coverage Foundation,4.7,否,₱299.00,https://affiliate.tiktok.com/api/v1/share/ALDuUhss6pV9,,,,,,,,,,
,https://p16-oec-sg.ibyteimg.com/tos-alisg-i-aphluv4xwc-sg/dce0bf1a74f045beae2bd1c40fe79549~tplv-aphluv4xwc-resize-jpeg:600:600.jpeg?dr=15584&from=520841845&idc=my&ps=933b5bde&shcp=6c17ea28&shp=1f0b6a75&t=555f072d,1734380103500727622,Formulogic: Philippines,美妆与个护,护肤,563,Formulogic: Clarifying Soothing Toner 100ml | Niacinamide + BHA | Oily Skin,4.8,否,₱164.35,https://affiliate.tiktok.com/api/v1/share/ALUql86L82gM,,,,,,,,,,
,https://p16-oec-sg.ibyteimg.com/tos-alisg-i-aphluv4xwc-sg/a51377a26c3647b2a87cee30a878e793~tplv-aphluv4xwc-resize-jpeg:600:600.jpeg?dr=15584&from=520841845&idc=my&ps=933b5bde&shcp=6c17ea28&shp=1f0b6a75&t=555f072d,1734487663467857222,Formulogic: Philippines,美妆与个护,护肤,91,Formulogic: [Oil Control Routine Set] Toner 100ml + Serum 20ml + Moisturizer 40ml | Oily Skin,5,否,₱512.17,https://affiliate.tiktok.com/api/v1/share/ALUqiyMEEAun,,,,,,,,,,
,https://p16-oec-sg.ibyteimg.com/tos-alisg-i-aphluv4xwc-sg/f785c49c2b8d4577bf9d0297537fdde3~tplv-aphluv4xwc-resize-jpeg:600:600.jpeg?dr=15584&from=520841845&idc=my&ps=933b5bde&shcp=6c17ea28&shp=1f0b6a75&t=555f072d,1734487664058991942,Formulogic: Philippines,美妆与个护,护肤,137,[Limited Offer!] Ultimate Full-Size Bundle: Cleanser+Toner+Serum+Cream | Sensitive Skin | Formulogic,4.8,否,₱607.83,https://affiliate.tiktok.com/api/v1/share/ALUql86LPEBl,,,,,,,,,,
,https://p16-oec-sg.ibyteimg.com/tos-alisg-i-aphluv4xwc-sg/c7c1e1fbbccb4e518e5990106f5ddee7~tplv-aphluv4xwc-resize-jpeg:600:600.jpeg?dr=15584&from=520841845&idc=my&ps=933b5bde&shcp=6c17ea28&shp=1f0b6a75&t=555f072d,1733263872318342382,GLAMFIX PH,美妆与个护,护发造型,9456,GLAMFIX Bioflex Detangling Bio-Keratin Brush Crystal Aura 1-Glide Detangling | Hair Brushes,4.8,否,₱399.00,https://affiliate.tiktok.com/api/v1/share/AKbiYBMIWnVQ,,,,,,,,,,
,https://p16-oec-sg.ibyteimg.com/tos-alisg-i-aphluv4xwc-sg/f9575d7dc955440090a1f5a50017e741~tplv-aphluv4xwc-resize-jpeg:600:600.jpeg?dr=15584&from=520841845&idc=my&ps=933b5bde&shcp=6c17ea28&shp=1f0b6a75&t=555f072d,1730580364898371674,BARENBLISS PH,美妆与个护,美容,89357,BESTSELLER | barenbliss BNB Moist Mochi Blush | Cream-to-Powdery Finish Blush,4.8,否,₱299.10-₱349.00,https://affiliate.tiktok.com/api/v1/share/AJOmlk4EbAQq,,,,,,,,,,
,https://p16-oec-sg.ibyteimg.com/tos-alisg-i-aphluv4xwc-sg/9eb3220bbcd14e8eb882084f68620ff8~tplv-aphluv4xwc-resize-jpeg:600:600.jpeg?dr=15584&from=520841845&idc=my&ps=933b5bde&shcp=6c17ea28&shp=1f0b6a75&t=555f072d,1734425689818825818,BARENBLISS PH,美妆与个护,美容,23697,barenbliss BNB Roll To Definer Steel Mascara | Twin-Sided Steel Comb Mascara,4.7,否,₱299.00,https://affiliate.tiktok.com/api/v1/share/AL2uWayhyPeT,,,,,,,,,,
,https://p16-oec-sg.ibyteimg.com/tos-alisg-i-aphluv4xwc-sg/6eaf5570ac284dd9a986975acad25fde~tplv-aphluv4xwc-resize-jpeg:600:600.jpeg?dr=15584&from=520841845&idc=my&ps=933b5bde&shcp=6c17ea28&shp=1f0b6a75&t=555f072d,1735802099777570712,DAZZLE ME PHILIPPINES,美妆与个护,美容,2028,NEW! | DAZZLE ME Limited Edition Get a Grip! Makeup Setting Spray Shimmer Fix 60ml | Glazed Finish,4.8,否,₱209.00,https://affiliate.tiktok.com/api/v1/share/AL1jWFF7p77y,,,,,,,,,,
,https://p16-oec-sg.ibyteimg.com/tos-alisg-i-aphluv4xwc-sg/88920166a2054d8eb180aaa00d7ffb88~tplv-aphluv4xwc-resize-jpeg:600:600.jpeg?dr=15584&from=520841845&idc=my&ps=933b5bde&shcp=6c17ea28&shp=1f0b6a75&t=555f072d,1729619927731768300,youbeautyph,美妆与个护,护肤,47271,Y.O.U Hy! Amino AC-Ttack Facial Wash/1.5% BHA｜Hydrating｜Anti-Aging｜Acne Treatment,4.8,否,₱199.00-₱339.00,https://affiliate.tiktok.com/api/v1/share/AJdZm7j8z7ZN,,,,,,,,,,
,https://p16-oec-sg.ibyteimg.com/tos-alisg-i-aphluv4xwc-sg/da6c5f35372f4228be6151377d3e91a1~tplv-aphluv4xwc-resize-jpeg:600:600.jpeg?dr=15584&from=520841845&idc=my&ps=933b5bde&shcp=6c17ea28&shp=1f0b6a75&t=555f072d,1729654718850829292,youbeautyph,美妆与个护,美容,35255,BEST SELLER | Y.O.U Cloud Touch Blurring Skin Tint Foundation | Light Breathable Flawless Finish | High Coverage | 24H Makeup Stay 20ml | Oily & Acne Prone Skin Friendly | SPF25 PA+++,4.9,否,₱439.00,https://affiliate.tiktok.com/api/v1/share/ALDuPofvIlDW,,,,,,,,,,
,https://p16-oec-sg.ibyteimg.com/tos-alisg-i-aphluv4xwc-sg/88431d3d771d4d189d987044205e8158~tplv-aphluv4xwc-resize-jpeg:600:600.jpeg?dr=15584&from=520841845&idc=my&ps=933b5bde&shcp=6c17ea28&shp=1f0b6a75&t=555f072d,1736207473617372519,lavojoy PH,美妆与个护,沐浴身体护理,4191,NEW | Instant Glow | lavojoy Daily Shine Instant Tone Up Body Serum SPF50 3% Niacinamide Vitamin C,4.7,否,₱379.00,https://affiliate.tiktok.com/api/v1/share/ALDuUgw0Gc0w,,,,,,,,,,
,https://p16-oec-sg.ibyteimg.com/tos-alisg-i-aphluv4xwc-sg/d02b591e816b44b09dcd805f6da47359~tplv-aphluv4xwc-resize-jpeg:600:600.jpeg?dr=15584&from=520841845&idc=my&ps=933b5bde&shcp=6c17ea28&shp=1f0b6a75&t=555f072d,1734380126188176710,Formulogic: Philippines,美妆与个护,护肤,1094,Formulogic: Refining Ampoule Serum 20ml | 8H Oil Control | Niacinamide + BHA | Oily Skin,4.8,否,₱229.00,https://affiliate.tiktok.com/api/v1/share/AL2ubQAo49Ky,,,,,,,,,,
,https://p16-oec-sg.ibyteimg.com/tos-alisg-i-aphluv4xwc-sg/70fbc077485849d695852e3f53bbc12e~tplv-aphluv4xwc-resize-jpeg:600:600.jpeg?dr=15584&from=520841845&idc=my&ps=933b5bde&shcp=6c17ea28&shp=1f0b6a75&t=555f072d,1736407450527040602,BARENBLISS PH,美妆与个护,美容,3753,barenbliss BNB Roll to Clean Mascara Remover | Insta-Clear Lash,4.9,否,₱199.00,https://affiliate.tiktok.com/api/v1/share/ALAX2vqDJk9E,,,,,,,,,,
,https://p16-oec-sg.ibyteimg.com/tos-alisg-i-aphluv4xwc-sg/78084b7fff4442baa60e8fc5db01961b~tplv-aphluv4xwc-resize-jpeg:600:600.jpeg?dr=15584&from=520841845&idc=my&ps=933b5bde&shcp=6c17ea28&shp=1f0b6a75&t=555f072d,1734379896663868742,Formulogic: Philippines,美妆与个护,护肤,684,Formulogic: Hydrating Soothing Toner 100ml | Panthenol (B5)+Centella | Sensitive Skin,4.8,否,₱179.00,https://affiliate.tiktok.com/api/v1/share/AL2vvHsEy46e,,,,,,,,,,
,https://p16-oec-sg.ibyteimg.com/tos-alisg-i-aphluv4xwc-sg/212517e6de844d578d812ff62a002fda~tplv-aphluv4xwc-resize-jpeg:600:600.jpeg?dr=15584&from=520841845&idc=my&ps=933b5bde&shcp=6c17ea28&shp=1f0b6a75&t=555f072d,1736103313111287704,DAZZLE ME PHILIPPINES,美妆与个护,美容,772,NEW! | DAZZLE ME Lock & Shape! 3-in-1 Wood Eyebrow Pencil | Multi-Way Smooth Glide Tip,4.8,否,₱99.00,https://affiliate.tiktok.com/api/v1/share/AL8UqTjDcNO5,,,,,,,,,,
,https://p16-oec-sg.ibyteimg.com/tos-alisg-i-aphluv4xwc-sg/4aa993535555453b82f846fbbf4b8c2f~tplv-aphluv4xwc-resize-jpeg:600:600.jpeg?dr=15584&from=520841845&idc=my&ps=933b5bde&shcp=6c17ea28&shp=1f0b6a75&t=555f072d,1733387873599850392,DAZZLE ME PHILIPPINES,美妆与个护,美容,4046,DAZZLE ME Get a Grip! Makeup Setting Spray Prime+Set Anti-Pollution 100ml,4.9,否,₱299.00,https://affiliate.tiktok.com/api/v1/share/ALDpqIreY70a,,,,,,,,,,
,https://p16-oec-sg.ibyteimg.com/tos-alisg-i-aphluv4xwc-sg/4d977d55f3fe4170810468f682b495a4~tplv-aphluv4xwc-resize-jpeg:600:600.jpeg?dr=15584&from=520841845&idc=my&ps=933b5bde&shcp=6c17ea28&shp=1f0b6a75&t=555f072d,1731957366668888044,youbeautyph,健康保健,非处方药品,51470,[NEW LAUNCH] Y.O.U AcnePlus Spot Care Pro Serum 15g l Prevent Breakouts & Fades Acne Marks,4.7,否,₱199.00,https://affiliate.tiktok.com/api/v1/share/AJdZpx9ZlbPR,,,,,,,,,,
,https://p16-oec-sg.ibyteimg.com/tos-alisg-i-aphluv4xwc-sg/f316e03ea31e4549b0cc4e7a360126a2~tplv-aphluv4xwc-resize-jpeg:600:600.jpeg?dr=15584&from=520841845&idc=my&ps=933b5bde&shcp=6c17ea28&shp=1f0b6a75&t=555f072d,1732763661451167724,youbeautyph,美妆与个护,护肤,6923,[ NEW ARRIVAL ] Y.O.U Radiance Up! Spotless Brightening Serum,4.8,否,₱512.18-₱679.00,https://affiliate.tiktok.com/api/v1/share/AJjPQDQ2ZSjZ,,,,,,,,,,
,https://p16-oec-sg.ibyteimg.com/tos-alisg-i-aphluv4xwc-sg/79422e43e51f4c2b894eac913f982cbb~tplv-aphluv4xwc-resize-jpeg:600:600.jpeg?dr=15584&from=520841845&idc=my&ps=933b5bde&shcp=6c17ea28&shp=1f0b6a75&t=555f072d,1730847434257434604,youbeautyph,美妆与个护,护肤,17430,BEST SELLER | Y.O.U Sunbrella Triple UV Elixir Sunscreen SPF 50+ PA++++ | 8H Oil Control 30ml,4.8,否,₱279.00,https://affiliate.tiktok.com/api/v1/share/ALNF4WgrPAaM,,,,,,,,,,
,https://p16-oec-sg.ibyteimg.com/tos-alisg-i-aphluv4xwc-sg/5a09f77a905c4d7898cec9571a046092~tplv-aphluv4xwc-resize-jpeg:600:600.jpeg?dr=15584&from=520841845&idc=my&ps=933b5bde&shcp=6c17ea28&shp=1f0b6a75&t=555f072d,1729383065761582170,BARENBLISS PH,美妆与个护,美容,105564,barenbliss BNB Bloomatte Fine to Refine Compact Powder | Matte Finish Compact Powder,4.7,否,₱429.00,https://affiliate.tiktok.com/api/v1/share/AL2w1bLgTfJh,,,,,,,,,,
,https://p16-oec-sg.ibyteimg.com/tos-alisg-i-aphluv4xwc-sg/01041d48d39e4940ad3592ad35c8ebd8~tplv-aphluv4xwc-resize-jpeg:600:600.jpeg?dr=15584&from=520841845&idc=my&ps=933b5bde&shcp=6c17ea28&shp=1f0b6a75&t=555f072d,1731134835276022874,BARENBLISS PH,美妆与个护,美容,18921,BESTSELLER | barenbliss BNB Peach Makes Perfect Lip Tint | 24H Glossy Stain Tint,4.8,否,₱242.60,https://affiliate.tiktok.com/api/v1/share/AJjPPqTsv2UG,,,,,,,,,,
,https://p16-oec-sg.ibyteimg.com/tos-alisg-i-aphluv4xwc-sg/f3a57b58d95a4f60867ef3ae2272aa4c~tplv-aphluv4xwc-resize-jpeg:600:600.jpeg?dr=15584&from=520841845&idc=my&ps=933b5bde&shcp=6c17ea28&shp=1f0b6a75&t=555f072d,1734999398871696622,GLAMFIX PH,美妆与个护,美容,14077,[NEW] [Glamfix x Barbie] GLAMFIX Glam My Lash Curler - Maxi Curl - Barbie Collection,4.7,否,₱219.00,https://affiliate.tiktok.com/api/v1/share/AL2wY7PuOXGb,,,,,,,,,,
,https://p16-oec-sg.ibyteimg.com/tos-alisg-i-aphluv4xwc-sg/2313efc2dd7b4c86b38eda15d2e4daaf~tplv-aphluv4xwc-resize-jpeg:600:600.jpeg?dr=15584&from=520841845&idc=my&ps=933b5bde&shcp=6c17ea28&shp=1f0b6a75&t=555f072d,1731540944036136533,Hued PH,美妆与个护,护发造型,8397,BEST SELLER | HUED Hi Sleek Comb-In Hair Color | 1-Step Hair Dye with Nourishing Treatment | Salon-Fresh Color & Floral Scent,4.6,否,"₱339.00-₱1,358.00",https://affiliate.tiktok.com/api/v1/share/ALOHXWnkKGTM,,,,,,,,,,
,https://p16-oec-sg.ibyteimg.com/tos-alisg-i-aphluv4xwc-sg/10bb2e3d83cd47178ee0d66604173aec~tplv-aphluv4xwc-resize-jpeg:600:600.jpeg?dr=15584&from=520841845&idc=my&ps=933b5bde&shcp=6c17ea28&shp=1f0b6a75&t=555f072d,1736435001217091480,DAZZLE ME PHILIPPINES,美妆与个护,护肤,239,NEW! | DAZZLE ME Attack on Sun! Centella Watery Sunscreen SPF50 PA++++ | Skin Calming Sunscreen,4.7,否,₱229.00,https://affiliate.tiktok.com/api/v1/share/AL67jFNj0ANn,,,,,,,,,,
,https://p16-oec-sg.ibyteimg.com/tos-alisg-i-aphluv4xwc-sg/bf349c36143848ed9fd62df86edc0a80~tplv-aphluv4xwc-resize-jpeg:600:600.jpeg?dr=15584&from=520841845&idc=my&ps=933b5bde&shcp=6c17ea28&shp=1f0b6a75&t=555f072d,1735422089570650008,DAZZLE ME PHILIPPINES,美妆与个护,美容,206,DAZZLE ME Get it Off! Cleansing Balm-in-Tube | Deep Clean Makeup Remover,4.5,否,₱189.00,https://affiliate.tiktok.com/api/v1/share/AL2wGnCJ7s71,,,,,,,,,,
,https://p16-oec-sg.ibyteimg.com/tos-alisg-i-aphluv4xwc-sg/cf895b6b15b74c518ae3d94f318d9959~tplv-aphluv4xwc-resize-jpeg:600:600.jpeg?dr=15584&from=520841845&idc=my&ps=933b5bde&shcp=6c17ea28&shp=1f0b6a75&t=555f072d,1734519062350235544,DAZZLE ME PHILIPPINES,美妆与个护,美容,17313,NEW | DAZZLE ME X Barbie Peptide Power Matte Tinted Lip Balm SPF50+ PA++++ | 24H Blur-Matte,4.8,否,₱199.00,https://affiliate.tiktok.com/api/v1/share/AL2vR4vGLUey,,,,,,,,,,
,https://p16-oec-sg.ibyteimg.com/tos-alisg-i-aphluv4xwc-sg/8b73071ebca24005bd900411ecab41af~tplv-aphluv4xwc-resize-jpeg:600:600.jpeg?dr=15584&from=520841845&idc=my&ps=933b5bde&shcp=6c17ea28&shp=1f0b6a75&t=555f072d,1733347708466464664,DAZZLE ME PHILIPPINES,美妆与个护,美容,8913,DAZZLE ME Cover Me 4-in-1 Serum Cushion & Powder SPF35 PA+++ | 36H Pro-Finish Matte,4.8,否,₱399.00,https://affiliate.tiktok.com/api/v1/share/ALGPNpU40hH5,,,,,,,,,,
,https://p16-oec-sg.ibyteimg.com/tos-alisg-i-aphluv4xwc-sg/c83f2f3af558443ab7fb484a12997d23~tplv-aphluv4xwc-resize-jpeg:600:600.jpeg?dr=15584&from=520841845&idc=my&ps=933b5bde&shcp=6c17ea28&shp=1f0b6a75&t=555f072d,1729395998217834392,DAZZLE ME PHILIPPINES,美妆与个护,护肤,506188,"DAZZLE ME 24/7 Wonderfullip Serum | Nourishing Lip Treatment Lip Gloss- Buy 1, Take 1",4.8,否,₱125.00-₱676.00,https://affiliate.tiktok.com/api/v1/share/AL2sxe9U5bpM,,,,,,,,,,
,https://p16-oec-sg.ibyteimg.com/tos-alisg-i-aphluv4xwc-sg/23f0196f4e4f486da416f3f602d8565a~tplv-aphluv4xwc-resize-jpeg:600:600.jpeg?dr=15584&from=520841845&idc=my&ps=933b5bde&shcp=6c17ea28&shp=1f0b6a75&t=555f072d,1736553581237339226,BARENBLISS PH,美妆与个护,美容,179,NEW! | barenbliss BNB Roll To Volume Mascara | 48H Maxi-Volume Lashes,5,否,₱299.00,https://affiliate.tiktok.com/api/v1/share/ALAX38Uc9HcT,,,,,,,,,,
,https://p16-oec-sg.ibyteimg.com/tos-alisg-i-aphluv4xwc-sg/a4403450b3714dec968095105166c6ff~tplv-aphluv4xwc-resize-jpeg:600:600.jpeg?dr=15584&from=520841845&idc=my&ps=933b5bde&shcp=6c17ea28&shp=1f0b6a75&t=555f072d,1736553843490522202,BARENBLISS PH,美妆与个护,美容,198,NEW! | barenbliss BNB Roll to High Mascara | 48H Curling & Bold Lashes,4.9,否,₱299.00,https://affiliate.tiktok.com/api/v1/share/ALAX5Oro4QFl,,,,,,,,,,
,https://p16-oec-sg.ibyteimg.com/tos-alisg-i-aphluv4xwc-sg/b45b0faaaf844c3e8043ddacc2ff3729~tplv-aphluv4xwc-resize-jpeg:600:600.jpeg?dr=15584&from=520841845&idc=my&ps=933b5bde&shcp=6c17ea28&shp=1f0b6a75&t=555f072d,1734519288401397656,DAZZLE ME PHILIPPINES,美妆与个护,美容,396,NEW | DAZZLE ME X Barbie Airbrush Spray Blush | Blendable Buildable Water Sweat Transfer Proof,4.8,否,₱229.00,https://affiliate.tiktok.com/api/v1/share/AK6wteDK9Zns,,,,,,,,,,
,https://p16-oec-sg.ibyteimg.com/tos-alisg-i-aphluv4xwc-sg/5ea9c90f2b594a9db14719113f097d0b~tplv-aphluv4xwc-resize-jpeg:600:600.jpeg?dr=15584&from=520841845&idc=my&ps=933b5bde&shcp=6c17ea28&shp=1f0b6a75&t=555f072d,1734519280722937752,DAZZLE ME PHILIPPINES,美妆与个护,美容,3773,NEW | DAZZLE ME X Barbie Lock & Pop! 3D Curl-ing Iron Mascara | 24H Curl-Lock Lift 3D Iron Wand,4.8,否,₱229.00,https://affiliate.tiktok.com/api/v1/share/AK6wteTXDIG6,,,,,,,,,,
,https://p16-oec-sg.ibyteimg.com/tos-alisg-i-aphluv4xwc-sg/35dc9af148da49d3a8856f8f1982f656~tplv-aphluv4xwc-resize-jpeg:600:600.jpeg?dr=15584&from=520841845&idc=my&ps=933b5bde&shcp=6c17ea28&shp=1f0b6a75&t=555f072d,1734999424466322670,GLAMFIX PH,美妆与个护,美容,1322,[NEW] [Glamfix x Barbie] GLAMFIX Glam My Lash Curler - Pro Curler - Barbie Collection,4.8,否,₱249.00,https://affiliate.tiktok.com/api/v1/share/AKTDwEBnaLVg,,,,,,,,,,
,https://p16-oec-sg.ibyteimg.com/tos-alisg-i-aphluv4xwc-sg/dac849e0d4b6499385adf360a72ffd97~tplv-aphluv4xwc-resize-jpeg:600:600.jpeg?dr=15584&from=520841845&idc=my&ps=933b5bde&shcp=6c17ea28&shp=1f0b6a75&t=555f072d,1734379959079830854,Formulogicph,美妆与个护,护肤,171,Soothing Ampoule Serum 20ml | Panthenol (B5) + Hyaluronic Acid | Sensitive Skin | Formulogic,4.8,否,₱249.00,https://affiliate.tiktok.com/api/v1/share/AK8GZWy9SuxK,,,,,,,,,,
,https://p16-oec-sg.ibyteimg.com/tos-alisg-i-aphluv4xwc-sg/74de03352e434564ad024b71f600ab71~tplv-aphluv4xwc-resize-jpeg:600:600.jpeg?dr=15584&from=520841845&idc=my&ps=933b5bde&shcp=6c17ea28&shp=1f0b6a75&t=555f072d,1731431522256454894,GLAMFIX PH,美妆与个护,美容,2008,GLAMFIX Wink Era Poppin' Glue-Free Lash Clusters | User-Friendly Reusable | False Eyelashes,4.8,否,₱249.00,https://affiliate.tiktok.com/api/v1/share/AK7PHZ5fiYFA,,,,,,,,,,
,https://p16-oec-sg.ibyteimg.com/tos-alisg-i-aphluv4xwc-sg/5cde8ae946ae4f36aa0a18ff8c63ef16~tplv-aphluv4xwc-resize-jpeg:600:600.jpeg?dr=15584&from=520841845&idc=my&ps=933b5bde&shcp=6c17ea28&shp=1f0b6a75&t=555f072d,1730583416988272999,lavojoy PH,美妆与个护,沐浴身体护理,26952,【NON-INSTANT WHITENING】lavojoy Let It Glow Body Serum | Dewy and Moisturizing Skin | 180ml,4.2,否,₱189.00-₱509.00,https://affiliate.tiktok.com/api/v1/share/AK7PIGyunxjX,,,,,,,,,,
,https://p16-oec-sg.ibyteimg.com/tos-alisg-i-aphluv4xwc-sg/a5053235ef0c45fb934f5a47539e5b71~tplv-aphluv4xwc-resize-jpeg:600:600.jpeg?dr=15584&from=520841845&idc=my&ps=933b5bde&shcp=6c17ea28&shp=1f0b6a75&t=555f072d,1734319517132096602,BARENBLISS PH,美妆与个护,护肤,3791,NEW! barenbliss Jelly Juicy Peptide Lip Treatment | Multi-Peptide Lip Treatment,4.8,否,₱249.00,https://affiliate.tiktok.com/api/v1/share/AJtcW95N4j3a,,,,,,,,,,
,https://p16-oec-sg.ibyteimg.com/tos-alisg-i-aphluv4xwc-sg/e91d1ba9fcfd4831884a0571f760299c~tplv-aphluv4xwc-resize-jpeg:600:600.jpeg?dr=15584&from=520841845&idc=my&ps=933b5bde&shcp=6c17ea28&shp=1f0b6a75&t=555f072d,1733588132054206444,youbeautyph,美妆与个护,护肤,3291,[NEW LAUNCH] Y.O.U Hy! Amino+ 20% Centella Barrier Low pH Gel Cleanser | Gently Cleanses & Soothes Skin,4.8,否,₱199.00-₱294.78,https://affiliate.tiktok.com/api/v1/share/AJjPOGCi56OL,,,,,,,,,,
,https://p16-oec-sg.ibyteimg.com/tos-alisg-i-aphluv4xwc-sg/745f53123c1f43f582c8e74b42a51c46~tplv-aphluv4xwc-resize-jpeg:600:600.jpeg?dr=15584&from=520841845&idc=my&ps=933b5bde&shcp=6c17ea28&shp=1f0b6a75&t=555f072d,1732286143554750360,DAZZLE ME PHILIPPINES,美妆与个护,美容,3900,DAZZLE ME Ink-Lock Lip Duo | SPF15 PA+++ Lipstick Lip Serum Waterproof Transfer Proof,4.7,否,₱199.00,https://affiliate.tiktok.com/api/v1/share/AJdVxpt52zWA,,,,,,,,,,
,https://p16-oec-sg.ibyteimg.com/tos-alisg-i-aphluv4xwc-sg/19fdd6fde3d54fd188db2d4d71bcae11~tplv-aphluv4xwc-resize-jpeg:600:600.jpeg?dr=15584&from=520841845&idc=my&ps=933b5bde&shcp=6c17ea28&shp=1f0b6a75&t=555f072d,1731713047138699160,DAZZLE ME PHILIPPINES,美妆与个护,美容,27077,DAZZLE ME Ink-Jelly Glow Tint | SPF 15 PA++ Lip Peptide Hydrating Oil Tint Hybrid,4.8,否,₱175.00,https://affiliate.tiktok.com/api/v1/share/AJdVxrPyIP2O,,,,,,,,,,
,https://p16-oec-sg.ibyteimg.com/tos-alisg-i-aphluv4xwc-sg/bbd3b6cfc2bc4fe3ad72054d859cdb54~tplv-aphluv4xwc-resize-jpeg:600:600.jpeg?dr=15584&from=520841845&idc=my&ps=933b5bde&shcp=6c17ea28&shp=1f0b6a75&t=555f072d,1732524057197774744,DAZZLE ME PHILIPPINES,美妆与个护,美容,15299,BESTSELLER | DAZZLE ME Airbrush Spray Blush | Long Lasting Radiant Glow Cheek Color Spray-On Blush,4.7,否,₱199.00,https://affiliate.tiktok.com/api/v1/share/AJdVxptAGw0Q,,,,,,,,,,
,https://p16-oec-sg.ibyteimg.com/tos-alisg-i-aphluv4xwc-sg/cc20367f75a84420a551344053e80b92~tplv-aphluv4xwc-resize-jpeg:600:600.jpeg?dr=15584&from=520841845&idc=my&ps=933b5bde&shcp=6c17ea28&shp=1f0b6a75&t=555f072d,1733362128214328410,BARENBLISS PH,美妆与个护,美容,5805,NEW! | barenbliss BNB Bloomatte Fine to Refine Compact Powder | 24H Pore-Refine Oil Control Gel Powder,4.8,否,₱429.00,https://affiliate.tiktok.com/api/v1/share/AJdVxrPyZUgk,,,,,,,,,,
,https://p16-oec-sg.ibyteimg.com/tos-alisg-i-aphluv4xwc-sg/aeaa5819b6f748ed85267c852b0e29e2~tplv-aphluv4xwc-resize-jpeg:600:600.jpeg?dr=15584&from=520841845&idc=my&ps=933b5bde&shcp=6c17ea28&shp=1f0b6a75&t=555f072d,1732855842374124634,BARENBLISS PH,美妆与个护,美容,7985,barenbliss Aura Mood Transferproof Vinyl Lip Cream | 36h Hi-Pigment Transferproof Glossy Lips,4.6,否,₱339.00,https://affiliate.tiktok.com/api/v1/share/AJdWAgpUcWo5,,,,,,,,,,
,https://p16-oec-sg.ibyteimg.com/tos-alisg-i-aphluv4xwc-sg/74506d6d3a07454b8a3066f1d4748ec1~tplv-aphluv4xwc-resize-jpeg:600:600.jpeg?dr=15584&from=520841845&idc=my&ps=933b5bde&shcp=6c17ea28&shp=1f0b6a75&t=555f072d,1732855468163826778,BARENBLISS PH,美妆与个护,美容,2402,barenbliss Aura Mood Transferproof Matte Lip Cream | 36H Hi-Pigment Transferproof Matte Lips,4.7,否,₱339.00,https://affiliate.tiktok.com/api/v1/share/AJdW7t6iF5W6,,,,,,,,,,
,https://p16-oec-sg.ibyteimg.com/tos-alisg-i-aphluv4xwc-sg/b94fc5d7ab3e4e6da690831d7368a620~tplv-aphluv4xwc-resize-jpeg:600:600.jpeg?dr=15584&from=520841845&idc=my&ps=933b5bde&shcp=6c17ea28&shp=1f0b6a75&t=555f072d,1730030323689294744,DAZZLE ME PHILIPPINES,美妆与个护,美容,296233,DAZZLE ME Get a Grip! Makeup Setting Spray Matte Fix 60ml | Long Lasting Facial Mist,4.8,否,₱179.00,https://affiliate.tiktok.com/api/v1/share/ALXwintgCw5j,,,,,,,,,,
,https://p16-oec-sg.ibyteimg.com/tos-alisg-i-aphluv4xwc-sg/720f96cdd3c047cd864c8f4812000780~tplv-aphluv4xwc-resize-jpeg:600:600.jpeg?dr=15584&from=520841845&idc=my&ps=933b5bde&shcp=6c17ea28&shp=1f0b6a75&t=555f072d,1730853030290950124,youbeautyph,美妆与个护,护肤,28386,BEST SELLER | Y.O.U SUNBRELLA 2% Niacinamide Brightening and High UV Protection Sunscreen SPF50+ PA++++,4.8,否,₱339.00,https://affiliate.tiktok.com/api/v1/share/ALXwiwmdcVAt,,,,,,,,,,
,https://p16-oec-sg.ibyteimg.com/tos-alisg-i-aphluv4xwc-sg/21f11b110c0e479b85e286cb333f1700~tplv-aphluv4xwc-resize-jpeg:600:600.jpeg?dr=15584&from=520841845&idc=my&ps=933b5bde&shcp=6c17ea28&shp=1f0b6a75&t=555f072d,1732793149675440108,youbeautyph,美妆与个护,护肤,2199,BEST SELLER | Y.O.U Radiance Renewal Brightening Moisturizer Gel 30g | Unlock Clear & Radiant Skin in 2 Weeks,4.9,否,₱539.00,https://affiliate.tiktok.com/api/v1/share/ALXwintgTuaw,,,,,,,,,,
,https://p16-oec-sg.ibyteimg.com/tos-alisg-i-aphluv4xwc-sg/1934f68e80c44bd2b28818eba1f73447~tplv-aphluv4xwc-resize-jpeg:600:600.jpeg?dr=15584&from=520841845&idc=my&ps=933b5bde&shcp=6c17ea28&shp=1f0b6a75&t=555f072d,1733588170556475372,youbeautyph,美妆与个护,护肤,19084,BEST SELLER | Y.O.U Hy! Amino+ 1.5% BHA Fight Acne Gel Cleanser | Minimizes Pores and Breakouts,4.8,否,₱199.00-₱339.00,https://affiliate.tiktok.com/api/v1/share/ALXwiwmdtPfz,,,,,,,,,,
,https://p16-oec-sg.ibyteimg.com/tos-alisg-i-aphluv4xwc-sg/3cf1d59fc54c4fffbbe33af6d518bcd2~tplv-aphluv4xwc-resize-jpeg:600:600.jpeg?dr=15584&from=520841845&idc=my&ps=933b5bde&shcp=6c17ea28&shp=1f0b6a75&t=555f072d,1734487625695528262,Formulogic: Philippines,美妆与个护,护肤,727,[Official] Formulogic: DUO (2PCS) Oil Control Barrier Moisturizer 40ml x2,5,否,₱329.00,https://affiliate.tiktok.com/api/v1/share/ALXwdQgYlgaU,,,,,,,,,,
,https://p16-oec-sg.ibyteimg.com/tos-alisg-i-aphluv4xwc-sg/d67fd2ced04848e28d46eaebfb22c8a6~tplv-aphluv4xwc-resize-jpeg:600:600.jpeg?dr=15584&from=520841845&idc=my&ps=933b5bde&shcp=6c17ea28&shp=1f0b6a75&t=555f072d,1734487664336799046,Formulogic: Philippines,美妆与个护,护肤,51,[Limited Offer!] Ultimate Full-Size Bundle: Cleanser+Toner+Serum+Moisturizer Oily Skin | Formulogic,4.6,否,₱629.00,https://affiliate.tiktok.com/api/v1/share/ALXwdQGwkEwR,,,,,,,,,,
,https://p16-oec-sg.ibyteimg.com/tos-alisg-i-aphluv4xwc-sg/f7a56fce728442729beea15b265af48d~tplv-aphluv4xwc-resize-jpeg:600:600.jpeg?dr=15584&from=520841845&idc=my&ps=933b5bde&shcp=6c17ea28&shp=1f0b6a75&t=555f072d,1734487678996809030,Formulogic: Philippines,美妆与个护,护肤,82,[Official] Formulogic: DUO (2PCS) Low pH Gentle Cleanser 80ml x2 | Barrier Repair,4.5,否,₱269.00,https://affiliate.tiktok.com/api/v1/share/ALXwdQgZ2m3q,,,,,,,,,,
,https://p16-oec-sg.ibyteimg.com/tos-alisg-i-aphluv4xwc-sg/72fd6e5e4a5147d5a9888466e287f636~tplv-aphluv4xwc-resize-jpeg:600:600.jpeg?dr=15584&from=520841845&idc=my&ps=933b5bde&shcp=6c17ea28&shp=1f0b6a75&t=555f072d,1733983574074754407,lavojoy PH,美妆与个护,护肤,4348,BEST SELLER | lavojoy Let It Glow Underarm Serum | 14-day Brightening | Multi-Acid Exfoliation | Barrier Care,4.8,否,₱279.00-₱569.00,https://affiliate.tiktok.com/api/v1/share/ALYI6o5bjBg4,,,,,,,,,,
,https://p16-oec-sg.ibyteimg.com/tos-alisg-i-aphluv4xwc-sg/d8ded28dc52b4bb4b380f9b39bd51d2b~tplv-aphluv4xwc-resize-jpeg:600:600.jpeg?dr=15584&from=520841845&idc=my&ps=933b5bde&shcp=6c17ea28&shp=1f0b6a75&t=555f072d,1733367315216172246,"Dr.Ritta Official PH
主推",美妆与个护,口腔鼻腔护理,77447,"[BUY 1 GET 2 FREE] Dr.Ritta SP68 Whitening Toothpaste 100g - Dual-Effect Whitening, Remove Plaque & Bad Breath [COD]",4.7,是,₱80.00-₱129.00,https://affiliate.tiktok.com/api/v1/share/AJUyJB0Yhfgq,,,,,,,,,,
,https://p16-oec-sg.ibyteimg.com/tos-alisg-i-aphluv4xwc-sg/0e0547b4bf65447b973e26d1f1d00fc2~tplv-aphluv4xwc-resize-jpeg:600:600.jpeg?dr=15584&from=520841845&idc=my&ps=933b5bde&shcp=6c17ea28&shp=1f0b6a75&t=555f072d,1733069992008189753,NEW DAY PH,美妆与个护,口腔鼻腔护理,9852,"Whitening Toothpaste, Dr.Ritta SP68 100g, Helps remove dental plaque, bad breath, reduce tartar and yellow teeth, and provides fresh breath [COD]",4.7,是,₱129.09-₱179.00,https://affiliate.tiktok.com/api/v1/share/AJQAov3EWDZU,,,,,,,,,,
,https://p16-oec-sg.ibyteimg.com/tos-alisg-i-aphluv4xwc-sg/f5dad7864d814156b20a79608582f808~tplv-aphluv4xwc-resize-jpeg:600:600.jpeg?dr=15584&from=520841845&idc=my&ps=933b5bde&shcp=6c17ea28&shp=1f0b6a75&t=555f072d,1733037582654408640,"skinavor PH
主推",美妆与个护,护发造型,34816,skinavor | Protein Vitamin C Color Fixing Smoothing Conditioner | 10 minute mircle combo | Soothing Care | Advanced Color Lock | Silky & Resilient,4.7,是,₱258.00-₱439.00,https://affiliate.tiktok.com/api/v1/share/AJS1oozCwGub,,,,,,,,,,
,https://p16-oec-sg.ibyteimg.com/tos-alisg-i-aphluv4xwc-sg/2103dbe58b3a4ed7901304d5ff365220~tplv-aphluv4xwc-resize-jpeg:600:600.jpeg?dr=15584&from=520841845&idc=my&ps=933b5bde&shcp=6c17ea28&shp=1f0b6a75&t=555f072d,1733475639505684416,skinavor PH,美妆与个护,沐浴身体护理,1080,skinavor | Witch Hazel Niacinamide Deodorant Brightening Underarm Serum 30ml | Andnti-Odour | Radiance Boost | Sweat-Regulation,4.8,是,₱219.00-₱449.00,https://affiliate.tiktok.com/api/v1/share/ALOLSb1cCRnm,,,,,,,,,,
,https://p16-oec-sg.ibyteimg.com/tos-alisg-i-aphluv4xwc-sg/5e23674b847040f085580ac2fedcaefa~tplv-aphluv4xwc-resize-jpeg:600:600.jpeg?dr=15584&from=520841845&idc=my&ps=933b5bde&shcp=6c17ea28&shp=1f0b6a75&t=555f072d,1733038345134573504,skinavor PH,美妆与个护,沐浴身体护理,3325,skinavor | Apple Niacinamide Brightening Sunscreen Body Serum 100ml | Cool & Warm Bright Duo | Made for golden skin | UVA/UVB Protection | Natural Glow Boost | Lightweight Hydration | Fights Oxidation,4.6,是,₱239.00-₱359.00,https://affiliate.tiktok.com/api/v1/share/AJS1op5fadZU,,,,,,,,,,
,https://p16-oec-sg.ibyteimg.com/tos-alisg-i-aphluv4xwc-sg/e7f1c83155b7426bb6297cd99b2c7e8a~tplv-aphluv4xwc-resize-jpeg:600:600.jpeg?dr=15584&from=520841845&idc=my&ps=933b5bde&shcp=6c17ea28&shp=1f0b6a75&t=555f072d,1733144100961814464,skinavor PH,美妆与个护,护肤,2191,skinavor | Edelweiss Niacinamide Brightening Sunscreen Body Serum 100ml | Protection UVA/UVB | Even Tone | Brightening | Antioxidant | Hydrating,4.3,是,₱237.99-₱358.99,https://affiliate.tiktok.com/api/v1/share/AJS1ohftoco9,,,,,,,,,,
,https://p16-oec-sg.ibyteimg.com/tos-alisg-i-aphluv4xwc-sg/3b42f214d9e24165bc20da0646f7a0d7~tplv-aphluv4xwc-resize-jpeg:600:600.jpeg?dr=15584&from=520841845&idc=my&ps=933b5bde&shcp=6c17ea28&shp=1f0b6a75&t=555f072d,1736409287084050368,skinavor PH,美妆与个护,护发造型,227,skinavor | Protein Vitamin C Color Fixing Smoothing Conditioner | Instant Silky Smooth | Anti-Frizz | Color & Damage Care,4.4,是,₱299.00,https://affiliate.tiktok.com/api/v1/share/ALOLSeEjo8OR,,,,,,,,,,
,https://p16-oec-sg.ibyteimg.com/tos-alisg-i-aphluv4xwc-sg/90c7716f154247128fdb37c33418534b~tplv-aphluv4xwc-resize-jpeg:600:600.jpeg?dr=15584&from=520841845&idc=my&ps=933b5bde&shcp=6c17ea28&shp=1f0b6a75&t=555f072d,1732549577560721344,skinavor PH,美妆与个护,护发造型,3602,skinavor | Ginseng Vitamin C Color Fixing Smoothing Shampoo | 10 minute mircle combo | Deep Cleansing | Locks In Color | Anti-Frizz | Smooth & Silky | Intensely Nourishing,4.7,是,₱258.00-₱439.00,https://affiliate.tiktok.com/api/v1/share/AJS1ohfr4ACs,,,,,,,,,,
,https://p16-oec-sg.ibyteimg.com/tos-alisg-i-aphluv4xwc-sg/d24d8b59ec244fd397776b9658d69bf0~tplv-aphluv4xwc-resize-jpeg:600:600.jpeg?dr=15584&from=520841845&idc=my&ps=933b5bde&shcp=6c17ea28&shp=1f0b6a75&t=555f072d,1732921412554295232,skinavor PH,美妆与个护,沐浴身体护理,2366,skinavor | Rose Niacinamide Brightening Body Scrub | Brightening | Deep Exfoliation | Smoothing | Fights Dullness | Cleansing,4.7,是,₱258.99-₱478.99,https://affiliate.tiktok.com/api/v1/share/AJS1op5elNVx,,,,,,,,,,
,https://p16-oec-sg.ibyteimg.com/tos-alisg-i-aphluv4xwc-sg/b08ee7cb5f0e472bb300b5cd6e7ab655~tplv-aphluv4xwc-resize-jpeg:600:600.jpeg?dr=15584&from=520841845&idc=my&ps=933b5bde&shcp=6c17ea28&shp=1f0b6a75&t=555f072d,1732920983485712320,skinavor PH,美妆与个护,沐浴身体护理,249,skinavor | Chlorella Niacinamide Brightening Body Wash | Brightening | Long-Lasting Fragrance | Moisturizing | Deep Cleansing | Skin Care,4.7,是,₱258.99-₱458.99,https://affiliate.tiktok.com/api/v1/share/AJS1oozCO8wd,,,,,,,,,,
,https://p16-oec-sg.ibyteimg.com/tos-alisg-i-aphluv4xwc-sg/aec973b9ef2c4a079d4e0a0cffb49982~tplv-aphluv4xwc-resize-jpeg:600:600.jpeg?dr=15584&from=520841845&idc=my&ps=933b5bde&shcp=6c17ea28&shp=1f0b6a75&t=555f072d,1732999548866955200,skinavor PH,美妆与个护,沐浴身体护理,513,skinavor | Tomato Niacinamide Brightening Body Lotion | Brightens & Smooths Skin | Long-Lasting Moisture | Fades Dullness | Moisture Lock | Strengthens Skin Barrier,4.7,是,₱237.99-₱358.99,https://affiliate.tiktok.com/api/v1/share/AJS1ohfsAKXg,,,,,,,,,,
,https://p16-oec-sg.ibyteimg.com/tos-alisg-i-aphluv4xwc-sg/3cd49713b3d24c808243dee152d3821a~tplv-aphluv4xwc-resize-jpeg:600:600.jpeg?dr=15584&from=520841845&idc=my&ps=933b5bde&shcp=6c17ea28&shp=1f0b6a75&t=555f072d,1735496697270207586,"Comfort Room
主推",女士内衣,女士内衣,19486,Silicone Invisible Bra Push Up Sticky Bra Breathable Strapless Nipple Cover for Women,4.5,是,₱77.99,https://affiliate.tiktok.com/api/v1/share/AKir5tocd1Vd,,,,,,,,,,
,https://p16-oec-sg.ibyteimg.com/tos-alisg-i-aphluv4xwc-sg/4367890d9c684affade8708ffd6e1bf8~tplv-aphluv4xwc-resize-jpeg:600:600.jpeg?dr=15584&from=520841845&idc=my&ps=933b5bde&shcp=6c17ea28&shp=1f0b6a75&t=555f072d,1736189622524871778,"Comfort Room
主推",女士内衣,女士内衣,4612,"COMFII Seamless Wireless Spaghetti Strap Bra – Soft, Invisible & Everyday Comfort",4.6,是,₱208.00,https://affiliate.tiktok.com/api/v1/share/ALHJUQDk2HlN,,,,,,,,,,
,https://p16-oec-sg.ibyteimg.com/tos-alisg-i-aphluv4xwc-sg/9c37416e72fd46e48e429de28a8aec10~tplv-aphluv4xwc-resize-jpeg:600:600.jpeg?dr=15584&from=520841845&idc=my&ps=933b5bde&shcp=6c17ea28&shp=1f0b6a75&t=555f072d,1732121484286264418,"Comfort Room
主推",女士内衣,女士内衣,57226,Cotton soft jelly feeling strapless seamless bra beautiful back underwear,4.6,是,₱109.00-₱289.00,https://affiliate.tiktok.com/api/v1/share/AJXStRZ8Zjrl,,,,,,,,,,
,https://p16-oec-sg.ibyteimg.com/tos-alisg-i-aphluv4xwc-sg/537785c78aae4c7e8a8241ba726935ff~tplv-aphluv4xwc-resize-jpeg:600:600.jpeg?dr=15584&from=520841845&idc=my&ps=933b5bde&shcp=6c17ea28&shp=1f0b6a75&t=555f072d,1734362137601475682,Comfort Room,女士内衣,女士内衣,6131,COMFII Vest Bodysuit with Slimming Waist Stylish and Comfortable Round Neck Open Back Design Classic Thong Shapewear,4.8,是,₱218.00,https://affiliate.tiktok.com/api/v1/share/AJpIoznSPpBn,,,,,,,,,,
,https://p16-oec-sg.ibyteimg.com/tos-alisg-i-aphluv4xwc-sg/7d96dec26d2745baa28679b88c4fb015~tplv-aphluv4xwc-resize-jpeg:600:600.jpeg?dr=15584&from=520841845&idc=my&ps=933b5bde&shcp=6c17ea28&shp=1f0b6a75&t=555f072d,1734840274982896738,Comfort Room,女士内衣,女士内衣,362,"Women's Thickened ""Hand-Shaped"" Adhesive Bra — Seamless, Strapless, and Invisible Uplift Bra for Small Busts",4.7,是,₱120.84-₱127.99,https://affiliate.tiktok.com/api/v1/share/AKiqqDQCyhaP,,,,,,,,,,
,https://p16-oec-sg.ibyteimg.com/tos-alisg-i-aphluv4xwc-sg/b0a838eecff445808a28f02ca6ae8bab~tplv-aphluv4xwc-resize-jpeg:600:600.jpeg?dr=15584&from=520841845&idc=my&ps=933b5bde&shcp=6c17ea28&shp=1f0b6a75&t=555f072d,1736699930323158114,Comfort Room,女士内衣,女士内衣,63,COMFII 5PCS Women’s Mid-High Waist Honeycomb Panties Soft Stretchy Comfortable Underwear M-XL,5,是,₱349.00,https://affiliate.tiktok.com/api/v1/share/ALHJUQ2KVWrZ,,,,,,,,,,
,https://p16-oec-sg.ibyteimg.com/tos-alisg-i-aphluv4xwc-sg/b5dca224d2634253aacb2601dd3f5230~tplv-aphluv4xwc-resize-jpeg:600:600.jpeg?dr=15584&from=520841845&idc=my&ps=933b5bde&shcp=6c17ea28&shp=1f0b6a75&t=555f072d,1734598677517730914,Comfort Room,女士内衣,女士内衣,358,"European and American style women's shapewear, sexy deep V-neck, thong style, body-shaping and firming body shaping garment",4.9,是,₱268.00,https://affiliate.tiktok.com/api/v1/share/AK7ijmNkny9Y,,,,,,,,,,
,https://p16-oec-sg.ibyteimg.com/tos-alisg-i-aphluv4xwc-sg/8dbd9e07528c49fa9275c74cb9665af7~tplv-aphluv4xwc-resize-jpeg:600:600.jpeg?dr=15584&from=520841845&idc=my&ps=933b5bde&shcp=6c17ea28&shp=1f0b6a75&t=555f072d,1734593985167787106,Comfort Room,女士内衣,女士内衣,193,European and American best-selling large backless racer-back vest yoga waist-cinching fitness clothes seamless jumpsuit fitness clothes,4.9,是,₱298.00,https://affiliate.tiktok.com/api/v1/share/AK7ijm9YaQIr,,,,,,,,,,
,https://p16-oec-sg.ibyteimg.com/tos-alisg-i-aphluv4xwc-sg/19c6e236c22840269d8b9afebe6e6ab2~tplv-aphluv4xwc-resize-jpeg:600:600.jpeg?dr=15584&from=520841845&idc=my&ps=933b5bde&shcp=6c17ea28&shp=1f0b6a75&t=555f072d,1734580025556567138,Comfort Room,女士内衣,女士内衣,99,European and American hot-selling style halterneck vest two-wear waist shaping waist low-cut jumpsuit seamless opening,4.9,是,₱299.00,https://affiliate.tiktok.com/api/v1/share/AK7im2KGQlmj,,,,,,,,,,
,https://p16-oec-sg.ibyteimg.com/tos-alisg-i-aphluv4xwc-sg/010de83166d14b38814f71d84363b94a~tplv-aphluv4xwc-resize-jpeg:600:600.jpeg?dr=15584&from=520841845&idc=my&ps=933b5bde&shcp=6c17ea28&shp=1f0b6a75&t=555f072d,1734536539977843810,Comfort Room,女士内衣,女士内衣,114,Modal Women's Comfortable High-Waisted Seamless Colorful Panties Triangles Breathable Seamless Underwear,4.6,是,₱228.00-₱438.00,https://affiliate.tiktok.com/api/v1/share/AK7im1ziiFXM,,,,,,,,,,
,https://p16-oec-sg.ibyteimg.com/tos-alisg-i-aphluv4xwc-sg/f162a41c91ce4862ae286e3bb1f0007a~tplv-aphluv4xwc-resize-jpeg:600:600.jpeg?dr=15584&from=520841845&idc=my&ps=933b5bde&shcp=6c17ea28&shp=1f0b6a75&t=555f072d,1734371290301760610,Comfort Room,女士内衣,女士内衣,446,COMFII Women's One-piece Shapewear Waist-cinching And Hip-lifting Thin Straps Skin-friendly And Comfortable Seamless Camisole Shapewear (SIZE: XS-3XL),4.7,是,₱198.00,https://affiliate.tiktok.com/api/v1/share/AJpIsFEKdvyY,,,,,,,,,,
,https://p16-oec-sg.ibyteimg.com/tos-alisg-i-aphluv4xwc-sg/9b3344e897ae42dbb25adf900c12189c~tplv-aphluv4xwc-resize-jpeg:600:600.jpeg?dr=15584&from=520841845&idc=my&ps=933b5bde&shcp=6c17ea28&shp=1f0b6a75&t=555f072d,1734156526584038498,Comfort Room,女士内衣,女士内衣,4566,3PCS Seamless Bra Women 32-38AB Half Cup New Design SmallChest Push-Up Elegant Soft ThickenedUnderwear Women's Detachable ShoulderStrap Tube Top Comfort Bridal Womenswear innerwear,4.7,是,₱118.00-₱348.00,https://affiliate.tiktok.com/api/v1/share/AJmt5DWAawdO,,,,,,,,,,
,https://p16-oec-sg.ibyteimg.com/tos-alisg-i-aphluv4xwc-sg/c4ec57f6d1b844aba86efd169c7ce299~tplv-aphluv4xwc-resize-jpeg:600:600.jpeg?dr=15584&from=520841845&idc=my&ps=933b5bde&shcp=6c17ea28&shp=1f0b6a75&t=555f072d,1734001152928613474,Comfort Room,女士内衣,女士内衣,31484,COMFII Halter Neck Bra Simple and Elegant Back Design Featuring Thin Straps Comfort Breathability Snug Fit providing chest Support and Available in sizes 32-38AB,4.7,是,₱168.00-₱468.00,https://affiliate.tiktok.com/api/v1/share/AJeoyIhi7hF4,,,,,,,,,,
,https://p16-oec-sg.ibyteimg.com/tos-alisg-i-aphluv4xwc-sg/a054cd07e79f4a32bc45cb806278e917~tplv-aphluv4xwc-resize-jpeg:600:600.jpeg?dr=15584&from=520841845&idc=my&ps=933b5bde&shcp=6c17ea28&shp=1f0b6a75&t=555f072d,1733463238556746850,Comfort Room,女士内衣,女士内衣,98461,Plus-size Strapless Seamless Bra Provides Excellent Breast Support with Beautiful Back Sports Bra Without Underwire,4.5,是,₱138.00-₱368.00,https://affiliate.tiktok.com/api/v1/share/AJXSt016O6nO,,,,,,,,,,
,https://p16-oec-sg.ibyteimg.com/tos-alisg-i-aphluv4xwc-sg/122cccfd66c844a89dc9c4eea34e6a93~tplv-aphluv4xwc-resize-jpeg:600:600.jpeg?dr=15584&from=520841845&idc=my&ps=933b5bde&shcp=6c17ea28&shp=1f0b6a75&t=555f072d,1733484012493767778,Comfort Room,女士内衣,女士内衣,11760,"Women's seamless padded push-up bra, wire-free, soft, comfortable and stylish underwear",4.8,是,₱198.00,https://affiliate.tiktok.com/api/v1/share/AJXStRZWV34p,,,,,,,,,,
,https://p16-oec-sg.ibyteimg.com/tos-alisg-i-aphluv4xwc-sg/b207c1a28baa4689b658969038852ac5~tplv-aphluv4xwc-resize-jpeg:600:600.jpeg?dr=15584&from=520841845&idc=my&ps=933b5bde&shcp=6c17ea28&shp=1f0b6a75&t=555f072d,1733593149361194082,Comfort Room,女士内衣,女士内衣,28937,"Seamless push-up strapless bra with anti-slip design, offering soft support, skin-friendly comfort for women's lingerie",4.6,是,₱228.00-₱628.00,https://affiliate.tiktok.com/api/v1/share/AJXSt0XfJ9Nf,,,,,,,,,,
,https://p16-oec-sg.ibyteimg.com/tos-alisg-i-aphluv4xwc-sg/7840de6238db470a8e9f3d15ea2f1f60~tplv-aphluv4xwc-resize-jpeg:600:600.jpeg?dr=15584&from=520841845&idc=my&ps=933b5bde&shcp=6c17ea28&shp=1f0b6a75&t=555f072d,1732544368301016162,Comfort Room,女士内衣,女士内衣,5162,Women's ice silk seamless underwear comfortable breathable skin-friendly sexy lace women's briefs,4.7,是,₱178.00-₱338.00,https://affiliate.tiktok.com/api/v1/share/AJXSt0Xf1yCz,,,,,,,,,,
,https://p16-oec-sg.ibyteimg.com/tos-alisg-i-aphluv4xwc-sg/48b35eb2ebc44d1fac690ab41ebbab5f~tplv-aphluv4xwc-resize-jpeg:600:600.jpeg?dr=15584&from=520841845&idc=my&ps=933b5bde&shcp=6c17ea28&shp=1f0b6a75&t=555f072d,1730572235223631970,Comfort Room,女士内衣,女士内衣,244164,7 Pcs Underwear Pants High Waist Shaping Seamless High-End Moxa Leaf Antibacterial Maintenance Bottom Women's Briefs,4.8,是,₱229.00-₱449.00,https://affiliate.tiktok.com/api/v1/share/AJXStRZ7TRcY,,,,,,,,,,
,https://p16-oec-sg.ibyteimg.com/tos-alisg-i-aphluv4xwc-sg/5bc87089ef174e02a20dc8a69d518ea9~tplv-aphluv4xwc-resize-jpeg:600:600.jpeg?dr=15584&from=520841845&idc=my&ps=933b5bde&shcp=6c17ea28&shp=1f0b6a75&t=555f072d,1731035321242518626,Comfort Room,女士内衣,女士内衣,40809,High waist seamless underwear ice silk yoga fitness women breathable 7A antibacterial crotch girls girls sports new comfortable,4.7,是,₱208.00-₱398.00,https://affiliate.tiktok.com/api/v1/share/AJXStRb2ojLS,,,,,,,,,,
,https://p16-oec-sg.ibyteimg.com/tos-alisg-i-aphluv4xwc-sg/d82bb6488f3d4b96b98b6a43c2381f7e~tplv-aphluv4xwc-resize-jpeg:600:600.jpeg?dr=15584&from=520841845&idc=my&ps=933b5bde&shcp=6c17ea28&shp=1f0b6a75&t=555f072d,1731226209337115746,Comfort Room,女士内衣,女士内衣,88498,Women's sexy lace half-cup thin and shapely bra,4.7,是,₱132.76-₱402.78,https://affiliate.tiktok.com/api/v1/share/AJXStRZ81k7J,,,,,,,,,,
,https://p16-oec-sg.ibyteimg.com/tos-alisg-i-aphluv4xwc-sg/a355aa57e47541a2a4db033a22cb6a58~tplv-aphluv4xwc-resize-jpeg:600:600.jpeg?dr=15584&from=520841845&idc=my&ps=933b5bde&shcp=6c17ea28&shp=1f0b6a75&t=555f072d,1732122299000718434,Comfort Room,女士内衣,女士内衣,110103,Half thick cup without steel ring soft support sexy gather bra small chest flat chest gather show large cotton quality underwear,4.6,是,₱116.00-₱518.00,https://affiliate.tiktok.com/api/v1/share/AJXStRb7UYf6,,,,,,,,,,
,https://p16-oec-sg.ibyteimg.com/tos-alisg-i-aphluv4xwc-sg/37aaac1107d944a79cf261425d5a2815~tplv-aphluv4xwc-resize-jpeg:600:600.jpeg?dr=15584&from=520841845&idc=my&ps=933b5bde&shcp=6c17ea28&shp=1f0b6a75&t=555f072d,1731367562905355362,Comfort Room,女士内衣,女士内衣,22596,"【7Pcs/Pack】High-waisted belly control women's underwear, soft and skin-friendlycomfortable and breathable PantyWomenswear Bridal Maternity BasicMinimalist",4.8,是,₱288.00-₱558.00,https://affiliate.tiktok.com/api/v1/share/AJXStRb35hcv,,,,,,,,,,
,https://p16-oec-sg.ibyteimg.com/tos-alisg-i-aphluv4xwc-sg/f03dbc93af92481dadab9157b84e0d65~tplv-aphluv4xwc-resize-jpeg:600:600.jpeg?dr=15584&from=520841845&idc=my&ps=933b5bde&shcp=6c17ea28&shp=1f0b6a75&t=555f072d,1731784065368097890,Comfort Room,女士内衣,女士内衣,20771,7 Pcs Underwear Pants High Waist Shaping Seamless High-End Moxa Leaf Antibacterial Maintenance Bottom Women's Briefs,4.8,是,₱199.00-₱388.00,https://affiliate.tiktok.com/api/v1/share/AJXStRZ8IkHa,,,,,,,,,,
,https://p16-oec-sg.ibyteimg.com/tos-alisg-i-aphluv4xwc-sg/8b7ba226324a44d8938d1f5cde6b93ca~tplv-aphluv4xwc-resize-jpeg:600:600.jpeg?dr=15584&from=520841845&idc=my&ps=933b5bde&shcp=6c17ea28&shp=1f0b6a75&t=555f072d,1731139550388913250,Comfort Room,女士内衣,女士内衣,7733,"Women's sexy lace transparent bra set, featuring a slimming design for young girls, ultra-thin, breathable, comfortable, and soft underwear",4.7,是,₱617.42-₱800.99,https://affiliate.tiktok.com/api/v1/share/AJXSt00n8Z7g,,,,,,,,,,
,https://p16-oec-sg.ibyteimg.com/tos-alisg-i-aphluv4xwc-sg/f567b47b5ec0425aae65248f404ca4c5~tplv-aphluv4xwc-resize-jpeg:600:600.jpeg?dr=15584&from=520841845&idc=my&ps=933b5bde&shcp=6c17ea28&shp=1f0b6a75&t=555f072d,1732070295488070754,Comfort Room,女士内衣,女士内衣,5658,Pure cotton women's underwear simple weather pattern solid color comfortable and breathable women's mid-waist briefs,4.8,是,₱188.00-₱358.00,https://affiliate.tiktok.com/api/v1/share/AJXSt00ngdwD,,,,,,,,,,
,https://p16-oec-sg.ibyteimg.com/tos-alisg-i-aphluv4xwc-sg/4d1275c06d5b49dcad079789e86cdee2~tplv-aphluv4xwc-resize-jpeg:600:600.jpeg?dr=15584&from=520841845&idc=my&ps=933b5bde&shcp=6c17ea28&shp=1f0b6a75&t=555f072d,1732203703289939042,Comfort Room,女士内衣,女士内衣,10177,"Women's seamless push-up bra, sexy, comfortable, and casual, without underwire, with off-the-shoulder design",4.5,是,₱138.00-₱258.00,https://affiliate.tiktok.com/api/v1/share/AJXStRZWDxNF,,,,,,,,,,
,https://p16-oec-sg.ibyteimg.com/tos-alisg-i-aphluv4xwc-sg/39e737b2d84444e09b740c96238077d2~tplv-aphluv4xwc-resize-jpeg:600:600.jpeg?dr=15584&from=520841845&idc=my&ps=933b5bde&shcp=6c17ea28&shp=1f0b6a75&t=555f072d,1732194276394173538,Comfort Room,女士内衣,女士内衣,2169,Small breasts gather seamless front buckle bra removable shoulder strap stylish comfortable sexy women's underwear,4.6,是,₱118.00-₱428.00,https://affiliate.tiktok.com/api/v1/share/AJXSt00oEt7H,,,,,,,,,,
,https://p16-oec-sg.ibyteimg.com/tos-alisg-i-aphluv4xwc-sg/20dd5920e7ce47328a5af338871646bc~tplv-aphluv4xwc-resize-jpeg:600:600.jpeg?dr=15584&from=520841845&idc=my&ps=933b5bde&shcp=6c17ea28&shp=1f0b6a75&t=555f072d,1732203663476819042,Comfort Room,女士内衣,女士内衣,2773,"Women's seamless bra without underwire, featuring soft support and comfortable cotton lining, available in a simple design",4.4,是,₱128.00-₱358.00,https://affiliate.tiktok.com/api/v1/share/AJXStRb82fvp,,,,,,,,,,
,https://p16-oec-sg.ibyteimg.com/tos-alisg-i-aphluv4xwc-sg/b81bd47bc3f74fa09eea73d34f563091~tplv-aphluv4xwc-resize-jpeg:600:600.jpeg?dr=15584&from=520841845&idc=my&ps=933b5bde&shcp=6c17ea28&shp=1f0b6a75&t=555f072d,1732188631570416738,Comfort Room,女士内衣,女士内衣,705,"Seamless push-up bra, without steel wire design, comfortable and breathable with letter pattern for women's shaping underwear",4.5,是,₱616.07-₱902.82,https://affiliate.tiktok.com/api/v1/share/AJXStRb7ljMC,,,,,,,,,,
,https://p16-oec-sg.ibyteimg.com/tos-alisg-i-aphluv4xwc-sg/e5066801b1d24848b98648fbaa23e901~tplv-aphluv4xwc-resize-jpeg:600:600.jpeg?dr=15584&from=520841845&idc=my&ps=933b5bde&shcp=6c17ea28&shp=1f0b6a75&t=555f072d,1732195127469900898,Comfort Room,女士内衣,女士内衣,2476,Small breasts gather seamless front buckle bra removable shoulder strap stylish comfortable sexy women's underwear,4.6,是,₱298.00-₱388.00,https://affiliate.tiktok.com/api/v1/share/AJXStRZ97vWv,,,,,,,,,,
,https://p16-oec-sg.ibyteimg.com/tos-alisg-i-aphluv4xwc-sg/0324db3a50c4402da265337a96d4ecb8~tplv-aphluv4xwc-resize-jpeg:600:600.jpeg?dr=15584&from=520841845&idc=my&ps=933b5bde&shcp=6c17ea28&shp=1f0b6a75&t=555f072d,1732122488169202786,Comfort Room,女士内衣,女士内衣,301,Ice silk translucent comfortable breathable seamless underwear mulberry silk skin-friendly fitness yoga women's briefs,4.6,是,₱158.00-₱300.00,https://affiliate.tiktok.com/api/v1/share/AJXSt00nxrM2,,,,,,,,,,
,https://p16-oec-sg.ibyteimg.com/tos-alisg-i-aphluv4xwc-sg/1de5f04d9f8a4807966c77adbf7b29bb~tplv-aphluv4xwc-resize-jpeg:600:600.jpeg?dr=15584&from=520841845&idc=my&ps=933b5bde&shcp=6c17ea28&shp=1f0b6a75&t=555f072d,1733900805203395803,"O'CHEAL Cosmetics
主推",美妆与个护,美容,12965,O'CHEAL Matte Lipstick NaturalWaterproof High Pigment LongLasting Lightweight Soft Smooth Lipgloss Gloss Makeup,4.8,是,₱169.00,https://affiliate.tiktok.com/api/v1/share/AJhdqaW23w3B,,,,,,,,,,
,https://p16-oec-sg.ibyteimg.com/tos-alisg-i-aphluv4xwc-sg/588d014699cc43d894f0afd77519b2a2~tplv-aphluv4xwc-resize-jpeg:600:600.jpeg?dr=15584&from=520841845&idc=my&ps=933b5bde&shcp=6c17ea28&shp=1f0b6a75&t=555f072d,1732843697239393499,"O'CHEAL Cosmetics
主推",美妆与个护,美容,77447,O'CHEAL 3 colors in 1 Eyeshadow stick Waterproof Sweatproof Eyeshadow Makeup Two Tone Eye Shadow Gradient Eyeshadow Makeup eyeshadow makeup,4.6,是,₱137.65-₱149.00,https://affiliate.tiktok.com/api/v1/share/AJZP4GOCvBRf,,,,,,,,,,
,https://p16-oec-sg.ibyteimg.com/tos-alisg-i-aphluv4xwc-sg/304dfefca1cc4acbac666419779e6061~tplv-aphluv4xwc-resize-jpeg:600:600.jpeg?dr=15584&from=520841845&idc=my&ps=933b5bde&shcp=6c17ea28&shp=1f0b6a75&t=555f072d,1730855621032577243,"O'CHEAL Cosmetics
主推",美妆与个护,美容,169604,Ocheal Matte Face Powder Oil-control 24 Hours Long Lasting Waterproof Face Makeup Cosmetic Setting Compact Powder With Mirror,4.6,是,₱199.00-₱219.00,https://affiliate.tiktok.com/api/v1/share/AJZP4GcTXJBt,,,,,,,,,,
,https://p16-oec-sg.ibyteimg.com/tos-alisg-i-aphluv4xwc-sg/afbbffe4047d4799ae78bb47c45c6f3e~tplv-aphluv4xwc-resize-jpeg:600:600.jpeg?dr=15584&from=520841845&idc=my&ps=933b5bde&shcp=6c17ea28&shp=1f0b6a75&t=555f072d,1735044035480487131,O'CHEAL Cosmetics,美妆与个护,美容,365,[Buy 1 Take 1] O'CHEAL 3 colors in 1 Eyeshadow stick Waterproof Sweatproof Eyeshadow Makeup Two Tone Eye Shadow Gradient Eyeshadow Makeup Cosmetic,4.5,是,₱249.00,https://affiliate.tiktok.com/api/v1/share/AKEsx8kdFlBP,,,,,,,,,,
,https://p16-oec-sg.ibyteimg.com/tos-alisg-i-aphluv4xwc-sg/0a283b1fa0a545a5811eff653a5a6a50~tplv-aphluv4xwc-resize-jpeg:600:600.jpeg?dr=15584&from=520841845&idc=my&ps=933b5bde&shcp=6c17ea28&shp=1f0b6a75&t=555f072d,1735652711630406875,O'CHEAL Cosmetics,美妆与个护,美容,33,O'CHEAL 4 colors Moisturizing Lip Mask Glaze Colored Lipstick Glass Colored Lip Gel Lip Balm Lipstick Lip Color Mouth Beauty Moisturizer Makeup Gloss Glossy Hydrate Lipgloss Cosmetic Moisture,4,是,₱129.00,https://affiliate.tiktok.com/api/v1/share/AKdm9iI99NjE,,,,,,,,,,
,https://p16-oec-sg.ibyteimg.com/tos-alisg-i-aphluv4xwc-sg/9b2da31855954835b79c1b0930bf5afd~tplv-aphluv4xwc-resize-jpeg:600:600.jpeg?dr=15584&from=520841845&idc=my&ps=933b5bde&shcp=6c17ea28&shp=1f0b6a75&t=555f072d,1735670415956608219,O'CHEAL Cosmetics,美妆与个护,美容,4,O'CHEAL 8 colors Moisturizing Lip Mask Glaze Colored Lipstick Glass Colored Lip Gel Lip Balm Lipstick Lip Color Mouth Beauty Moisturizer Makeup Gloss Glossy Hydrate Lipgloss Cosmetic Moisture,5,是,₱129.00,https://affiliate.tiktok.com/api/v1/share/AKdmDVk61dYn,,,,,,,,,,
,https://p16-oec-sg.ibyteimg.com/tos-alisg-i-aphluv4xwc-sg/abd5bcf11e0647d1bdc9b947fb3e1b14~tplv-aphluv4xwc-resize-jpeg:600:600.jpeg?dr=15584&from=520841845&idc=my&ps=933b5bde&shcp=6c17ea28&shp=1f0b6a75&t=555f072d,1734244455125714139,O'CHEAL Cosmetics,美妆与个护,美容,34,O'CHEAL Long-lasting (Need to Wait For Drying) Velvety Mist Texture Lock-in Makeup Technology Misty Kiss Lock Color Matte Lip Gloss waterproof 24 hours Lip Tint Makeup Cosmetics Lipstick Glossy,4.8,是,₱129.00-₱148.99,https://affiliate.tiktok.com/api/v1/share/AK9mE4z4TUXD,,,,,,,,,,
,https://p16-oec-sg.ibyteimg.com/tos-alisg-i-aphluv4xwc-sg/16f26c806eee462d8116750d4ca2a26f~tplv-aphluv4xwc-resize-jpeg:600:600.jpeg?dr=15584&from=520841845&idc=my&ps=933b5bde&shcp=6c17ea28&shp=1f0b6a75&t=555f072d,1733832052377355483,O'CHEAL Cosmetics,美妆与个护,美容,116,O'CHEAL Flawless Foundation Stick Long-Lasting Makeup Base Waterproof Sweatproof Moisturizing Hydrating Lightweight Concealer with Sponge Brush Full Coverage For Dark Acne Circles Seamless Coverage Gloss Natural Skin Face Daily Makeup Cosmetic,5,是,₱169.00,https://affiliate.tiktok.com/api/v1/share/AJhedi58RIB7,,,,,,,,,,
,https://p16-oec-sg.ibyteimg.com/tos-alisg-i-aphluv4xwc-sg/05d7d2df8ae246d784223e3bb7ff5565~tplv-aphluv4xwc-resize-jpeg:600:600.jpeg?dr=15584&from=520841845&idc=my&ps=933b5bde&shcp=6c17ea28&shp=1f0b6a75&t=555f072d,1730550442352675035,O'CHEAL Cosmetics,美妆与个护,美容,699,22Pcs/ Set Makeup Sets Included Long Lasting Lipsticks BB Cream Concealer Comestics Mushroom Puff Loose Pwder Highlight Blush Cosmetic,4.9,是,"₱2,599.00",https://affiliate.tiktok.com/api/v1/share/AJgW3JE5pFF9,,,,,,,,,,
,https://p16-oec-sg.ibyteimg.com/tos-alisg-i-aphluv4xwc-sg/b208c309eed840dbb8d1e6548a3f0162~tplv-aphluv4xwc-resize-jpeg:600:600.jpeg?dr=15584&from=520841845&idc=my&ps=933b5bde&shcp=6c17ea28&shp=1f0b6a75&t=555f072d,1730522996812122331,O'CHEAL Cosmetics,美妆与个护,美容,44810,[Buy Cream Gift Powder] Ocheal CC Cream Cushion Foundation Cream Invisible Finished Loose Setting Powder Long Lasting Lightweight Concealer Foundation Makeup Powder Oil Control Face Powder Cosmetic,4.7,是,₱249.00,https://affiliate.tiktok.com/api/v1/share/AJZP0AiGJZUi,,,,,,,,,,
,https://p16-oec-sg.ibyteimg.com/tos-alisg-i-aphluv4xwc-sg/d1a31414b0fe4ea78a6069cd288ad4be~tplv-aphluv4xwc-resize-jpeg:600:600.jpeg?dr=15584&from=520841845&idc=my&ps=933b5bde&shcp=6c17ea28&shp=1f0b6a75&t=555f072d,1730679848267974875,O'CHEAL Cosmetics,美妆与个护,美容,41764,O'CHEAL lip gloss liquid lip oil cosmetic liquid lipstick long lasting Hydrating moisturizing waterproof lip gloss,4.4,是,₱149.00-₱310.93,https://affiliate.tiktok.com/api/v1/share/AJZP0ATQDnBr,,,,,,,,,,
,https://p16-oec-sg.ibyteimg.com/tos-alisg-i-aphluv4xwc-sg/1b383b2c246d40f19a1e5ce56cf53f77~tplv-aphluv4xwc-resize-jpeg:600:600.jpeg?dr=15584&from=520841845&idc=my&ps=933b5bde&shcp=6c17ea28&shp=1f0b6a75&t=555f072d,1737671469978846221,"JMCY Cosmetics
主推",美妆与个护,美容,54,"【NEW】JMCY Tinted Brow Gel, Natural Long Lasting Eyebrow Mascara, Waterproof Smudge Resistant for Defined Brows",5,否,₱149.00,https://affiliate.tiktok.com/api/v1/share/ALVz7C371dtS,,,,,,,,,,
,https://p16-oec-sg.ibyteimg.com/tos-alisg-i-aphluv4xwc-sg/386c96d6b2d040a684e32de28a75aeb7~tplv-aphluv4xwc-resize-jpeg:600:600.jpeg?dr=15584&from=520841845&idc=my&ps=933b5bde&shcp=6c17ea28&shp=1f0b6a75&t=555f072d,1737671174476956835,"JMCY Beauty
主推",美妆与个护,美容,40,"【New】JMCY Velvet Long-wear Eyebrow Mascara, One Swipe Natural Brow Look, All-day Waterproof Smudge Resistant Brow Gel",4.5,否,₱149.00,https://affiliate.tiktok.com/api/v1/share/ALVz4SV9WLc7,,,,,,,,,,
,https://p16-oec-sg.ibyteimg.com/tos-alisg-i-aphluv4xwc-sg/946b85e339184d5780f4d586bed8db48~tplv-aphluv4xwc-resize-jpeg:600:600.jpeg?dr=15584&from=520841845&idc=my&ps=933b5bde&shcp=6c17ea28&shp=1f0b6a75&t=555f072d,1737533488985965906,"Teashell PH Skincare
主推",美妆与个护,护肤,2839,"【NEW LAUNCH】Teashell Niacinamide Brightening Skin Essence Toner 150ml, Hydrating & Even Skin Tone, Lightweight Non-Sticky Facial Toner with Pro-Vitamin B5 & Sodium Hyaluronate",4.9,否,₱159.00-₱369.00,https://affiliate.tiktok.com/api/v1/share/ALTJo3Q4tNE2,,,,,,,,,,
,https://p16-oec-sg.ibyteimg.com/tos-alisg-i-aphluv4xwc-sg/a777f0e407304a0ca2b3fc912fc06435~tplv-aphluv4xwc-resize-jpeg:600:600.jpeg?dr=15584&from=520841845&idc=my&ps=933b5bde&shcp=6c17ea28&shp=1f0b6a75&t=555f072d,1737107501706413394,"Teashell PH Skincare
主推",美妆与个护,护肤,17006,"【Dr Krizzle’s Top Pick】Teashell 4-in-1 Niacinamide Brightening Cream 50ml – Face & Body Moisturizer, Dark Spot & Uneven Skin Tone Care, Hydrating & Barrier Repair with Tranexamic Acid, Alpha-Arbutin, 3X Ceramides & Panthenol",4.8,否,₱89.00-₱199.13,https://affiliate.tiktok.com/api/v1/share/ALQFrfNSCVYn,,,,,,,,,,
,https://p16-oec-sg.ibyteimg.com/tos-alisg-i-aphluv4xwc-sg/e97823b9e00b4f2b961d9ce62997c8ad~tplv-aphluv4xwc-resize-jpeg:600:600.jpeg?dr=15584&from=520841845&idc=my&ps=933b5bde&shcp=6c17ea28&shp=1f0b6a75&t=555f072d,1736737873421304995,"JMCY Beauty
主推",美妆与个护,美容,26280,【NEW】JMCY Dual Liquid Contour & Highlighter | Reshape Your Face,4.8,否,₱128.99,https://affiliate.tiktok.com/api/v1/share/ALAsoIadG2ti,,,,,,,,,,
,https://p16-oec-sg.ibyteimg.com/tos-alisg-i-aphluv4xwc-sg/e33d6f7ed69a4ed2b9358acd3a6ef101~tplv-aphluv4xwc-resize-jpeg:600:600.jpeg?dr=15584&from=520841845&idc=my&ps=933b5bde&shcp=6c17ea28&shp=1f0b6a75&t=555f072d,1736737320358151181,"JMCY Cosmetics
主推",美妆与个护,美容,11198,"【Hajie Alejandro Approved】JMCY 3D Sculpting Dual-Ended Contour Liquid Natural Shadow & Highlight, Long-Lasting Blendable Face Shaping",4.8,否,₱129.00,https://affiliate.tiktok.com/api/v1/share/ALAsoHuTpCwc,,,,,,,,,,
,https://p16-oec-sg.ibyteimg.com/tos-alisg-i-aphluv4xwc-sg/bee0fb0131224347894f5b88428dec9f~tplv-aphluv4xwc-resize-jpeg:600:600.jpeg?dr=15584&from=520841845&idc=my&ps=933b5bde&shcp=6c17ea28&shp=1f0b6a75&t=555f072d,1735805626336314706,"Teashell PH Skincare
主推",美妆与个护,沐浴身体护理,208877,【FDA Approved】Teashell Niacinamide Skin Brightening Soap 7 Days Whitening Acne Dark Spot Remover Oil Control Full Body Cleansing Bar 100g,4.7,否,₱149.00-₱289.00,https://affiliate.tiktok.com/api/v1/share/AL8qg5vHxPfx,,,,,,,,,,
,https://p16-oec-sg.ibyteimg.com/tos-alisg-i-aphluv4xwc-sg/d08fd532aef14f88a6fdeed395a7a62d~tplv-aphluv4xwc-resize-jpeg:600:600.jpeg?dr=15584&from=520841845&idc=my&ps=933b5bde&shcp=6c17ea28&shp=1f0b6a75&t=555f072d,1735531695750284397,"Teashell Philippines
主推",美妆与个护,沐浴身体护理,153377,【FDA Approved】Teashell Niacinamide Skin Brightening Soap 7 Days Whitening Acne Dark Spot Remover Oil Control Full Body Cleansing Bar 100g,4.7,否,₱149.00-₱289.00,https://affiliate.tiktok.com/api/v1/share/AL8qjJgFtqoA,,,,,,,,,,
,https://p16-oec-sg.ibyteimg.com/tos-alisg-i-aphluv4xwc-sg/bf13422a25544d0aad56e370e42d5d09~tplv-aphluv4xwc-resize-jpeg:600:600.jpeg?dr=15584&from=520841845&idc=my&ps=933b5bde&shcp=6c17ea28&shp=1f0b6a75&t=555f072d,1734570227584762893,"JMCY Cosmetics
主推",美妆与个护,美容,39697,【FDA Approved】JMCY Velvet Soft Pressed Powder-Oil Control Matte Powder Long Lasting Flawless Setting Powder Face Makeup With Mirror,4.8,否,₱179.00,https://affiliate.tiktok.com/api/v1/share/AKrEJLgLIHTQ,,,,,,,,,,
,https://p16-oec-sg.ibyteimg.com/tos-alisg-i-aphluv4xwc-sg/308eb6e1478f48ac9003c586b721cc89~tplv-aphluv4xwc-resize-jpeg:600:600.jpeg?dr=15584&from=520841845&idc=my&ps=933b5bde&shcp=6c17ea28&shp=1f0b6a75&t=555f072d,1734584959935415459,"JMCY Beauty
主推",美妆与个护,美容,50698,【Makeup Artist Approved】JMCY Velvet Soft Pressed Powder-Oil Control Matte Powder Long Lasting Flawless Setting Powder Face Makeup With Mirror,4.8,否,₱179.00,https://affiliate.tiktok.com/api/v1/share/AL8rDiq3F48b,,,,,,,,,,
,https://p16-oec-sg.ibyteimg.com/tos-alisg-i-aphluv4xwc-sg/d67798354cea4faba4e2b2cee67cdb5c~tplv-aphluv4xwc-resize-jpeg:600:600.jpeg?dr=15584&from=520841845&idc=my&ps=933b5bde&shcp=6c17ea28&shp=1f0b6a75&t=555f072d,1730789246614799523,"JMCY Beauty
主推",美妆与个护,美容,228741,【Makeup Artist Approved】JMCY Dual-Ended Waterproof Mascara Lengthening Curling Volumizing No Clump Sweatproof Long Wearing Eyelash Mascara,4.8,否,₱120.87,https://affiliate.tiktok.com/api/v1/share/AL8qnWkCq0dK,,,,,,,,,,
,https://p16-oec-sg.ibyteimg.com/tos-alisg-i-aphluv4xwc-sg/1fa3c78053c64773b8778cab6d95f7c3~tplv-aphluv4xwc-resize-jpeg:600:600.jpeg?dr=15584&from=520841845&idc=my&ps=933b5bde&shcp=6c17ea28&shp=1f0b6a75&t=555f072d,1730927369798255629,"JMCY Cosmetics
主推",美妆与个护,美容,205031,"【BUY 1 TAKE 1】Hajie Alejandro Approved – JMCY Sweatproof Double-Headed Eyebrow Pencil – Ultra-Fine, Waterproof, Long-Lasting & 3D Definition",4.8,否,₱129.00,https://affiliate.tiktok.com/api/v1/share/ALMySobXHfKA,,,,,,,,,,
,https://p16-oec-sg.ibyteimg.com/tos-alisg-i-aphluv4xwc-sg/75fedd24cac54a4fbd242755e9ad684b~tplv-aphluv4xwc-resize-jpeg:600:600.jpeg?dr=15584&from=520841845&idc=my&ps=933b5bde&shcp=6c17ea28&shp=1f0b6a75&t=555f072d,1733204777633809571,"JMCY Beauty
主推",美妆与个护,美容,25836,【FDA Approved】JMCY Double Heads Eyebrow Pencil | Natural Waterproof Lasting Natural & Full Brows Eyebrow Pencil Eye Brow with Brush Makeup Cosmetic,4.7,否,₱89.00,https://affiliate.tiktok.com/api/v1/share/AL8rDiq2gtAH,,,,,,,,,,
,https://p16-oec-sg.ibyteimg.com/tos-alisg-i-aphluv4xwc-sg/ecf0786017e54a95b0ae4147471819fc~tplv-aphluv4xwc-resize-jpeg:600:600.jpeg?dr=15584&from=520841845&idc=my&ps=933b5bde&shcp=6c17ea28&shp=1f0b6a75&t=555f072d,1730926947734029475,"JMCY Beauty
主推",美妆与个护,美容,33570,【BUY 1 TAKE 1 &FDA Approved】JMCY Double Heads Eyebrow Pencil | Natural Waterproof Lasting Natural & Full Brows Eyebrow Pencil Eye Brow with Brush Makeup Cosmetic,4.8,否,₱139.00,https://affiliate.tiktok.com/api/v1/share/AL8rDiq1aZah,,,,,,,,,,
,https://p16-oec-sg.ibyteimg.com/tos-alisg-i-aphluv4xwc-sg/7d0e00ccb71c42838a4cfb9ea27ecf4c~tplv-aphluv4xwc-resize-jpeg:600:600.jpeg?dr=15584&from=520841845&idc=my&ps=933b5bde&shcp=6c17ea28&shp=1f0b6a75&t=555f072d,1734363814108759053,"JMCY Cosmetics
主推",美妆与个护,美容,7306,"【Hajie Alejandro Approved】JMCY Dual-Ended Water-to-Matte Lip Gloss – Lightweight, Long-Lasting, Smooth Velvet Matte Finish, Hydrating Non-Sticky Lip Color",4.8,否,₱126.36,https://affiliate.tiktok.com/api/v1/share/ALGfKaQl35ED,,,,,,,,,,
,https://p16-oec-sg.ibyteimg.com/tos-alisg-i-aphluv4xwc-sg/be4b960caa2f404c877df4a4ba5cfb6d~tplv-aphluv4xwc-resize-jpeg:600:600.jpeg?dr=15584&from=520841845&idc=my&ps=933b5bde&shcp=6c17ea28&shp=1f0b6a75&t=555f072d,1730687796975469731,"JMCY Beauty
主推",美妆与个护,美容,150201,【Makeup Artist Approved】JMCY 3 in 1 Lipstick | double ended Lip Glaze Lipstick Matte Lip Matte Moisturizing Lip Gloss Waterproof Glossy Makeup,4.8,否,₱103.48-₱139.00,https://affiliate.tiktok.com/api/v1/share/AL8rCTXlCrUT,,,,,,,,,,
,https://p16-oec-sg.ibyteimg.com/tos-alisg-i-aphluv4xwc-sg/b36ccf36435742d9b6f7b6f91b571388~tplv-aphluv4xwc-resize-jpeg:600:600.jpeg?dr=15584&from=520841845&idc=my&ps=933b5bde&shcp=6c17ea28&shp=1f0b6a75&t=555f072d,1734648744499250339,"JMCY Beauty
主推",美妆与个护,美容,9617,"【FDA Approved】JMCY Dual-Ended Water-to-Matte Lip Gloss – Lightweight, Long-Lasting, Smooth Velvet Matte Finish, Hydrating Non-Sticky Lip Color",4.8,否,₱139.00,https://affiliate.tiktok.com/api/v1/share/AL8qzG7bWPI5,,,,,,,,,,
,https://p16-oec-sg.ibyteimg.com/tos-alisg-i-aphluv4xwc-sg/8d2fb10ecc694907b5272389085c7356~tplv-aphluv4xwc-resize-jpeg:600:600.jpeg?dr=15584&from=520841845&idc=my&ps=933b5bde&shcp=6c17ea28&shp=1f0b6a75&t=555f072d,1734436777058469027,"JMCY Beauty
主推",美妆与个护,美容,638302,"【Makeup Artist Approved】JMCY Setting Spray Dual-use hydrating & setting spray that keeps makeup fresh, smudge-proof, 24H long-lasting, oil-control with SPF25 PA++",4.7,否,₱129.57-₱294.79,https://affiliate.tiktok.com/api/v1/share/AL8rCTXx1sHe,,,,,,,,,,
,https://p16-oec-sg.ibyteimg.com/tos-alisg-i-aphluv4xwc-sg/b63e7eb02dd14c818c7817094db1aca8~tplv-aphluv4xwc-resize-jpeg:600:600.jpeg?dr=15584&from=520841845&idc=my&ps=933b5bde&shcp=6c17ea28&shp=1f0b6a75&t=555f072d,1736553073122641059,"JMCY Beauty
主推",美妆与个护,美容,20249,【FDA Approved】JMCY 100ML Refill Bag Setting Spray Long Lasting Makeup Fixer,4.8,否,₱179.00-₱369.00,https://affiliate.tiktok.com/api/v1/share/AL8qzG7fv7Dd,,,,,,,,,,
,https://p16-oec-sg.ibyteimg.com/tos-alisg-i-aphluv4xwc-sg/afea3aa4af294cbfbe7b4ee78ad8f02d~tplv-aphluv4xwc-resize-jpeg:600:600.jpeg?dr=15584&from=520841845&idc=my&ps=933b5bde&shcp=6c17ea28&shp=1f0b6a75&t=555f072d,1734438668149556237,"JMCY Cosmetics
主推",美妆与个护,美容,243087,"【Lenie’s Top Pick】JMCY Long-Lasting Makeup Setting Spray 100ml 24 Hour Hold, Sweat-Proof & Shine Control with SPF25 PA++",4.8,否,₱135.45-₱319.00,https://affiliate.tiktok.com/api/v1/share/ALGHOtYE2sJb,,,,,,,,,,
,https://p16-oec-sg.ibyteimg.com/tos-alisg-i-aphluv4xwc-sg/2fe3681c2e7b4fe9a1f051a3208530f3~tplv-aphluv4xwc-resize-jpeg:600:600.jpeg?dr=15584&from=520841845&idc=my&ps=933b5bde&shcp=6c17ea28&shp=1f0b6a75&t=555f072d,1734616388699128995,"JMCY Beauty
主推",美妆与个护,美容,25742,"【FDA Approved】JMCY Oil Control & Long-Lasting Setting Kit – Setting Spray + Powder, Minimize Pores",4.8,否,₱279.00,https://affiliate.tiktok.com/api/v1/share/AL8r0hfTJV3e,,,,,,,,,,
,https://p16-oec-sg.ibyteimg.com/tos-alisg-i-aphluv4xwc-sg/98112c09462a4aa7a0ceeb34bfd2d0dc~tplv-aphluv4xwc-resize-jpeg:600:600.jpeg?dr=15584&from=520841845&idc=my&ps=933b5bde&shcp=6c17ea28&shp=1f0b6a75&t=555f072d,1733631693292930157,"Teashell Philippines
主推",美妆与个护,护肤,522285,Teashell Whitening Serum 5% Niacinamide & Alpha Arbutin 30ml - Fade Dark Spots Brighten Skin Long Lasting Hydration Sensitive Skin,4.7,否,₱199.00,https://affiliate.tiktok.com/api/v1/share/AJd3pEkeSuZG,,,,,,,,,,
,https://p16-oec-sg.ibyteimg.com/tos-alisg-i-aphluv4xwc-sg/9b67f56421284ecd947056b3e21f7dac~tplv-aphluv4xwc-resize-jpeg:600:600.jpeg?dr=15584&from=520841845&idc=my&ps=933b5bde&shcp=6c17ea28&shp=1f0b6a75&t=555f072d,1734144146871911762,"Teashell PH Skincare
主推",美妆与个护,护肤,220385,【FDA Approved】Teashell 5% Niacinamide Whitening Serum Vitamin C Alpha Arbutin Brightening Dark Spot Remover Redness Relief Pore Minimizer Face & Body 30mlBody Use,4.7,否,₱131.12-₱299.00,https://affiliate.tiktok.com/api/v1/share/AL8qjJgEWRjU,,,,,,,,,,
,https://p16-oec-sg.ibyteimg.com/tos-alisg-i-aphluv4xwc-sg/819182f6ff7140569d69738c6414d939~tplv-aphluv4xwc-resize-jpeg:600:600.jpeg?dr=15584&from=520841845&idc=my&ps=933b5bde&shcp=6c17ea28&shp=1f0b6a75&t=555f072d,1731513320311522467,"JMCY Beauty
主推",美妆与个护,美容,118398,【FDA Approved】JMCY Velvet Matte Lip Tint | 24H Glossy Transfer-Proof Lipstick | Moisturizer High Pigment Moisturizing Gloss | Summer Beach-Ready Makeup jmcy 2 in 1 Cosmetic Pinoy Fave Tiktok Viral Lipgloss #SummerLipMagicPH​​,4.8,否,₱119.00,https://affiliate.tiktok.com/api/v1/share/AL8qnWOOkJxA,,,,,,,,,,
,https://p16-oec-sg.ibyteimg.com/tos-alisg-i-aphluv4xwc-sg/f6a88b5cf7954b019ae59705919aa84b~tplv-aphluv4xwc-resize-jpeg:600:600.jpeg?dr=15584&from=520841845&idc=my&ps=933b5bde&shcp=6c17ea28&shp=1f0b6a75&t=555f072d,1730860031427773453,"JMCY Cosmetics
主推",美妆与个护,美容,130848,【BUY 1 TAKE 1】JMCY Velvet Matte Lip Tint Matte velvety finish moisturizing non-drying waterproof smudge-proof long-lasting lipstick,4.8,否,₱184.26-₱269.00,https://affiliate.tiktok.com/api/v1/share/AKtiBYGUXDoi,,,,,,,,,,
,https://p16-oec-sg.ibyteimg.com/tos-alisg-i-aphluv4xwc-sg/f2cd1d9cf3984b0ba0cab40e33bd9405~tplv-aphluv4xwc-resize-jpeg:600:600.jpeg?dr=15584&from=520841845&idc=my&ps=933b5bde&shcp=6c17ea28&shp=1f0b6a75&t=555f072d,1735338631022216205,"JMCY Cosmetics
主推",美妆与个护,美容,7355,【NEW】JMCY VE Cleansing Balm 3S Melt Dual-Phase Gentle Makeup Remover Balm | Hydrating Soothing Blackhead Reducing Deep Cleanser,4.9,否,₱199.00,https://affiliate.tiktok.com/api/v1/share/AKrE6UnzsUTm,,,,,,,,,,
,https://p16-oec-sg.ibyteimg.com/tos-alisg-i-aphluv4xwc-sg/7dc07b2be12d4ca787c996ae1cdcf4e2~tplv-aphluv4xwc-resize-jpeg:600:600.jpeg?dr=15584&from=520841845&idc=my&ps=933b5bde&shcp=6c17ea28&shp=1f0b6a75&t=555f072d,1730803986729239715,JMCY Beauty,美妆与个护,美容,84828,【BUY 1 TAKE 1 & Makeup Artist Approved 】JMCY Velvet Matte Lip Tint | 24H Glossy Transfer-Proof Lipstick Moisturizer High Pigment Moisturizing Gloss Glaze Summer Beach-Ready Makeup Cosmetic Pinoy Fave Tiktok Viral Lipgloss ​​ permanent long lasting,4.8,否,₱269.00,https://affiliate.tiktok.com/api/v1/share/AL8rCTXq9do7,,,,,,,,,,
,https://p16-oec-sg.ibyteimg.com/tos-alisg-i-aphluv4xwc-sg/bcc25285a208495981636d451710ea99~tplv-aphluv4xwc-resize-jpeg:600:600.jpeg?dr=15584&from=520841845&idc=my&ps=933b5bde&shcp=6c17ea28&shp=1f0b6a75&t=555f072d,1735772542413735021,"Teashell Philippines
主推",美妆与个护,沐浴身体护理,58181,【Lenie’s Top Pick】Teashell Brightening Soap & Niacinamide Serum Set Fade Dark Spots Acne Marks Dull Yellow Skin Full Body Whitening Oil Control Skincare Bundle,4.7,否,₱199.09,https://affiliate.tiktok.com/api/v1/share/ALDTnyYUHmC0,,,,,,,,,,
,https://p16-oec-sg.ibyteimg.com/tos-alisg-i-aphluv4xwc-sg/a73e1f479a304409869367bb46735b42~tplv-aphluv4xwc-resize-jpeg:600:600.jpeg?dr=15584&from=520841845&idc=my&ps=933b5bde&shcp=6c17ea28&shp=1f0b6a75&t=555f072d,1733487529191376035,"JMCY Beauty
主推",美妆与个护,美容,115318,【BUY 1 TAKE 1 】JMCY Smooth Color-Lock Gel Eyeliner - Beginner-Friendly Ultra-Smooth Glide Waterproof Sweat-Resistant Smudge-Proof Long-Lasting Intense Color Pure White,4.8,否,₱129.00,https://affiliate.tiktok.com/api/v1/share/AL8rCTXvvtoi,,,,,,,,,,
,https://p16-oec-sg.ibyteimg.com/tos-alisg-i-aphluv4xwc-sg/551178d602a44c3893f49b86561d8a78~tplv-aphluv4xwc-resize-jpeg:600:600.jpeg?dr=15584&from=520841845&idc=my&ps=933b5bde&shcp=6c17ea28&shp=1f0b6a75&t=555f072d,1733487121733813261,"JMCY Cosmetics
主推",美妆与个护,美容,243200,【BUY 1 TAKE 1】 JMCY Smooth Color-Lock Gel Eyeliner – Beginner-Friendly Easy to Use Ultra-Smooth Glide Waterproof Sweat-Resistant Smudge-Proof & Long-Lasting with Intense Color Payoff,4.8,否,₱117.27,https://affiliate.tiktok.com/api/v1/share/AL8rY7gCAcnU,,,,,,,,,,
,https://p16-oec-sg.ibyteimg.com/tos-alisg-i-aphluv4xwc-sg/d515fbaec3db448da638510dd321a3b4~tplv-aphluv4xwc-resize-jpeg:600:600.jpeg?dr=15584&from=520841845&idc=my&ps=933b5bde&shcp=6c17ea28&shp=1f0b6a75&t=555f072d,1732097542904579235,"JMCY Beauty
主推",美妆与个护,美容,256422,【Makeup Artist Approved】JMCY Oil Blotting Paper with Mirror and Puff 3in1 Design 100 Sheets Replaceable Rose Scent Portable Face Oil Control Matte Finish for Office School Travel Use Makeup Cosmetic,4.8,否,₱59.00-₱109.00,https://affiliate.tiktok.com/api/v1/share/AL8rDiq2Pv2X,,,,,,,,,,
,https://p16-oec-sg.ibyteimg.com/tos-alisg-i-aphluv4xwc-sg/cad9ce2996bf4dc68895823900934cc0~tplv-aphluv4xwc-resize-jpeg:600:600.jpeg?dr=15584&from=520841845&idc=my&ps=933b5bde&shcp=6c17ea28&shp=1f0b6a75&t=555f072d,1732304058097304739,"JMCY Beauty
主推",美妆与个护,美容,68695,"【Makeup Artist Approved】JMCY Four-Color Contour Palette – Multi-Use Contour & Highlight, Sculpt, Define, Natural Soft Glow for Asian Skin Bronzer Makeup",4.7,否,₱199.00,https://affiliate.tiktok.com/api/v1/share/AL8rCTXtjRWG,,,,,,,,,,
,https://p16-oec-sg.ibyteimg.com/tos-alisg-i-aphluv4xwc-sg/772faf789db54b1e99434c06dd228f7e~tplv-aphluv4xwc-resize-jpeg:600:600.jpeg?dr=15584&from=520841845&idc=my&ps=933b5bde&shcp=6c17ea28&shp=1f0b6a75&t=555f072d,1732303484092515491,"JMCY Beauty
主推",美妆与个护,美容,378674,【Makeup Artist Approved】JMCY Stay Curl Mascara Long Lasting Curl and Lift Waterproof Smudge Proof Lightweight Volumizing Mascara with Precision Brush for Asian Lashes All Day Hold Makeup Cosmetic 01-Black,4.8,否,₱112.18,https://affiliate.tiktok.com/api/v1/share/AL8qo8mT5fh0,,,,,,,,,,
,https://p16-oec-sg.ibyteimg.com/tos-alisg-i-aphluv4xwc-sg/e6203fe6d9844122be6ccd354960236d~tplv-aphluv4xwc-resize-jpeg:600:600.jpeg?dr=15584&from=520841845&idc=my&ps=933b5bde&shcp=6c17ea28&shp=1f0b6a75&t=555f072d,1734683948350211235,"JMCY Beauty
主推",美妆与个护,美容,129497,"【Makeup Artist Approved】JMCY Dual End Blade Eyebrow Pencil, Precision Blade Tip & Spiral Brow Brush, Waterproof Sweatproof Long Lasting Brow Pen, Herbal Infused Create Realistic Hair-Like Natural Brows, 5 Shades for All Hair Colors",4.8,否,₱59.00,https://affiliate.tiktok.com/api/v1/share/AL8qzGhyvZLB,,,,,,,,,,
,https://p16-oec-sg.ibyteimg.com/tos-alisg-i-aphluv4xwc-sg/7c599713143142ac998c32c38364b35d~tplv-aphluv4xwc-resize-jpeg:600:600.jpeg?dr=15584&from=520841845&idc=my&ps=933b5bde&shcp=6c17ea28&shp=1f0b6a75&t=555f072d,1730928373113914381,"JMCY Cosmetics
主推",美妆与个护,美容,95309,【FDA Approved】 JMCY Long-lasting Waterproof & Sweatproof Blade-tip Eyebrow Pencil – Rotating Core Herbal-infused Formula Smudge-proof Precision Brow Shaping Makeup & Care in One,4.8,否,₱53.64,https://affiliate.tiktok.com/api/v1/share/AL8rTwzXOs4A,,,,,,,,,,
,https://p16-oec-sg.ibyteimg.com/tos-alisg-i-aphluv4xwc-sg/d31d00e77a4f4ce7810e1ca7dc1fe91e~tplv-aphluv4xwc-resize-jpeg:600:600.jpeg?dr=15584&from=520841845&idc=my&ps=933b5bde&shcp=6c17ea28&shp=1f0b6a75&t=555f072d,1732911664303342755,"JMCY Beauty
主推",美妆与个护,美容,331679,"【Makeup Artist Approved】JMCY Waterproof Gel Eyeliner – Smooth Color-Lock, Smudge-Proof, Long-Lasting, Easy to Apply Lipliner Makeup",4.7,否,₱68.70,https://affiliate.tiktok.com/api/v1/share/AL8qnWORlrtl,,,,,,,,,,
,https://p16-oec-sg.ibyteimg.com/tos-alisg-i-aphluv4xwc-sg/4d5e2ee7ff8040e9888a68a9f1989948~tplv-aphluv4xwc-resize-jpeg:600:600.jpeg?dr=15584&from=520841845&idc=my&ps=933b5bde&shcp=6c17ea28&shp=1f0b6a75&t=555f072d,1730856484620896269,"JMCY Cosmetics
主推",美妆与个护,美容,384953,【Makeup Artist Approved】JMCY 3in1 72H Long Lasting Dual-Ended Mascara Waterproof Curl Eyelash Long Lash Eyemakeup Black Natural,4.8,否,₱90.00-₱126.36,https://affiliate.tiktok.com/api/v1/share/AL8rTlcoLf4T,,,,,,,,,,
,https://p16-oec-sg.ibyteimg.com/tos-alisg-i-aphluv4xwc-sg/9ce14eb07f394c1f8a14f9287147d0af~tplv-aphluv4xwc-resize-jpeg:600:600.jpeg?dr=15584&from=520841845&idc=my&ps=933b5bde&shcp=6c17ea28&shp=1f0b6a75&t=555f072d,1731479255250994189,"JMCY Cosmetics
主推",美妆与个护,美容,170620,【FDA Approved】JMCY Electroplated Curling Mascara Slim Brush Clump-Free Defined Lashes Bigger Eyes Waterproof Sweat-Proof Smudge-Proof Long-Lasting Bestseller,4.8,否,₱99.00-₱139.00,https://affiliate.tiktok.com/api/v1/share/ALJNPhU8vFJF,,,,,,,,,,
,https://p16-oec-sg.ibyteimg.com/tos-alisg-i-aphluv4xwc-sg/ecf68a2278a44ff9b32107642d25cf78~tplv-aphluv4xwc-resize-jpeg:600:600.jpeg?dr=15584&from=520841845&idc=my&ps=933b5bde&shcp=6c17ea28&shp=1f0b6a75&t=555f072d,1730897428757840909,JMCY Cosmetics,美妆与个护,美容,173019,【Hajie Alejandro Approved】JMCY Sweatproof Double Headed Eyebrow Pencil Ultra-Fine Head Ultra-Fine Waterproof Sweat Long-Lasting Three-Dimensional For Eyemakeup,4.7,否,₱77.40,https://affiliate.tiktok.com/api/v1/share/ALPqXBVog2FO,,,,,,,,,,
,https://p16-oec-sg.ibyteimg.com/tos-alisg-i-aphluv4xwc-sg/8cd2963dfc9143e5ad9c59194eccb2ba~tplv-aphluv4xwc-resize-jpeg:600:600.jpeg?dr=15584&from=520841845&idc=my&ps=933b5bde&shcp=6c17ea28&shp=1f0b6a75&t=555f072d,1734354182217040909,JMCY Cosmetics,美妆与个护,美容,25398,【Hajie Alejandro Approved】JMCY Waterproof & Long-Lasting Brow Tint | 9 Shades Available,4.7,否,₱139.00,https://affiliate.tiktok.com/api/v1/share/ALPQRj9WDvci,,,,,,,,,,
,https://p16-oec-sg.ibyteimg.com/tos-alisg-i-aphluv4xwc-sg/ed3394bd64304c0586c8eac958a179f6~tplv-aphluv4xwc-resize-jpeg:600:600.jpeg?dr=15584&from=520841845&idc=my&ps=933b5bde&shcp=6c17ea28&shp=1f0b6a75&t=555f072d,1734614503693190157,"JMCY Cosmetics
主推",美妆与个护,美容,11648,"【Setting Combo】JMCY Oil Control & Long-Lasting Setting Kit – Setting Spray + Powder, Minimize Pores",4.8,否,₱279.00,https://affiliate.tiktok.com/api/v1/share/AL8rY7gFkFtk,,,,,,,,,,
,https://p16-oec-sg.ibyteimg.com/tos-alisg-i-aphluv4xwc-sg/e2e5d47a42044867ababc519cf2f8124~tplv-aphluv4xwc-resize-jpeg:600:600.jpeg?dr=15584&from=520841845&idc=my&ps=933b5bde&shcp=6c17ea28&shp=1f0b6a75&t=555f072d,1731126462563517603,JMCY Beauty,美妆与个护,美容,30913,【BUY 1 TAKE 1 & FDA Approved 】JMCY 3D Shaping Eye brow Pencil Duo Set | 2 Colors in 1 Kit | Water-Resistant & 12H Wear Makeup | Bonus Rose Gold Case & Free Spiral Brush Eye brow eyeliner In One Pencil Cosmetic,4.8,否,₱129.00,https://affiliate.tiktok.com/api/v1/share/AL8rCTXsM3g3,,,,,,,,,,
,https://p16-oec-sg.ibyteimg.com/tos-alisg-i-aphluv4xwc-sg/5c76f0073e0943108ef2d3e1c67a3965~tplv-aphluv4xwc-resize-jpeg:600:600.jpeg?dr=15584&from=520841845&idc=my&ps=933b5bde&shcp=6c17ea28&shp=1f0b6a75&t=555f072d,1736867818272556195,JMCY Beauty,美妆与个护,美容,2070,【Hajie Alejandro Approved】JMCY Water-Mist Liquid Blush | Long Lasting Natural Cheek Color,4.8,否,₱129.00,https://affiliate.tiktok.com/api/v1/share/ALDURjQdBabv,,,,,,,,,,
,https://p16-oec-sg.ibyteimg.com/tos-alisg-i-aphluv4xwc-sg/245625c98541433fafd70586074d0642~tplv-aphluv4xwc-resize-jpeg:600:600.jpeg?dr=15584&from=520841845&idc=my&ps=933b5bde&shcp=6c17ea28&shp=1f0b6a75&t=555f072d,1735978236245869731,JMCY Beauty,美妆与个护,美容,1821,"【BUY 1 TAKE 1】JMCY Cloud Tap Mist Liquid Blush | 4in1 Multi-Use Liquid-to-Powder Blush | 24H Long Wear Waterproof Sweatproof Heat Resistant | Natural Healthy Flush Buildable Color No Patchy, 7 Shades for All Skin Tones Vegan Cruelty Free",4.8,否,₱199.00,https://affiliate.tiktok.com/api/v1/share/AL8qsbOOtfsa,,,,,,,,,,
,https://p16-oec-sg.ibyteimg.com/tos-alisg-i-aphluv4xwc-sg/674057abb17f4520ade276a9ca553a70~tplv-aphluv4xwc-resize-jpeg:600:600.jpeg?dr=15584&from=520841845&idc=my&ps=933b5bde&shcp=6c17ea28&shp=1f0b6a75&t=555f072d,1736118686380950541,JMCY Cosmetics,美妆与个护,美容,12677,"JMCY Dew It All Liquid Blush - Dew Blush, Long-wearing, Multi Use",4.8,否,₱159.00,https://affiliate.tiktok.com/api/v1/share/AKrDwfpQUz95,,,,,,,,,,
,https://p16-oec-sg.ibyteimg.com/tos-alisg-i-aphluv4xwc-sg/08fe6a8c3cab41ffa480129ff11ddd57~tplv-aphluv4xwc-resize-jpeg:600:600.jpeg?dr=15584&from=520841845&idc=my&ps=933b5bde&shcp=6c17ea28&shp=1f0b6a75&t=555f072d,1736137341593748493,JMCY Cosmetics,美妆与个护,美容,1152,"【BUY 1 TAKE 1】JMCY Dew It All Liquid Blush - Dew Blush, Long-wearing, Multi Use",4.9,否,₱199.00,https://affiliate.tiktok.com/api/v1/share/AL4m5uUr2OK0,,,,,,,,,,
,https://p16-oec-sg.ibyteimg.com/tos-alisg-i-aphluv4xwc-sg/2cffa655385743aeb3ab56d04b57b151~tplv-aphluv4xwc-resize-jpeg:600:600.jpeg?dr=15584&from=520841845&idc=my&ps=933b5bde&shcp=6c17ea28&shp=1f0b6a75&t=555f072d,1730861274559251469,JMCY Cosmetics,美妆与个护,美容,123626,【COD】JMCY Velvet Matte Lip Tint Matte velvety finish moisturizing non-drying waterproof smudge-proof long-lasting lipstick SPF 25 PA+++,4.8,否,₱149.00,https://affiliate.tiktok.com/api/v1/share/AKtiEveRvkrb,,,,,,,,,,
,https://p16-oec-sg.ibyteimg.com/tos-alisg-i-aphluv4xwc-sg/3ce5b33dc6e64cdc8184d4addfd90732~tplv-aphluv4xwc-resize-jpeg:600:600.jpeg?dr=15584&from=520841845&idc=my&ps=933b5bde&shcp=6c17ea28&shp=1f0b6a75&t=555f072d,1730803812789683363,JMCY Beauty,美妆与个护,美容,399421,【Makeup Artist Approved】JMCY Velvet Matte Lip Tint | 24H Gloss Smudge-Proof & Hydrating Lipstick | High Pigment Moisture Matte Finish for Humid Weather Summer Beach-Ready Moisturizer Makeup Cosmetic​tyFind ever bilena waterproof 24 hours Lipgloss,4.8,否,₱103.48-₱149.00,https://affiliate.tiktok.com/api/v1/share/AL8qo8mPn11U,,,,,,,,,,
,https://p16-oec-sg.ibyteimg.com/tos-alisg-i-aphluv4xwc-sg/31b14bd5efec4def875ba3ccc8d56643~tplv-aphluv4xwc-resize-jpeg:600:600.jpeg?dr=15584&from=520841845&idc=my&ps=933b5bde&shcp=6c17ea28&shp=1f0b6a75&t=555f072d,1732304295481214115,JMCY Beauty,美妆与个护,美容,12881,"【FDA Approved】JMCY Waterproof Gel Eyeliner – Smooth Color-Lock, Smudge-Proof, Long-Lasting, Easy to Apply Lipliner Makeup",4.7,否,₱79.00,https://affiliate.tiktok.com/api/v1/share/AL8qnWkVXHTF,,,,,,,,,,
,https://p16-oec-sg.ibyteimg.com/tos-alisg-i-aphluv4xwc-sg/866ad15c40d34047aa8498625e9715dc~tplv-aphluv4xwc-resize-jpeg:600:600.jpeg?dr=15584&from=520841845&idc=my&ps=933b5bde&shcp=6c17ea28&shp=1f0b6a75&t=555f072d,1735126273467253923,JMCY Beauty,美妆与个护,美容,20874,"【FDA Approved】JMCY Liquid Blush & Long Lasting Fixing Spray Set, Summer Longwear Makeup Combo Oil Control Natural Cheek Tint Setting Spray Bundle",4.8,否,₱229.00,https://affiliate.tiktok.com/api/v1/share/AL8r0hfTrYXF,,,,,,,,,,
,https://p16-oec-sg.ibyteimg.com/tos-alisg-i-aphluv4xwc-sg/ec576bc1b13d436bb23aedb3087f07f9~tplv-aphluv4xwc-resize-jpeg:600:600.jpeg?dr=15584&from=520841845&idc=my&ps=933b5bde&shcp=6c17ea28&shp=1f0b6a75&t=555f072d,1735125988129080333,JMCY Cosmetics,美妆与个护,美容,45624,【Glow Lock Combo】JMCY Setting Spray & Liquid Blush Makeup Combo | One Stick Full Makeup Kit,4.8,否,₱209.00,https://affiliate.tiktok.com/api/v1/share/AL8rUBDgqMF8,,,,,,,,,,
,https://p16-oec-sg.ibyteimg.com/tos-alisg-i-aphluv4xwc-sg/14f4f63651c14a37a963a75392b079c8~tplv-aphluv4xwc-resize-jpeg:600:600.jpeg?dr=15584&from=520841845&idc=my&ps=933b5bde&shcp=6c17ea28&shp=1f0b6a75&t=555f072d,1735338717346366627,JMCY Beauty,美妆与个护,美容,9583,【FDA Approved】JMCY VE Cleansing Balm 3S Melt Dual-Phase Gentle Makeup Remover Balm | Hydrating Soothing Blackhead Reducing Deep Cleanser,4.8,否,₱129.57,https://affiliate.tiktok.com/api/v1/share/AL8qzG7bnO7I,,,,,,,,,,
,https://p16-oec-sg.ibyteimg.com/tos-alisg-i-aphluv4xwc-sg/392e93e7e601438c926332760ba8cb08~tplv-aphluv4xwc-resize-jpeg:600:600.jpeg?dr=15584&from=520841845&idc=my&ps=933b5bde&shcp=6c17ea28&shp=1f0b6a75&t=555f072d,1730687534080623779,JMCY Beauty,美妆与个护,美容,29023,"【Makeup Artist Approved】JMCY 3D Shaping Eye brow Pencil , Long Lasting Waterproof Brow Pencil",4.8,否,₱79.00,https://affiliate.tiktok.com/api/v1/share/AL8rDipzfDQE,,,,,,,,,,
,https://p16-oec-sg.ibyteimg.com/tos-alisg-i-aphluv4xwc-sg/d33141ddafbf40768dbbd8932daaefd0~tplv-aphluv4xwc-resize-jpeg:600:600.jpeg?dr=15584&from=520841845&idc=my&ps=933b5bde&shcp=6c17ea28&shp=1f0b6a75&t=555f072d,1733506136413799587,JMCY Beauty,美妆与个护,美容,9441,"【FDA Approved】JMCY Four-Color Contour Palette – Multi-Use Contour & Highlight, Sculpt, Define, Natural Soft Glow for Asian Skin Bronzer Makeup",4.7,否,₱199.00,https://affiliate.tiktok.com/api/v1/share/AL8rDiq2xtFr,,,,,,,,,,
,https://p16-oec-sg.ibyteimg.com/tos-alisg-i-aphluv4xwc-sg/e4ff161964674fbd8fd6ffd7cb706bc9~tplv-aphluv4xwc-resize-jpeg:600:600.jpeg?dr=15584&from=520841845&idc=my&ps=933b5bde&shcp=6c17ea28&shp=1f0b6a75&t=555f072d,1731627076402381837,JMCY Cosmetics,美妆与个护,美容,107850,【SUMMER】JMCY 100 Pcs Oil Control Paper with Powder Puff and Mirror Long Lasting Oil Control Makeup Setting Touch Up Anytime Lightweight Travel Friendly,4.8,否,₱59.00-₱109.00,https://affiliate.tiktok.com/api/v1/share/AL8rTl5lBCU6,,,,,,,,,,
,https://p16-oec-sg.ibyteimg.com/tos-alisg-i-aphluv4xwc-sg/1bf70b6e99c14dbaa420d8630ea0df49~tplv-aphluv4xwc-resize-jpeg:600:600.jpeg?dr=15584&from=520841845&idc=my&ps=933b5bde&shcp=6c17ea28&shp=1f0b6a75&t=555f072d,1731884602670285837,JMCY Cosmetics,美妆与个护,美容,71545,"【BUY 1 TAKE 1】 JMCY Waterproof Gel Eyeliner, Ultra Smooth No Smudge Long Stay Pigmented Liner for Makeup Newbies",4.6,否,₱129.00,https://affiliate.tiktok.com/api/v1/share/AL8rTlcqp63W,,,,,,,,,,
,https://p16-oec-sg.ibyteimg.com/tos-alisg-i-aphluv4xwc-sg/734cd4e69b92442c8a16d8aa40598039~tplv-aphluv4xwc-resize-jpeg:600:600.jpeg?dr=15584&from=520841845&idc=my&ps=933b5bde&shcp=6c17ea28&shp=1f0b6a75&t=555f072d,1734354501563483149,JMCY Cosmetics,美妆与个护,美容,13943,【COD】JMCY 5 in 1 Lipstick & Lipliner Long-wearing Matte Finish Bold Pigment Kiss-proof Lip Liner Define & Fill in One Go,4.7,否,₱108.18,https://affiliate.tiktok.com/api/v1/share/AL8rUBDedtHb,,,,,,,,,,
,https://p16-oec-sg.ibyteimg.com/tos-alisg-i-aphluv4xwc-sg/8e7b832cfee04d15ba64e34ece81f6cb~tplv-aphluv4xwc-resize-jpeg:600:600.jpeg?dr=15584&from=520841845&idc=my&ps=933b5bde&shcp=6c17ea28&shp=1f0b6a75&t=555f072d,1730298426203736077,JMCY Cosmetics,美妆与个护,美容,761644,【Hajie Alejandro Approved】 JMCY 3 in 1 Liquid Lipstick Matte Gloss Lip Tint 24H Color Stay Smudge Proof Waterproof & Sweat Resistant Non Drying & Smooth,4.8,否,₱108.18-₱126.36,https://affiliate.tiktok.com/api/v1/share/ALGfKaQQQKm3,,,,,,,,,,
,https://p16-oec-sg.ibyteimg.com/tos-alisg-i-aphluv4xwc-sg/374a498f19a54c638bcf08c75462b85d~tplv-aphluv4xwc-resize-jpeg:600:600.jpeg?dr=15584&from=520841845&idc=my&ps=933b5bde&shcp=6c17ea28&shp=1f0b6a75&t=555f072d,1730570644265797645,JMCY Cosmetics,美妆与个护,美容,182572,"【BUY 1 TAKE 1】Hajie Alejandro Approved-JMCY 48H 3-in-1 Matte & Gloss Lipstick: Transfer-Proof, Non-Stick Cup, High-Shine Universal Lip Gloss for Long-Lasting, Vibrant Color and a Flawless Finish",4.8,否,₱180.91,https://affiliate.tiktok.com/api/v1/share/ALGfKa8lAXly,,,,,,,,,,
,https://p16-oec-sg.ibyteimg.com/tos-alisg-i-aphluv4xwc-sg/b33fb894cf374177a718fe5908b034fa~tplv-aphluv4xwc-resize-jpeg:600:600.jpeg?dr=15584&from=520841845&idc=my&ps=933b5bde&shcp=6c17ea28&shp=1f0b6a75&t=555f072d,1730687973681824931,JMCY Beauty,美妆与个护,美容,77270,【BUY 1 TAKE 1 & Makeup Artist Approved】 JMCY 48H 3in1 Transfer Proof Lipgloss Matte Waterproof Glossy Makeup Cosmetic Lipstick Moisturizer Hydrating Matte Long-Lasting Moisture Hydrate,4.7,否,₱173.05,https://affiliate.tiktok.com/api/v1/share/AL8rDiq12SGm,,,,,,,,,,
,https://p16-oec-sg.ibyteimg.com/tos-alisg-i-aphluv4xwc-sg/b78750e850884bb39bc52b84df82ce80~tplv-aphluv4xwc-resize-jpeg:600:600.jpeg?dr=15584&from=520841845&idc=my&ps=933b5bde&shcp=6c17ea28&shp=1f0b6a75&t=555f072d,1731020831148312589,JMCY Cosmetics,美妆与个护,美容,219239,【FDA Approved】JMCY Viral 3 in 1 Lip Gloss Matte + Glitter Shine Transfer Proof Long Lasting High Pigment Dewy Finish Botanical Lip Care Switch Your Style Anytime Glossy Lipstick,4.8,否,₱108.18-₱126.36,https://affiliate.tiktok.com/api/v1/share/ALGfKatZszh4,,,,,,,,,,
,https://p16-oec-sg.ibyteimg.com/tos-alisg-i-aphluv4xwc-sg/f3e0aeaa5e034934bd9a4dceae6f1175~tplv-aphluv4xwc-resize-jpeg:600:600.jpeg?dr=15584&from=520841845&idc=my&ps=933b5bde&shcp=6c17ea28&shp=1f0b6a75&t=555f072d,1730937693652419597,JMCY Cosmetics,美妆与个护,美容,196502,【BUY 1 TAKE 1】Hajie Alejandro Approved-JMCY JMCY 3D Shaping Eyebrow Pencil Ultra-Fine Tip Waterproof Smudge-Proof Long-Lasting Buildable Formula for Natural Defined Sculpted Flawless Brows with Effortless Application,4.8,否,₱117.27,https://affiliate.tiktok.com/api/v1/share/ALGpP8TA1HoZ,,,,,,,,,,
,https://p16-oec-sg.ibyteimg.com/tos-alisg-i-aphluv4xwc-sg/7613a1a0b129483e81b4968ba4cb25fb~tplv-aphluv4xwc-resize-jpeg:600:600.jpeg?dr=15584&from=520841845&idc=my&ps=933b5bde&shcp=6c17ea28&shp=1f0b6a75&t=555f072d,1732611609775735971,JMCY Beauty,美妆与个护,美容,176007,【Makeup Artist Approved】JMCY All-Day Sweatproof Lengthening Mascara,4.8,否,₱99.00-₱139.00,https://affiliate.tiktok.com/api/v1/share/AL8qo8mbc6jU,,,,,,,,,,
,https://p16-oec-sg.ibyteimg.com/tos-alisg-i-aphluv4xwc-sg/0bdf4a1634204a868efcd8ac3077bf1c~tplv-aphluv4xwc-resize-jpeg:600:600.jpeg?dr=15584&from=520841845&idc=my&ps=933b5bde&shcp=6c17ea28&shp=1f0b6a75&t=555f072d,1730931908492428332,"NATRUTH-PH
主推",居家日用,家庭清洁用品,498476,"Dehumidifier 500ML | Solve Dampness and Moisture Problems | Perfect for Living Room, Kitchen, Bedroom, and Bathroom",4.8,是,₱121.74-₱694.79,https://affiliate.tiktok.com/api/v1/share/AJhNGkhcAp8e,,,,,,,,,,
,https://p16-oec-sg.ibyteimg.com/tos-alisg-i-aphluv4xwc-sg/87ec70e22b0a402cbf97bc93c8a39fba~tplv-aphluv4xwc-resize-jpeg:600:600.jpeg?dr=15584&from=520841845&idc=my&ps=933b5bde&shcp=6c17ea28&shp=1f0b6a75&t=555f072d,1734119154359043116,"NATRUTH-PH
主推",居家日用,家庭清洁用品,49283,NATRUTH Dehumidifier 500ML Box | Solves Moisture Problems | Anti-Mold | Air Protection | Suitable for Living Room Kitchen Bedroom,4.8,是,"₱121.74-
₱320.87",https://affiliate.tiktok.com/api/v1/share/AJkrv7Xm9PGL,,,,,,,,,,
,https://p16-oec-sg.ibyteimg.com/tos-alisg-i-aphluv4xwc-sg/7a30dcccea2c44faa5942bd792ed1464~tplv-aphluv4xwc-resize-jpeg:600:600.jpeg?dr=15584&from=520841845&idc=my&ps=933b5bde&shcp=6c17ea28&shp=1f0b6a75&t=555f072d,1734440712256128044,NATRUTH-PH,居家日用,家庭清洁用品,1454,"NATRUTH Unscented Large-Particle Hanging Moisture Absorber Bag — Anti-Mold, Deodorizing, Moisture-Proof Drying Pack for Wardrobes & Rooms, High Value, Easy to Hang, Large Capacity, Efficient Moisture Absorption, Eco-Friendly Fragrance-Free Natural Scents",4.8,是,₱78.99-₱653.99,https://affiliate.tiktok.com/api/v1/share/AJxIlqiCrkbn,,,,,,,,,,
,https://p16-oec-sg.ibyteimg.com/tos-alisg-i-aphluv4xwc-sg/e5c137d87fe842a8803c2dc9d2961e4c~tplv-aphluv4xwc-resize-jpeg:600:600.jpeg?dr=15584&from=520841845&idc=my&ps=933b5bde&shcp=6c17ea28&shp=1f0b6a75&t=555f072d,1734464504644666412,NATRUTH-PH,居家日用,家庭清洁用品,1702,"Philippine Exclusive Innovation Linen Floral Scent Large-Pore Hanging Moisture-Absorbing Bag — Anti-Mold, Deodorizing, Moisture-Proof Drying Pack for Wardrobes & Rooms, High Value, Easy to Hang, Large Capacity, Efficient Moisture Absorption, Eco-Friendly",4.8,是,₱78.99-₱438.99,https://affiliate.tiktok.com/api/v1/share/AJxIlrVtlaRB,,,,,,,,,,
,https://p16-oec-sg.ibyteimg.com/tos-alisg-i-aphluv4xwc-sg/50cb5b4f943248899897ab2644ee2365~tplv-aphluv4xwc-resize-jpeg:600:600.jpeg?dr=15584&from=520841845&idc=my&ps=933b5bde&shcp=6c17ea28&shp=1f0b6a75&t=555f072d,1734196617573794860,NATRUTH-PH,居家日用,家庭清洁用品,5589,"NATRUTH 500ml（230g）Lavender Hanging Moisture Absorber Bag — Anti-Mold, Deodorizing, Moisture-Proof Drying Pack for Wardrobes & Rooms, High Value, Easy to Hang, Large Capacity, Efficient Moisture Absorption, Eco-Friendly Fragrance-Free Natural Scent",4.8,是,₱169.00-₱439.00,https://affiliate.tiktok.com/api/v1/share/AJnOdVQLwQr2,,,,,,,,,,
,https://p16-oec-sg.ibyteimg.com/tos-alisg-i-aphluv4xwc-sg/d213519c74fd42ec8175a0ceb15015ef~tplv-aphluv4xwc-resize-jpeg:600:600.jpeg?dr=15584&from=520841845&idc=my&ps=933b5bde&shcp=6c17ea28&shp=1f0b6a75&t=555f072d,1733982960781919276,NATRUTH-PH,居家日用,家庭清洁用品,5945,Natruth 6pcs Cockroach Bait Powerful Cockroach Box Effective Japanese Formula Roach & Lizard Killer Gel 3Gx6PCS Per Pack Strong High-Quality Eliminator,4.6,是,₱110.00-₱269.00,https://affiliate.tiktok.com/api/v1/share/AJgzmWukGHZS,,,,,,,,,,
,https://p16-oec-sg.ibyteimg.com/tos-alisg-i-aphluv4xwc-sg/a90ca5a9f0d14f7d99b735864ed7cf4e~tplv-aphluv4xwc-resize-jpeg:600:600.jpeg?dr=15584&from=520841845&idc=my&ps=933b5bde&shcp=6c17ea28&shp=1f0b6a75&t=555f072d,1733630014606312492,NATRUTH-PH,居家日用,家庭清洁用品,429,"Natruth 500ml Bathroom Spray Cleaner – 99.9% Antibacterial, Toilet Cleaner, Stain Remover, Glass Limescale Remover, Grime Eliminator, Protects Tiles and Surfaces, Removes Soap Scum, Suitable for Toilets, Sinks, Tiled Surfaces, Metal Frames, Faucets",4.6,是,₱66.00-₱576.00,https://affiliate.tiktok.com/api/v1/share/AJgznLbK7min,,,,,,,,,,
,https://p16-oec-sg.ibyteimg.com/tos-alisg-i-aphluv4xwc-sg/30e7f27773ec43638b56f9ed85650a02~tplv-aphluv4xwc-resize-jpeg:600:600.jpeg?dr=15584&from=520841845&idc=my&ps=933b5bde&shcp=6c17ea28&shp=1f0b6a75&t=555f072d,1736362092201150433,"usmile Official PH
主推
控佣8%",美妆与个护,口腔鼻腔护理,29037,"[NEW LAUNCH] usmile Strength White Toothpaste, Whitening Toothpaste, 1450ppm Fluoride, Whitens Teeth in 10 Days, 400% Stronger Enamel, Removes Coffee & Tea Stains, 90g",4.7,是,₱99.00-₱329.00,https://affiliate.tiktok.com/api/v1/share/AL1Law7Kdgwe,,,,,,,,,,
,https://p16-oec-sg.ibyteimg.com/tos-alisg-i-aphluv4xwc-sg/a282897273c041088677dd954b5eff73~tplv-aphluv4xwc-resize-jpeg:600:600.jpeg?dr=15584&from=520841845&idc=my&ps=933b5bde&shcp=6c17ea28&shp=1f0b6a75&t=555f072d,1733520171600021473,"usmile Official PH
主推
控佣8%",美妆与个护,口腔鼻腔护理,406729,"usmile Optical White Toothpaste, Purple Toothpaste, Color-Corrects Yellow Tones, Removes Stains & Bad Breath, Up to 10× Whitening in 1 Day, Minty Grape, 110g",4.7,是,₱190.00-₱723.00,https://affiliate.tiktok.com/api/v1/share/AJcF9kYyYpZu,,,,,,,,,,
,https://p16-oec-sg.ibyteimg.com/tos-alisg-i-aphluv4xwc-sg/6d252fc4a04142778f62b74a600f9f63~tplv-aphluv4xwc-resize-jpeg:600:600.jpeg?dr=15584&from=520841845&idc=my&ps=933b5bde&shcp=6c17ea28&shp=1f0b6a75&t=555f072d,1733024584304789473,"usmile Official PH
主推
控佣8%",美妆与个护,口腔鼻腔护理,56090,"usmile Fresh White Toothpaste 110g/tube, Frosted Camellia, Juicy Grape, Jasmine Tea, 24H Fresh Breath & Stain Removal, Available in 1, 2 or 3 Pcs",4.8,是,₱220.00-₱747.00,https://affiliate.tiktok.com/api/v1/share/AJcF9tfQk8gp,,,,,,,,,,
,https://p16-oec-sg.ibyteimg.com/tos-alisg-i-aphluv4xwc-sg/1fead2b057224c30a761c3f4982579b9~tplv-aphluv4xwc-resize-jpeg:600:600.jpeg?dr=15584&from=520841845&idc=my&ps=933b5bde&shcp=6c17ea28&shp=1f0b6a75&t=555f072d,1733081570184562657,"usmile Official PH
控佣8%",美妆与个护,口腔鼻腔护理,6853,"usmile Whitening Toothpaste Twin Pack - Repair White 100g + Fresh White 110g, Fresh Breath & Stain Removal",4.8,是,₱322.00-₱679.00,https://affiliate.tiktok.com/api/v1/share/AJcF9tfRIGyD,,,,,,,,,,
,https://p16-oec-sg.ibyteimg.com/tos-alisg-i-aphluv4xwc-sg/e7235c3172604432b6fb15b89ed9a9c2~tplv-aphluv4xwc-resize-jpeg:600:600.jpeg?dr=15584&from=520841845&idc=my&ps=933b5bde&shcp=6c17ea28&shp=1f0b6a75&t=555f072d,1733535571224922081,"usmile Official PH
控佣8%",美妆与个护,口腔鼻腔护理,21993,"usmile Optical White Toothpaste, Purple Color-Corrects Yellow Tones, Tackles Stains & Bad Breath, Minty Grape, 100g/tube",4.7,是,₱188.99-₱328.99,https://affiliate.tiktok.com/api/v1/share/AKHthJjVKYKb,,,,,,,,,,
,https://p16-oec-sg.ibyteimg.com/tos-alisg-i-aphluv4xwc-sg/73460a1357614b3d87df31f2865f3f08~tplv-aphluv4xwc-resize-jpeg:600:600.jpeg?dr=15584&from=520841845&idc=my&ps=933b5bde&shcp=6c17ea28&shp=1f0b6a75&t=555f072d,1733535345973299169,"usmile Official PH
控佣8%",美妆与个护,口腔鼻腔护理,9159,"usmile Whitening Toothpaste Bundle, Tooth Whitening and Fresh Breath, Purple Toothpaste, Optical White 100g + Fresh White 110g",4.8,是,₱319.99-₱595.99,https://affiliate.tiktok.com/api/v1/share/AKHthKOXk7uL,,,,,,,,,,
,https://p16-oec-sg.ibyteimg.com/tos-alisg-i-aphluv4xwc-sg/079c42a1e9b34000b9eb4e189bae90d5~tplv-aphluv4xwc-resize-jpeg:600:600.jpeg?dr=15584&from=520841845&idc=my&ps=933b5bde&shcp=6c17ea28&shp=1f0b6a75&t=555f072d,1733025429525137377,"usmile Official PH
控佣8%",美妆与个护,口腔鼻腔护理,5502,"usmile Repair White Toothpaste, Gentle Whitening & Enamel Repair, Removes Yellow Stains, 100g/tube, Available in 1 or 2 Pack",4.8,是,"₱330.00-₱1,121.00",https://affiliate.tiktok.com/api/v1/share/AJcF9tP4KhJc,,,,,,,,,,
,https://p16-oec-sg.ibyteimg.com/tos-alisg-i-aphluv4xwc-sg/21378a5151c64da091675435fe4453e5~tplv-aphluv4xwc-resize-jpeg:600:600.jpeg?dr=15584&from=520841845&idc=my&ps=933b5bde&shcp=6c17ea28&shp=1f0b6a75&t=555f072d,1733046220058232801,"usmile Official PH
控佣8%",美妆与个护,口腔鼻腔护理,929,"usmile Fresh White Toothpaste 110g × 2, Frosted Camellia / Juicy Grape / Jasmine Tea, 24H Fresh Breath & Stain Removal, Twin Pack",4.8,是,₱305.00,https://affiliate.tiktok.com/api/v1/share/AJcF9kYy0ook,,,,,,,,,,
,https://p16-oec-sg.ibyteimg.com/tos-alisg-i-aphluv4xwc-sg/0c5bab00eb7a4728b16b2222fdad79a1~tplv-aphluv4xwc-resize-jpeg:600:600.jpeg?dr=15584&from=520841845&idc=my&ps=933b5bde&shcp=6c17ea28&shp=1f0b6a75&t=555f072d,1733046754259601377,"usmile Official PH
控佣8%",美妆与个护,口腔鼻腔护理,550,"usmile Fresh White Toothpaste 110g × 3, Frosted Camellia / Juicy Grape / Jasmine Tea, 24H Fresh Breath & Stain Removal, 3-Pack",4.8,是,₱431.00,https://affiliate.tiktok.com/api/v1/share/AJcF9tBU42J7,,,,,,,,,,
,https://p16-oec-sg.ibyteimg.com/tos-alisg-i-aphluv4xwc-sg/a677648a2132469da853331bad8544bb~tplv-aphluv4xwc-resize-jpeg:600:600.jpeg?dr=15584&from=520841845&idc=my&ps=933b5bde&shcp=6c17ea28&shp=1f0b6a75&t=555f072d,1733081967633991649,"usmile Official PH
控佣8%",美妆与个护,口腔鼻腔护理,2174,"usmile Whitening Toothpaste Bundle, Repair White + Fresh White (Grape / Camellia / Jasmine Tea), Fresh Breath & Stain Removal, 2pcs / 3pcs / 4pcs Mix",4.8,是,₱219.55,https://affiliate.tiktok.com/api/v1/share/AJcF9tP4szb0,,,,,,,,,,
,https://p16-oec-sg.ibyteimg.com/tos-alisg-i-aphluv4xwc-sg/f0f8cf25b4c04f9785e6f3547b5eae10~tplv-aphluv4xwc-resize-jpeg:600:600.jpeg?dr=15584&from=520841845&idc=my&ps=933b5bde&shcp=6c17ea28&shp=1f0b6a75&t=555f072d,1733797004902958343,Pentavite Philippines,健康保健,营养保健,72,Pentavite Women's Multi Fruits & Veggies Chewable Tablet - 23 Tailored Nutrition for Menstrual Support Skin Refresh & Emotional Stability,5,否,₱399.00,https://affiliate.tiktok.com/api/v1/share/ALUOzE1094g5,,,,,,,,,,
,https://p16-oec-sg.ibyteimg.com/tos-alisg-i-aphluv4xwc-sg/b167903a5c21486889e12d3cfe863fef~tplv-aphluv4xwc-resize-jpeg:600:600.jpeg?dr=15584&from=520841845&idc=my&ps=933b5bde&shcp=6c17ea28&shp=1f0b6a75&t=555f072d,1733742953767208199,"Pentavite Philippines
控佣8%",健康保健,营养保健,214924,"Pentavite Niacinamide Plus Vitamin C&E, Ultra UV Protection, Whitening from Within, FDA Approved, 360° Defense, Reduce Dark Spots, Brightening & After-sun Repair",4.8,否,₱260.00-₱762.61,https://affiliate.tiktok.com/api/v1/share/ALPqLBeNsYu1,,,,,,,,,,
,https://p16-oec-sg.ibyteimg.com/tos-alisg-i-aphluv4xwc-sg/a26f388a5d7746b4aac0b1625542efae~tplv-aphluv4xwc-resize-jpeg:600:600.jpeg?dr=15584&from=520841845&idc=my&ps=933b5bde&shcp=6c17ea28&shp=1f0b6a75&t=555f072d,1733428088709022983,"Pentavite Philippines
控佣8%
FDA",健康保健,营养保健,66903,"Pentavite Collagen Peptide with Pomanox Pomegranate & Raspberry Extracts 30 Chewables for Skin Radiance and Elasticity, Age-defying, Whitening, Firming and Hydration, FDA approved Beauty Supplement, Australia 85-Year National Brand",4.8,否,₱286.09-₱788.70,https://affiliate.tiktok.com/api/v1/share/ALPqLBeNbLuW,,,,,,,,,,
,https://p16-oec-sg.ibyteimg.com/tos-alisg-i-aphluv4xwc-sg/aad5a83ce6734ed59ab466472d21c96f~tplv-aphluv4xwc-resize-jpeg:600:600.jpeg?dr=15584&from=520841845&idc=my&ps=933b5bde&shcp=6c17ea28&shp=1f0b6a75&t=555f072d,1734388156744107271,"Pentavite Philippines
控佣8%",健康保健,营养保健,52166,Pentavite Skin Wellness Bundle Deals Mix & Match: [Duo Bundle] Collagen + Gluta + Niacinamide | FDA Approved 360° Brightening & Age-Defying Chewables,4.8,否,₱512.17-₱633.91,https://affiliate.tiktok.com/api/v1/share/ALPqLBeO9ajo,,,,,,,,,,
,https://p16-oec-sg.ibyteimg.com/tos-alisg-i-aphluv4xwc-sg/152c0bf3043246afbbdbd744ce3d6f10~tplv-aphluv4xwc-resize-jpeg:600:600.jpeg?dr=15584&from=520841845&idc=my&ps=933b5bde&shcp=6c17ea28&shp=1f0b6a75&t=555f072d,1733793763387409671,"Pentavite Philippines
控佣8%",健康保健,营养保健,59004,Pentavite Bubble B Plus 8 Active Bs Taurin for Energy Boost & Skin Radiance Holistic Support Supplement,4.8,否,₱216.52-₱520.87,https://affiliate.tiktok.com/api/v1/share/ALPqJilNotfm,,,,,,,,,,
,https://p16-oec-sg.ibyteimg.com/tos-alisg-i-aphluv4xwc-sg/f9a8ee7c24f749fa97265d9163668b8d~tplv-aphluv4xwc-resize-jpeg:600:600.jpeg?dr=15584&from=520841845&idc=my&ps=933b5bde&shcp=6c17ea28&shp=1f0b6a75&t=555f072d,1733726113412711687,"Pentavite Philippines
控佣8%",健康保健,营养保健,11593,"Pentavite Glutathione Plus Grape Seed & White Tomato（30 chewables） with 200mg pure L-Glutathione each tablet, brightening and whitening skintone, supporting antioxidation and detoxification and boosting melanin metabolism",4.8,否,₱433.91-₱954.78,https://affiliate.tiktok.com/api/v1/share/ALPqJilNXjTz,,,,,,,,,,
,https://p16-oec-sg.ibyteimg.com/tos-alisg-i-aphluv4xwc-sg/32fb1e6b66c4468fb7aecbcdf602a599~tplv-aphluv4xwc-resize-jpeg:600:600.jpeg?dr=15584&from=520841845&idc=my&ps=933b5bde&shcp=6c17ea28&shp=1f0b6a75&t=555f072d,1733423762958484743,"Pentavite Philippines
控佣8%",健康保健,营养保健,3050,"Pentavite Vitamin C (Ascorbic acid) Daily Boost for Immunity and Collagen Production, Whitening Skin and Detoxification",4.9,否,₱260.00-₱607.83,https://affiliate.tiktok.com/api/v1/share/ALPqJilJyANG,,,,,,,,,,
,https://p16-oec-sg.ibyteimg.com/tos-alisg-i-aphluv4xwc-sg/1a44c93231024dfdb1bf59e379731b32~tplv-aphluv4xwc-resize-jpeg:600:600.jpeg?dr=15584&from=520841845&idc=my&ps=933b5bde&shcp=6c17ea28&shp=1f0b6a75&t=555f072d,1735825639120471303,Pentavite Philippines,健康保健,营养保健,22045,Pentavite Skin Wellness 3 X Bundle Deals Mix & Match: [3 Bundle] Collagen + Gluta + Niacinamide | FDA Approved 360° Brightening & Age-Defying Chewables,4.8,否,₱899.00,https://affiliate.tiktok.com/api/v1/share/AKogspwj5EAx,,,,,,,,,,
,https://p16-oec-sg.ibyteimg.com/tos-alisg-i-aphluv4xwc-sg/979932e8a67c4d178c36b366b6e0aab2~tplv-aphluv4xwc-resize-jpeg:600:600.jpeg?dr=15584&from=520841845&idc=my&ps=933b5bde&shcp=6c17ea28&shp=1f0b6a75&t=555f072d,1733616087564453823,"Panda's Select Shop
主推  五宝茶
控佣8%",,,93196,【Kidney Nourishing】T8 Men's Five Treasures Tea FDA Approved Herbal Soup Tea with Ginseng Mulberry Red Wolfberry No Sugar Fat Artificial Flavors Impurities,4.8,是,₱125.70-₱649.79,https://affiliate.tiktok.com/api/v1/share/AJvOb9na6i52,,,,,,,,,,
,https://p16-oec-sg.ibyteimg.com/tos-alisg-i-aphluv4xwc-sg/033d9d4bc7144a0bb16e62c7314cd450~tplv-aphluv4xwc-resize-jpeg:600:600.jpeg?dr=15584&from=520841845&idc=my&ps=933b5bde&shcp=6c17ea28&shp=1f0b6a75&t=555f072d,1732262392217634751,"Panda's Select Shop
主推",食品饮料,即食食品,128398,Brown Bear Black Magic Rice - 3X Fiber & Anthocyanins - FDA Certified - Premium Organic Nutri Rice - Japan Healthy Rice - Carb Natural Sugar - FR-4000012603497,4.8,是,"₱137.58-₱2,523.71",https://affiliate.tiktok.com/api/v1/share/AKL2dzG4I3Kd,,,,,,,,,,
,https://p16-oec-sg.ibyteimg.com/tos-alisg-i-aphluv4xwc-sg/36caa5d9d2b945a4bb0ce5eceb096d86~tplv-aphluv4xwc-resize-jpeg:600:600.jpeg?dr=15584&from=520841845&idc=my&ps=933b5bde&shcp=6c17ea28&shp=1f0b6a75&t=555f072d,1730620192186207167,"Panda's Select Shop
主推",食品饮料,即食食品,287745,Brown Bear Mix Fruit Oatmeal Cereal FIBER MEAL BREAKFAST OATS BETA GLUCAN ORGANIC Crunchy Cereal Snack Yogurt Nuts Baked Oatmeal 500g Healthy High Protein Fiber Breakfast Cereal Instant Muesli Food Strawberry Whole Grain Rolled Oats Oatmeal Christmas gift,4.7,是,₱85.10-₱507.34,https://affiliate.tiktok.com/api/v1/share/AJvOadruLhAs,,,,,,,,,,
,https://p16-oec-sg.ibyteimg.com/tos-alisg-i-aphluv4xwc-sg/4bd7249c235042498ff393a6689b31fc~tplv-aphluv4xwc-resize-jpeg:600:600.jpeg?dr=15584&from=520841845&idc=my&ps=933b5bde&shcp=6c17ea28&shp=1f0b6a75&t=555f072d,1733879756609390527,"Panda's Select Shop
主推",,,41121,【Kidney Nourishing】Ginseng Mulberry Men's Eight Treasures Tea FDA Approved Herbal Soup Tea with Goji berries and red dates No Sugar No Fat No Artificial Flavors and Impurities,4.7,是,₱119.99-₱583.51,https://affiliate.tiktok.com/api/v1/share/AKL2bZQdCSBu,,,,,,,,,,
,https://p16-oec-sg.ibyteimg.com/tos-alisg-i-aphluv4xwc-sg/faff6608a0ab4bc193fd7abfb05692f2~tplv-aphluv4xwc-resize-jpeg:600:600.jpeg?dr=15584&from=520841845&idc=my&ps=933b5bde&shcp=6c17ea28&shp=1f0b6a75&t=555f072d,1734453393365436351,"Panda's Select Shop
主推",食品饮料,零食,59935,"ROASTED/RAW SKINLESS PEANUTS (OIL-FREE, UNSALTED, WHOLE) 250G, 500G, 1KG",4.7,是,₱63.99-₱494.00,https://affiliate.tiktok.com/api/v1/share/AKL2dya524ph,,,,,,,,,,
,https://p16-oec-sg.ibyteimg.com/tos-alisg-i-aphluv4xwc-sg/fc6ef0d9ad3f41648e18301697f9575c~tplv-aphluv4xwc-resize-jpeg:600:600.jpeg?dr=15584&from=520841845&idc=my&ps=933b5bde&shcp=6c17ea28&shp=1f0b6a75&t=555f072d,1734247891405670335,"Panda's Select Shop
主推",食品饮料,即食食品,26855,Premium Black Shirataki Rice-FDA Certified - Premium Organic Nutri shirataki Rice - Japan Healthy Rice - Carb Natural Sugar,4.8,是,"₱152.72-₱2,707.26",https://affiliate.tiktok.com/api/v1/share/AKL2bacxdFLD,,,,,,,,,,
,https://p16-oec-sg.ibyteimg.com/tos-alisg-i-aphluv4xwc-sg/60e44a7706f64a0197a6d5b9128a7f8f~tplv-aphluv4xwc-resize-jpeg:600:600.jpeg?dr=15584&from=520841845&idc=my&ps=933b5bde&shcp=6c17ea28&shp=1f0b6a75&t=555f072d,1734373220782081983,Panda's Select Shop,食品饮料,主食调料,886,Seasoning Set Combo 8pcs Mixed Spices and Herbs Seasoning Flavoring Set Fresh Sealed for Cooking Home Kitchen All Purpose Spice Set Cumin Chili Salt and Pepper White Pepper Onion Powder Rosemary Prickly Ash Sets Combined,4.8,是,₱115.64-₱422.27,https://affiliate.tiktok.com/api/v1/share/ALXytpNrlTcO,,,,,,,,,,
,https://p16-oec-sg.ibyteimg.com/tos-alisg-i-aphluv4xwc-sg/939cbddfbb52452d998c7f6b5fa11374~tplv-aphluv4xwc-resize-jpeg:600:600.jpeg?dr=15584&from=520841845&idc=my&ps=933b5bde&shcp=6c17ea28&shp=1f0b6a75&t=555f072d,1737230192685254140,Healthy Coco's Shop,食品饮料,零食,12,"Assorted Fruit Crispy Marshmallow Snack, Strawberry Apple Pineapple Mango Ube Taro Crunchy Marshmallow Candy, Double Layer Texture Non-Sticky Teeth, Moisture Proof Upgraded Packaging For Gathering Holiday Gifting",5,是,₱70.71-₱205.91,https://affiliate.tiktok.com/api/v1/share/ALSCgumUm6HS,,,,,,,,,,
,https://p16-oec-sg.ibyteimg.com/tos-alisg-i-aphluv4xwc-sg/ba16fe622cad43af9f8aaf06bbe0f9d8~tplv-aphluv4xwc-resize-jpeg:600:600.jpeg?dr=15584&from=520841845&idc=my&ps=933b5bde&shcp=6c17ea28&shp=1f0b6a75&t=555f072d,1737475812090480575,Panda's Select Shop,食品饮料,主食调料,6,PURE RAW WILD HONEY 250g/500g | NO ADDED SUGAR NO SYRUP ADULTERATION | NATURAL UNFILTERED HONEY DAILY SWEETENER HOME DRINKS LEISURE USE RICH IN NATURAL ENZYMES VITAMINS MINERALS,1,是,₱156.00-₱656.00,https://affiliate.tiktok.com/api/v1/share/ALSCguQgxiUs,,,,,,,,,,
,https://p16-oec-sg.ibyteimg.com/tos-alisg-i-aphluv4xwc-sg/e6ea95a6fec547b0b61e6ddea4e760d6~tplv-aphluv4xwc-resize-jpeg:600:600.jpeg?dr=15584&from=520841845&idc=my&ps=933b5bde&shcp=6c17ea28&shp=1f0b6a75&t=555f072d,1737443451299988988,Healthy Coco's Shop,食品饮料,主食调料,1,"Pure Wild Mountain Honey Squeeze Bottle, 130g/250g 3-in-1 Natural Fruity Floral Honey, Zero Syrup Zero Additive Fresh Honey Drink, Easy Squeeze No Mess Pocket Healthy Sweetener for Daily Drink & Throat Care",0,是,₱77.99-₱627.99,https://affiliate.tiktok.com/api/v1/share/ALSClpgnVl1S,,,,,,,,,,
,https://p16-oec-sg.ibyteimg.com/tos-alisg-i-aphluv4xwc-sg/284c94d0d12b422aada9f97772d771bd~tplv-aphluv4xwc-resize-jpeg:600:600.jpeg?dr=15584&from=520841845&idc=my&ps=933b5bde&shcp=6c17ea28&shp=1f0b6a75&t=555f072d,1735158293034207167,Panda's Select Shop,,,2023,Organic Dried Hibiscus Flowers | Deep Red Sweet Tart Organic Sugar Free Herbal Tea for Health & Culinary Use,4.8,是,₱60.71-₱435.71,https://affiliate.tiktok.com/api/v1/share/AKalUIRjld5O,,,,,,,,,,
,https://p16-oec-sg.ibyteimg.com/tos-alisg-i-aphluv4xwc-sg/81dc3c8c9d73415a913414c209d01ba7~tplv-aphluv4xwc-resize-jpeg:600:600.jpeg?dr=15584&from=520841845&idc=my&ps=933b5bde&shcp=6c17ea28&shp=1f0b6a75&t=555f072d,1735160131098085311,Panda's Select Shop,,,3260,100% Original Organic Dried Hibiscus Tea – Natural Sugar Free Herbal Tea Health Organic Tea,4.8,是,₱118.00-₱498.00,https://affiliate.tiktok.com/api/v1/share/AKNtlx3V8qA4,,,,,,,,,,
,https://p16-oec-sg.ibyteimg.com/tos-alisg-i-aphluv4xwc-sg/28776f7bcfc0460589cd0c1d839baee1~tplv-aphluv4xwc-resize-jpeg:600:600.jpeg?dr=15584&from=520841845&idc=my&ps=933b5bde&shcp=6c17ea28&shp=1f0b6a75&t=555f072d,1734455404264392639,Panda's Select Shop,,,32459,"Turmeric Ginger Tea Cinnamon Tea- turmeric powder cinnamon powder Lemonade Healthy honey Organic | Antioxidant| Good for Heart| Brain Health 100% Handmade Eco Bags | Vegan, Sugar-Free, Caffeine-Free & Gluten-Free",4.7,是,₱95.99-₱441.99,https://affiliate.tiktok.com/api/v1/share/AJvOads1DxEk,,,,,,,,,,
,https://p16-oec-sg.ibyteimg.com/tos-alisg-i-aphluv4xwc-sg/e63adbe36d194af99082665184342d08~tplv-aphluv4xwc-resize-jpeg:600:600.jpeg?dr=15584&from=520841845&idc=my&ps=933b5bde&shcp=6c17ea28&shp=1f0b6a75&t=555f072d,1733288585039218623,Panda's Select Shop,食品饮料,即食食品,11595,[Tiktok Shop Exclusive]Mix Fruit Oatmeal Cereal FIBER MEAL BREAKFAST OATS BETA GLUCAN ORGANIC Crunchy Cereal Snack Yogurt Nuts Baked Oatmeal 500g Healthy High Protein Fiber Breakfast Cereal Instant Muesli Food Strawberry Whole Grain Rolled Oats Oatmeal,4.7,是,₱99.61-₱501.30,https://affiliate.tiktok.com/api/v1/share/AKL2dya0uDYb,,,,,,,,,,
,https://p16-oec-sg.ibyteimg.com/tos-alisg-i-aphluv4xwc-sg/6d18a37f98434c108e86fbbd1f0c5723~tplv-aphluv4xwc-resize-jpeg:600:600.jpeg?dr=15584&from=520841845&idc=my&ps=933b5bde&shcp=6c17ea28&shp=1f0b6a75&t=555f072d,1735325295101773308,Healthy Coco's Shop,食品饮料,主食调料,67,"Pure Natural Cinnamon Powder - Cinnamon for Rolls,Coffee, Baking, Cooking & Drinks | 0 Additives, High Purity, Health Spice",4.6,是,₱68.99-₱327.99,https://affiliate.tiktok.com/api/v1/share/AKhQwkjLDf3O,,,,,,,,,,
,https://p16-oec-sg.ibyteimg.com/tos-alisg-i-aphluv4xwc-sg/ff5a60c761474e4697c5f9f988bcdd8e~tplv-aphluv4xwc-resize-jpeg:600:600.jpeg?dr=15584&from=520841845&idc=my&ps=933b5bde&shcp=6c17ea28&shp=1f0b6a75&t=555f072d,1735710669705807807,Panda's Select Shop,食品饮料,主食调料,592,SSS DRIED CLOVES - Whole Dried Cloves - Natural and Fragrant | Perfect for Cooking & Tea| 50g/100g,4.7,是,₱58.03-₱416.07,https://affiliate.tiktok.com/api/v1/share/AKdMztWCtMAO,,,,,,,,,,
,https://p16-oec-sg.ibyteimg.com/tos-alisg-i-aphluv4xwc-sg/d4af3eb13f0e423fb09bd90cd48ebcbe~tplv-aphluv4xwc-resize-jpeg:600:600.jpeg?dr=15584&from=520841845&idc=my&ps=933b5bde&shcp=6c17ea28&shp=1f0b6a75&t=555f072d,1735713400355522495,Panda's Select Shop,食品饮料,主食调料,804,SSS Whole Dried Cloves Complete & Fresh cloves herbs original Natural and Fragrant | Perfect for Cooking & Tea| N.W 52g/104g organic Spices natural Flavor Pabango seasoning cooking deodorant,4.8,是,₱56.52-₱257.39,https://affiliate.tiktok.com/api/v1/share/AKdN2HsQy8mv,,,,,,,,,,
,https://p16-oec-sg.ibyteimg.com/tos-alisg-i-aphluv4xwc-sg/9ba47bca43cd4390a82626e31ff4e0b2~tplv-aphluv4xwc-resize-jpeg:600:600.jpeg?dr=15584&from=520841845&idc=my&ps=933b5bde&shcp=6c17ea28&shp=1f0b6a75&t=555f072d,1733391176455653311,Panda's Select Shop,食品饮料,零食,6397,"seaweed nori sheets A-grade Seaweed Nori Sheets - High Quality & More Nutrition - 100% Pure Natural - Imported Selected - Rich in Zn, Fe, Ca, Protein",4.6,是,₱107.99-₱428.00,https://affiliate.tiktok.com/api/v1/share/AJvOadozgPAT,,,,,,,,,,
,https://p16-oec-sg.ibyteimg.com/tos-alisg-i-aphluv4xwc-sg/028ccd3d2ce74adb8aa0bfcfa6262da6~tplv-aphluv4xwc-resize-jpeg:600:600.jpeg?dr=15584&from=520841845&idc=my&ps=933b5bde&shcp=6c17ea28&shp=1f0b6a75&t=555f072d,1733486677985953727,Panda's Select Shop,食品饮料,主食调料,29496,Black Shirataki Rice brown rice 1kg/3kg/5kg Low Carb Shiritake Healthy Rice Shirataki Dry Rice Dried Shirataki Rice,4.8,是,"₱177.99-₱2,977.99",https://affiliate.tiktok.com/api/v1/share/AJvOb9bMX0uY,,,,,,,,,,
,https://p16-oec-sg.ibyteimg.com/tos-alisg-i-aphluv4xwc-sg/99fcb79c569149ad8a0d02b3d1b0cb80~tplv-aphluv4xwc-resize-jpeg:600:600.jpeg?dr=15584&from=520841845&idc=my&ps=933b5bde&shcp=6c17ea28&shp=1f0b6a75&t=555f072d,1730614630724635583,Panda's Select Shop,食品饮料,零食,6908,"[20% More vs 400g]Brown Bear Daily Nuts 7in1 Mixed Nuts 500g Healthy Snack with Protein, Walnuts, Dried Cashews, Almonds, and More - FR-4000012778997 Dry Fruit Seed Taffy Yogurt",4.6,是,₱157.99-₱652.99,https://affiliate.tiktok.com/api/v1/share/AKL2dyZzFzvx,,,,,,,,,,
,https://p16-oec-sg.ibyteimg.com/tos-alisg-i-aphluv4xwc-sg/a8f0f09537a348258f5728de30df624d~tplv-aphluv4xwc-resize-jpeg:600:600.jpeg?dr=15584&from=520841845&idc=my&ps=933b5bde&shcp=6c17ea28&shp=1f0b6a75&t=555f072d,1730724720079178687,Panda's Select Shop,食品饮料,主食调料,6401,Healthy Instant Shirataki Rice - Low Carb & Gluten Free Konjac Rice for Quick Storage Instant Rice Harvest mart Shirataki Dry Rice Traditional Little Retail Shirataki Rice Cupboard Instant Rice & Porridge Gluten Free Keto Friendly Rice Grain Carb,4.8,是,"₱143.64-₱2,362.70",https://affiliate.tiktok.com/api/v1/share/AKL2bZtdrPFL,,,,,,,,,,
,https://p16-oec-sg.ibyteimg.com/tos-alisg-i-aphluv4xwc-sg/ee79f61f4474436d85d72f5240473108~tplv-aphluv4xwc-resize-jpeg:600:600.jpeg?dr=15584&from=520841845&idc=my&ps=933b5bde&shcp=6c17ea28&shp=1f0b6a75&t=555f072d,1731315210099526591,Panda's Select Shop,食品饮料,主食调料,14818,[Tiktok Shop Exclusive]【Free gifts】Shirataki Rice Gluten Free Low-Calorie -Konjac rice Instant Low Carb Cupboard Rice (1kg/2kg/3kg) Cupboard Rice Low-Calorie Shirataki Konjac Rice Cupboard Rice Grain low Carb Traditional Flour,4.7,是,"₱66.08-₱2,543.62",https://affiliate.tiktok.com/api/v1/share/AKL2dyZzWydA,,,,,,,,,,
,https://p16-oec-sg.ibyteimg.com/tos-alisg-i-aphluv4xwc-sg/0cb9c471cf8a4e3a82f2c4c381d3600e~tplv-aphluv4xwc-resize-jpeg:600:600.jpeg?dr=15584&from=520841845&idc=my&ps=933b5bde&shcp=6c17ea28&shp=1f0b6a75&t=555f072d,1731336775290292159,Panda's Select Shop,食品饮料,主食调料,1147,Brown Bear Brown Bear Miracle Rice Dry Shirataki Rice 500g/1kg Konjac Low-Carb Gluten-Free Traditional Flavor - Easy Instant Low Carb Konjac Rice 1kg/2kg/3kg Pack Grain Carb FR-4000012603497,4.7,是,₱159.00-₱718.00,https://affiliate.tiktok.com/api/v1/share/AKL2bZQaj4Oa,,,,,,,,,,
,https://p16-oec-sg.ibyteimg.com/tos-alisg-i-aphluv4xwc-sg/ced8b82da5f642a986e4f6fd4475d2aa~tplv-aphluv4xwc-resize-jpeg:600:600.jpeg?dr=15584&from=520841845&idc=my&ps=933b5bde&shcp=6c17ea28&shp=1f0b6a75&t=555f072d,1732262363181647807,Panda's Select Shop,食品饮料,即食食品,71,Black Shirataki Rice Premium Brown Rice Organic Nutri Rice Japan Organic Healthy Rice purple rice FDA-Certified BLACK KONJAC RICE 3X Fiber vs White (Lab Test Proof) Natural,4.9,是,"₱168.00-₱2,978.00",https://affiliate.tiktok.com/api/v1/share/AKL2bZte8Um4,,,,,,,,,,
,https://p16-oec-sg.ibyteimg.com/tos-alisg-i-aphluv4xwc-sg/5296eaec0e32449685800909616a6ec8~tplv-aphluv4xwc-resize-jpeg:600:600.jpeg?dr=15584&from=520841845&idc=my&ps=933b5bde&shcp=6c17ea28&shp=1f0b6a75&t=555f072d,1732262383969273791,Panda's Select Shop,食品饮料,即食食品,5794,Premium BLACK SHIRATAKI RICE FDA-Certified 3X Fiber Than White Organic Nutri Rice Japan Healthy Natural Foods,4.8,是,"₱287.81-₱2,707.26",https://affiliate.tiktok.com/api/v1/share/AKL2dya05E1x,,,,,,,,,,
,https://p16-oec-sg.ibyteimg.com/tos-alisg-i-aphluv4xwc-sg/97721c75333d41959c1b448eab660687~tplv-aphluv4xwc-resize-jpeg:600:600.jpeg?dr=15584&from=520841845&idc=my&ps=933b5bde&shcp=6c17ea28&shp=1f0b6a75&t=555f072d,1732526063380563903,Panda's Select Shop,食品饮料,主食调料,380,Premium Organic Black Shirataki Rice 3X Dietary Fiber & Natural Anthocyanins Less Rice Flour More Goodness Garlic Foods Instant,4.8,是,"₱152.72-₱1,389.08",https://affiliate.tiktok.com/api/v1/share/AKL2dya0M9IL,,,,,,,,,,
,https://p16-oec-sg.ibyteimg.com/tos-alisg-i-aphluv4xwc-sg/cee8bdcb60b84c32b61e2b0b2350fb93~tplv-aphluv4xwc-resize-jpeg:600:600.jpeg?dr=15584&from=520841845&idc=my&ps=933b5bde&shcp=6c17ea28&shp=1f0b6a75&t=555f072d,1732552158181558207,Panda's Select Shop,食品饮料,零食,8764,1Kilo Bulk Popular Mint Sweets Sugar-Free with Strawberry Orange Mango Fresh Breath Mints Kisses Candy Sweet Bonbon Comforting Cool Refreshing Bonbon Candies Christmas Gift Bags PartySnack Loot Bag Bamboo mint candies giftideas,4.8,是,₱103.80-₱379.29,https://affiliate.tiktok.com/api/v1/share/AKL2bZQbYHpa,,,,,,,,,,
,https://p16-oec-sg.ibyteimg.com/tos-alisg-i-aphluv4xwc-sg/62c98763ee9042c1ab9e2699dea48e16~tplv-aphluv4xwc-resize-jpeg:600:600.jpeg?dr=15584&from=520841845&idc=my&ps=933b5bde&shcp=6c17ea28&shp=1f0b6a75&t=555f072d,1732805585401186239,Panda's Select Shop,,,431,[Tiktok Shop Exclusive]Sugar-Free Red Apple Super Seed Mixed Nut Bar Granola Bar High-Quality Nutrition Suitable for Eat Clean Bag,4.5,是,₱158.00-₱508.62,https://affiliate.tiktok.com/api/v1/share/AKL2bZtegXTA,,,,,,,,,,
,https://p16-oec-sg.ibyteimg.com/tos-alisg-i-aphluv4xwc-sg/533d0a97670e444e8c6ffeebecf1d1b6~tplv-aphluv4xwc-resize-jpeg:600:600.jpeg?dr=15584&from=520841845&idc=my&ps=933b5bde&shcp=6c17ea28&shp=1f0b6a75&t=555f072d,1732805855334074303,Panda's Select Shop,,,2794,Japanese Matcha - Authentic Green Tea Powder for Latte Use Beverage Flavor,4.7,是,"₱121.17-₱1,066.35",https://affiliate.tiktok.com/api/v1/share/AKL2dya0dIOw,,,,,,,,,,
,https://p16-oec-sg.ibyteimg.com/tos-alisg-i-aphluv4xwc-sg/d44d281ccd32448d8edcd6b746a7e611~tplv-aphluv4xwc-resize-jpeg:600:600.jpeg?dr=15584&from=520841845&idc=my&ps=933b5bde&shcp=6c17ea28&shp=1f0b6a75&t=555f072d,1732836054273066943,Panda's Select Shop,食品饮料,零食,1047,Sushi Nori Sheets Roasted Seaweed Nori Wrapper Big Sheets Sushi Roll Unseasoned Seaweed Wholesale Organic Natural Low Fat Snack Free Bamboo Sushi Mat 10/30 sheets,4.6,是,"₱88.00-₱1,494.49",https://affiliate.tiktok.com/api/v1/share/AKL2bZQbp9hx,,,,,,,,,,
,https://p16-oec-sg.ibyteimg.com/tos-alisg-i-aphluv4xwc-sg/17a189c36bec40138dffe9c873d23c5d~tplv-aphluv4xwc-resize-jpeg:600:600.jpeg?dr=15584&from=520841845&idc=my&ps=933b5bde&shcp=6c17ea28&shp=1f0b6a75&t=555f072d,1732868248582064063,Panda's Select Shop,食品饮料,零食,27925,"[Tiktok Shop Exclusive]Pumpkin Seeds Imported from USA unsalted, no added oil, low carb, high fiber, superfood snack) Bulk Pack for Snacking and Cooking 100g/500g/1kg Roasted Organic pumpkin seeds snack Natural",4.7,是,₱98.00-₱538.00,https://affiliate.tiktok.com/api/v1/share/AKL2bZtexUsA,,,,,,,,,,
,https://p16-oec-sg.ibyteimg.com/tos-alisg-i-aphluv4xwc-sg/26d86b7a718f4920a782a1b38f14ab2b~tplv-aphluv4xwc-resize-jpeg:600:600.jpeg?dr=15584&from=520841845&idc=my&ps=933b5bde&shcp=6c17ea28&shp=1f0b6a75&t=555f072d,1733504748279793599,Panda's Select Shop,食品饮料,零食,24,Sugar-Free Fruit Mint Candy 1Kilo with Strawberry Orange Mango Fresh Breath Mints Kisses Candy Bonbon Comforting Cool Refreshing Candies Christmas Gift Bags Party Preferred holiday Snack Loot Bag Bamboo mint candies giftideas,5,是,₱88.00-₱349.00,https://affiliate.tiktok.com/api/v1/share/AKL2bZtfElWB,,,,,,,,,,
,https://p16-oec-sg.ibyteimg.com/tos-alisg-i-aphluv4xwc-sg/e74bebb7129e4084b4ecab70276afd5e~tplv-aphluv4xwc-resize-jpeg:600:600.jpeg?dr=15584&from=520841845&idc=my&ps=933b5bde&shcp=6c17ea28&shp=1f0b6a75&t=555f072d,1733522158262126527,Panda's Select Shop,食品饮料,零食,211,"B1T1 300PCS-SARIWANG HANGIN SUGAR-FREE MINT CANDY Sariwang hininga, walang mints, halik, kendi, nakakaaliw na kendi, cool at nakakapreskong",4.6,是,₱88.00-₱349.00,https://affiliate.tiktok.com/api/v1/share/AKL2dya1BFgQ,,,,,,,,,,
,https://p16-oec-sg.ibyteimg.com/tos-alisg-i-aphluv4xwc-sg/4309f3b054394739b681e66e267e1226~tplv-aphluv4xwc-resize-jpeg:600:600.jpeg?dr=15584&from=520841845&idc=my&ps=933b5bde&shcp=6c17ea28&shp=1f0b6a75&t=555f072d,1733602924448548799,Panda's Select Shop,食品饮料,零食,61,Coconut Charcoal Mint Candy Fresh Breath Sugar-Free Kissing Candy Four Flavors Compressed Candy Large-Capacity Packaging Snack Sweet,4.8,是,₱59.00-₱798.00,https://affiliate.tiktok.com/api/v1/share/AKL2bZQcNJLb,,,,,,,,,,
,https://p16-oec-sg.ibyteimg.com/tos-alisg-i-aphluv4xwc-sg/a2eaba4dbcda4daa9c2f358cc29652ff~tplv-aphluv4xwc-resize-jpeg:600:600.jpeg?dr=15584&from=520841845&idc=my&ps=933b5bde&shcp=6c17ea28&shp=1f0b6a75&t=555f072d,1733603191728867263,Panda's Select Shop,食品饮料,零食,257,Sugar Free Coconut Charcoal Mint Candy For Fresh Breath Mixed Fruit Candies wholesale Snacks Sweet,4.8,是,₱56.00-₱753.00,https://affiliate.tiktok.com/api/v1/share/AKL2dya1SIGP,,,,,,,,,,
,https://p16-oec-sg.ibyteimg.com/tos-alisg-i-aphluv4xwc-sg/f5847265bf39443d868064433cee8bf0~tplv-aphluv4xwc-resize-jpeg:600:600.jpeg?dr=15584&from=520841845&idc=my&ps=933b5bde&shcp=6c17ea28&shp=1f0b6a75&t=555f072d,1733617780933101503,Panda's Select Shop,食品饮料,即食食品,2269,Rolled Oats Whole Grain 1.2Kg Bag High Fiber Cereal for Breakfast and Muesli Oatmeal Food Instant,4.7,是,₱66.09-₱232.77,https://affiliate.tiktok.com/api/v1/share/AKL2bZQcvO09,,,,,,,,,,
,https://p16-oec-sg.ibyteimg.com/tos-alisg-i-aphluv4xwc-sg/6e750aecd1b442ceab1f394f167746d9~tplv-aphluv4xwc-resize-jpeg:600:600.jpeg?dr=15584&from=520841845&idc=my&ps=933b5bde&shcp=6c17ea28&shp=1f0b6a75&t=555f072d,1733619458985592767,Panda's Select Shop,食品饮料,即食食品,407,Whole Grain Rolled Black Oats 1200G Instant Rye Oatmeal Breakfast Cereal High Fiber Meal chia seeds rolled oats Rich in Beta-Glucan,4.7,是,₱66.09-₱233.66,https://affiliate.tiktok.com/api/v1/share/AKL2bZtfVfyE,,,,,,,,,,
,https://p16-oec-sg.ibyteimg.com/tos-alisg-i-aphluv4xwc-sg/8e7ff6fa76044fcb9bcaf1d58466e47d~tplv-aphluv4xwc-resize-jpeg:600:600.jpeg?dr=15584&from=520841845&idc=my&ps=933b5bde&shcp=6c17ea28&shp=1f0b6a75&t=555f072d,1733644738524317631,Panda's Select Shop,食品饮料,即食食品,78,Rolled Oats Whole Grain 1.2Kg Healthy High Fiber Cereal for Breakfast and Muesli Oatmeal Food Instant,4.9,是,₱78.00-₱258.00,https://affiliate.tiktok.com/api/v1/share/AKL2dya20O8d,,,,,,,,,,
,https://p16-oec-sg.ibyteimg.com/tos-alisg-i-aphluv4xwc-sg/c789cd98127f4e89af4a0dbe6d1f1be6~tplv-aphluv4xwc-resize-jpeg:600:600.jpeg?dr=15584&from=520841845&idc=my&ps=933b5bde&shcp=6c17ea28&shp=1f0b6a75&t=555f072d,1733884836125837247,Panda's Select Shop,,,2453,【Kidney Nourishing】Ginseng Tea 8-in-1 Herbal Tea Red date Mulberry Goji Black Tea 8 Treasure tea Health Tea Bag FDA Approved Herbal Soup Tea with Ginseng Mulberry Red Wolfberry No Sugar Fat Artificial Flavors Impurities,4.8,是,₱116.77-₱583.04,https://affiliate.tiktok.com/api/v1/share/AKL2bZtfmiS7,,,,,,,,,,
,https://p16-oec-sg.ibyteimg.com/tos-alisg-i-aphluv4xwc-sg/ca8ef17067f5407eb43cbc57df3ce9bc~tplv-aphluv4xwc-resize-jpeg:600:600.jpeg?dr=15584&from=520841845&idc=my&ps=933b5bde&shcp=6c17ea28&shp=1f0b6a75&t=555f072d,1734318425442781119,Panda's Select Shop,食品饮料,零食,27,Sushi yaki nori seaweed halal half cut 100pcs Snack Salt Protein ph,5,是,₱88.00-₱279.00,https://affiliate.tiktok.com/api/v1/share/AKL2bZQdTdXl,,,,,,,,,,
,https://p16-oec-sg.ibyteimg.com/tos-alisg-i-aphluv4xwc-sg/90a248ca076b48b685f78d4b7346a3e7~tplv-aphluv4xwc-resize-jpeg:600:600.jpeg?dr=15584&from=520841845&idc=my&ps=933b5bde&shcp=6c17ea28&shp=1f0b6a75&t=555f072d,1734320747701503935,Panda's Select Shop,食品饮料,零食,1245,Trail Mix Fruit Daily Mixed Nuts Dried Almond Nuts/Pistachios/Cashews/Macadamia Pure Nuts Snack,4.4,是,₱110.99-₱600.05,https://affiliate.tiktok.com/api/v1/share/AKL2bZtg3lxo,,,,,,,,,,
,https://p16-oec-sg.ibyteimg.com/tos-alisg-i-aphluv4xwc-sg/808d2d495534423690581fdcb3f96d6b~tplv-aphluv4xwc-resize-jpeg:600:600.jpeg?dr=15584&from=520841845&idc=my&ps=933b5bde&shcp=6c17ea28&shp=1f0b6a75&t=555f072d,1734321924294608831,Panda's Select Shop,食品饮料,零食,2011,crunchy peanut Roasted Peanuts 3 Flavors Nuts healthy snacks Zero Additives Crispy Nutritious Snack No Added Oil No Sucrose No Preservatives 3 Tastes Snack Protein Protein Fiber Natural Vitamin Taffy,4.7,是,₱68.00-₱494.00,https://affiliate.tiktok.com/api/v1/share/AKL2bZQdkiH0,,,,,,,,,,
,https://p19-oec-sg.ibyteimg.com/tos-alisg-i-aphluv4xwc-sg/c351f8c9a755416c9e1a48d778e7d075~tplv-aphluv4xwc-resize-jpeg:600:600.jpeg?dr=15584&from=520841845&idc=my&ps=933b5bde&shcp=6c17ea28&shp=1f0b6a75&t=555f072d,1734323198785128383,Panda's Select Shop,,,11,Pure Unsweetened Matcha Powder 50g / 100g Keto Low Carb Approved,5,是,₱143.00-₱298.00,https://affiliate.tiktok.com/api/v1/share/AKL2dya2pbQ2,,,,,,,,,,
,https://p16-oec-sg.ibyteimg.com/tos-alisg-i-aphluv4xwc-sg/aa480d9c7ff14c67906775589d1670f7~tplv-aphluv4xwc-resize-jpeg:600:600.jpeg?dr=15584&from=520841845&idc=my&ps=933b5bde&shcp=6c17ea28&shp=1f0b6a75&t=555f072d,1734329940136986559,Panda's Select Shop,,,104,"【COD】herbal tea in stock,Goji Berry, Mulberry, Red Date, at Longan Herbal Tea – Isang Tradisyunal na Inuming Tsino,Soup Tea",4.8,是,₱132.00-₱688.00,https://affiliate.tiktok.com/api/v1/share/AKL2bacv9lGZ,,,,,,,,,,
,https://p16-oec-sg.ibyteimg.com/tos-alisg-i-aphluv4xwc-sg/52671001d55549ae92b659579a224010~tplv-aphluv4xwc-resize-jpeg:600:600.jpeg?dr=15584&from=520841845&idc=my&ps=933b5bde&shcp=6c17ea28&shp=1f0b6a75&t=555f072d,1734333897146927039,Panda's Select Shop,食品饮料,零食,18,"【mga 150 piraso】Sariwang hininga, walang mints, halik, kendi, nakakaaliw na kendi, cool at nakakapreskong",5,是,₱148.00-₱438.00,https://affiliate.tiktok.com/api/v1/share/AKL2bacvQfb0,,,,,,,,,,
,https://p16-oec-sg.ibyteimg.com/tos-alisg-i-aphluv4xwc-sg/818a56da90794a87a9230695ce85fd2d~tplv-aphluv4xwc-resize-jpeg:600:600.jpeg?dr=15584&from=520841845&idc=my&ps=933b5bde&shcp=6c17ea28&shp=1f0b6a75&t=555f072d,1734345282973042623,Panda's Select Shop,食品饮料,零食,25,1000g / about 580pcs Origami Crane​​ Fruit Candy Mixed Fruit Flavored Sweet Hard Candies,1,是,"₱88.00-₱1,138.00",https://affiliate.tiktok.com/api/v1/share/AKL2bZtgszcT,,,,,,,,,,
,https://p16-oec-sg.ibyteimg.com/tos-alisg-i-aphluv4xwc-sg/5cc5b748f77242569202cd0b5a94f30a~tplv-aphluv4xwc-resize-jpeg:600:600.jpeg?dr=15584&from=520841845&idc=my&ps=933b5bde&shcp=6c17ea28&shp=1f0b6a75&t=555f072d,1734362653341157311,Panda's Select Shop,食品饮料,零食,17,Nori Seaweed Sheet Big Size Bulk Deal Less salt Seaweed Wrapper Big Seaweed Flakes For Masubi Sushi Snack Flavor ph,4.8,是,"₱135.00-₱1,599.00",https://affiliate.tiktok.com/api/v1/share/AKL2dya3NddR,,,,,,,,,,
,https://p16-oec-sg.ibyteimg.com/tos-alisg-i-aphluv4xwc-sg/d1f6242088784baaa8047bab83a204f1~tplv-aphluv4xwc-resize-jpeg:600:600.jpeg?dr=15584&from=520841845&idc=my&ps=933b5bde&shcp=6c17ea28&shp=1f0b6a75&t=555f072d,1734453509723228095,Panda's Select Shop,食品饮料,零食,526,"【1KG】 Flavored Roasted Peanuts, in Shell, 3 Delicious Flavors, Healthy Snack, Rich in Nutrients 100g/250g/500g/1kg",4.6,是,₱68.00-₱494.00,https://affiliate.tiktok.com/api/v1/share/AKL2bacvhjF3,,,,,,,,,,
,https://p16-oec-sg.ibyteimg.com/tos-alisg-i-aphluv4xwc-sg/cd06560c7d154e82ab7df495c3d921de~tplv-aphluv4xwc-resize-jpeg:600:600.jpeg?dr=15584&from=520841845&idc=my&ps=933b5bde&shcp=6c17ea28&shp=1f0b6a75&t=555f072d,1734453533061056447,Panda's Select Shop,食品饮料,零食,388,"[Tiktok Shop Exclusive] Flavored Roasted Peanuts, in Shell, 3 Delicious Flavors, Healthy Snack, Rich in Nutrients 100g/250g/500g/1kg",4.7,是,₱68.00-₱494.00,https://affiliate.tiktok.com/api/v1/share/AKL2bacwFyeW,,,,,,,,,,
,https://p16-oec-sg.ibyteimg.com/tos-alisg-i-aphluv4xwc-sg/1d757ad133e542e1ba76b96b8de6a368~tplv-aphluv4xwc-resize-jpeg:600:600.jpeg?dr=15584&from=520841845&idc=my&ps=933b5bde&shcp=6c17ea28&shp=1f0b6a75&t=555f072d,1734454314318137279,Panda's Select Shop,食品饮料,即食食品,2919,Brown Bear Mix Fruit Oatmeal Cereal FIBER MEAL BREAKFAST OATS BETA GLUCAN ORGANIC Crunchy Cereal Snack Yogurt Nuts Baked Oatmeal 500g Healthy High Protein Fiber Breakfast Cereal Instant Muesli Food Strawberry Whole Grain Rolled Oats Oatmeal Christmas gift,4.7,是,₱107.26-₱516.35,https://affiliate.tiktok.com/api/v1/share/AKL2dya3efZm,,,,,,,,,,
,https://p16-oec-sg.ibyteimg.com/tos-alisg-i-aphluv4xwc-sg/90a1e0ac995d439f802a4015c4cf7046~tplv-aphluv4xwc-resize-jpeg:600:600.jpeg?dr=15584&from=520841845&idc=my&ps=933b5bde&shcp=6c17ea28&shp=1f0b6a75&t=555f072d,1734459289660262335,Panda's Select Shop,,,2987,"[Tiktok Shop Exclusive]Turmeric Ginger Tea Cinnamon Tea- turmeric powder cinnamon powder Lemonade Healthy honey Organic | Antioxidant| Good for Heart| Brain Health 100% Handmade Eco Bags | Vegan, Sugar-Free, Caffeine-Free & Gluten-Free",4.6,是,₱96.00-₱442.00,https://affiliate.tiktok.com/api/v1/share/AKL2bacwnuL7,,,,,,,,,,
,https://p16-oec-sg.ibyteimg.com/tos-alisg-i-aphluv4xwc-sg/c7b3ff75ce4b48b0a743253b72e2390e~tplv-aphluv4xwc-resize-jpeg:600:600.jpeg?dr=15584&from=520841845&idc=my&ps=933b5bde&shcp=6c17ea28&shp=1f0b6a75&t=555f072d,1734459330264926143,Panda's Select Shop,,,94,"Turmeric powder Turmeric Ginger Cinnamon Tea- cinnamon powder Lemonade Healthy honey Organic | Antioxidant| Good for Heart| Brain Health 100% Handmade Eco Bags | Vegan, Sugar-Free, Caffeine-Free & Gluten-Free",4.6,是,₱96.00-₱442.00,https://affiliate.tiktok.com/api/v1/share/AKL2dya3vwBt,,,,,,,,,,
,https://p16-oec-sg.ibyteimg.com/tos-alisg-i-aphluv4xwc-sg/3bf7ae244f294539acc273c30d22210f~tplv-aphluv4xwc-resize-jpeg:600:600.jpeg?dr=15584&from=520841845&idc=my&ps=933b5bde&shcp=6c17ea28&shp=1f0b6a75&t=555f072d,1734459492258121663,Panda's Select Shop,,,692,DRIED HIBISCUS HERBAL TEA sugar free hibiscus tea health herbal dried Hibiscus Flower Roselle Tea Dried Fruit Tea (Special Grade),4.6,是,₱108.00-₱388.00,https://affiliate.tiktok.com/api/v1/share/AKL2dzG3Boxt,,,,,,,,,,
,https://p16-oec-sg.ibyteimg.com/tos-alisg-i-aphluv4xwc-sg/8ed589aeaea54da5b1c86bea3b43fe8a~tplv-aphluv4xwc-resize-jpeg:600:600.jpeg?dr=15584&from=520841845&idc=my&ps=933b5bde&shcp=6c17ea28&shp=1f0b6a75&t=555f072d,1734459636718667711,Panda's Select Shop,食品饮料,主食调料,517,10in1 set of seasoning combination pack household barbecue cooking seasoning cumin pepper powder small bottle barbecue powder Kitchen Utensils Multicolor Flavor Spice,4.7,是,₱118.00-₱199.00,https://affiliate.tiktok.com/api/v1/share/AKL2dya4TvAq,,,,,,,,,,
,https://p16-oec-sg.ibyteimg.com/tos-alisg-i-aphluv4xwc-sg/d820b017444d405cba172005120698c9~tplv-aphluv4xwc-resize-jpeg:600:600.jpeg?dr=15584&from=520841845&idc=my&ps=933b5bde&shcp=6c17ea28&shp=1f0b6a75&t=555f072d,1734485163725064127,Panda's Select Shop,食品饮料,即食食品,218,"Yogurt & fruit Cereal Chia Seed Cereal Mix with Fruits, Nuts, and Yogurt - Instant Breakfast Muesli Cereal Oatmeal Food Banana Banana Fiber Milk",4.7,是,₱118.00-₱568.00,https://affiliate.tiktok.com/api/v1/share/AKL2dzG3k4g7,,,,,,,,,,
,https://p16-oec-sg.ibyteimg.com/tos-alisg-i-aphluv4xwc-sg/501865edb5484afe8e13f06f859bcfa4~tplv-aphluv4xwc-resize-jpeg:600:600.jpeg?dr=15584&from=520841845&idc=my&ps=933b5bde&shcp=6c17ea28&shp=1f0b6a75&t=555f072d,1735079238458050495,Panda's Select Shop,食品饮料,饮料,7,1kg Matcha powder Culinary/Ceremonial Grade Wholesale premium for drink/baking/coffee/milktea,5,是,"₱448.00-₱1,998.00",https://affiliate.tiktok.com/api/v1/share/AKL2bacxMDrK,,,,,,,,,,
,https://p16-oec-sg.ibyteimg.com/tos-alisg-i-aphluv4xwc-sg/bf4b039e964b4fcebda4325f55bf8b47~tplv-aphluv4xwc-resize-jpeg:600:600.jpeg?dr=15584&from=520841845&idc=my&ps=933b5bde&shcp=6c17ea28&shp=1f0b6a75&t=555f072d,1735153204020021183,Panda's Select Shop,,,24,DRIED HIBISCUS HERBAL TEA Complete Flower Hibiscus Tea Organic | Organic Herbal Tea hibiscus dried flowers From Single Origin | Eco-Friendly,5,是,₱68.00-₱488.00,https://affiliate.tiktok.com/api/v1/share/AKL2dya4l4lX,,,,,,,,,,
,https://p16-oec-sg.ibyteimg.com/tos-alisg-i-aphluv4xwc-sg/dbd363444bf54584a10c369ad8c8cf79~tplv-aphluv4xwc-resize-jpeg:600:600.jpeg?dr=15584&from=520841845&idc=my&ps=933b5bde&shcp=6c17ea28&shp=1f0b6a75&t=555f072d,1732262408509425599,Panda's Select Shop,食品饮料,即食食品,4598,Brown Bear Premium Organic Black Shirataki Rice - 3X Dietary Fiber & Natural Anthocyanins - FDA Certified FR-4000012603497 - Less Rice Flour More Goodness Garlic Foods Instant,4.8,是,"₱298.18-₱2,567.34",https://affiliate.tiktok.com/api/v1/share/AKL2dzG413sH,,,,,,,,,,
,https://p16-oec-sg.ibyteimg.com/tos-alisg-i-aphluv4xwc-sg/e23a05a07f904323a4e4e0b62b167762~tplv-aphluv4xwc-resize-jpeg:600:600.jpeg?dr=15584&from=520841845&idc=my&ps=933b5bde&shcp=6c17ea28&shp=1f0b6a75&t=555f072d,1734373300619544511,Panda's Select Shop,,,1686,[Tiktok Shop Exclusive]DRIED HIBISCUS HERBAL TEA sugar free hibiscus tea health herbal dried organic natural gumamela Gumamela tea hibiscus tea hibiscus flower hibiscus tea bag hibiscus tea original,4.8,是,₱91.99-₱371.99,https://affiliate.tiktok.com/api/v1/share/AJvOadp7etCP,,,,,,,,,,
,https://p16-oec-sg.ibyteimg.com/tos-alisg-i-aphluv4xwc-sg/082db5074e0548409b707d13049b4736~tplv-aphluv4xwc-resize-jpeg:600:600.jpeg?dr=15584&from=520841845&idc=my&ps=933b5bde&shcp=6c17ea28&shp=1f0b6a75&t=555f072d,1734379000919525311,Panda's Select Shop,,,1769,Turmeric Cinnamon Tea/turmeric powder Turmeric Ginger Cinnamon Tea Bags/cinnamon powder Turmeric Cinnamon Tea/Curcumin Immune Boost Tea Blends/Immune-Boosting Curcumin Tea Packs honey,4.6,是,₱81.35-₱374.57,https://affiliate.tiktok.com/api/v1/share/AK00WZ17mZcB,,,,,,,,,,
,https://p16-oec-sg.ibyteimg.com/tos-alisg-i-aphluv4xwc-sg/143fd0a6bef24c9e8bc13fb343a5f58b~tplv-aphluv4xwc-resize-jpeg:600:600.jpeg?dr=15584&from=520841845&idc=my&ps=933b5bde&shcp=6c17ea28&shp=1f0b6a75&t=555f072d,1734414908909717439,Panda's Select Shop,食品饮料,零食,2172,Roasted Peanuts 3 Flavors crunchy peanut Nuts healthy snacks Zero Additives Crispy Nutritious Snack No Added Oil No Sucrose No Preservatives 3 Tastes Snack Protein Protein Fiber Natural Vitamin Taffy,4.7,是,₱67.99-₱493.99,https://affiliate.tiktok.com/api/v1/share/AJvOadMVCMBa,,,,,,,,,,
,https://p16-oec-sg.ibyteimg.com/tos-alisg-i-aphluv4xwc-sg/5dae3ade5e72481cb2f4043ca8ef832a~tplv-aphluv4xwc-resize-jpeg:600:600.jpeg?dr=15584&from=520841845&idc=my&ps=933b5bde&shcp=6c17ea28&shp=1f0b6a75&t=555f072d,1734454347139155903,Panda's Select Shop,食品饮料,主食调料,94,5pcs set of seasoning combination pack household barbecue cooking seasoning cumin pepper powder small bottle barbecue powder Kitchen Utensils Multicolor Flavor Spice,4.5,是,₱57.99-₱217.99,https://affiliate.tiktok.com/api/v1/share/AJvOb9ndgTOz,,,,,,,,,,
,https://p16-oec-sg.ibyteimg.com/tos-alisg-i-aphluv4xwc-sg/9bec3545879341fabdc878a1cb405bd6~tplv-aphluv4xwc-resize-jpeg:600:600.jpeg?dr=15584&from=520841845&idc=my&ps=933b5bde&shcp=6c17ea28&shp=1f0b6a75&t=555f072d,1735532269989234623,Panda's Select Shop,健康保健,营养保健,107,"Turmeric Powder Lemon Turmeric Ginger powder- turmeric lemon powder Healthy honey Organic | Antioxidant| Good for Heart| Brain Health 100% Handmade Eco Bags | Vegan, Sugar-Free, Caffeine-Free & Gluten-Free",4.5,是,₱51.78-₱194.64,https://affiliate.tiktok.com/api/v1/share/AKalUHFoMW13,,,,,,,,,,
,https://p16-oec-sg.ibyteimg.com/tos-alisg-i-aphluv4xwc-sg/588d58cab8b2496089477f168b4a445e~tplv-aphluv4xwc-resize-jpeg:600:600.jpeg?dr=15584&from=520841845&idc=my&ps=933b5bde&shcp=6c17ea28&shp=1f0b6a75&t=555f072d,1735549895784761279,Panda's Select Shop,食品饮料,饮料,819,Pure & Unsweetened Beetroot powder S-Grade Organic 5 Free Additives Natural Nutrition Beetroot Fruit Beetroot Powder Organic,4.7,是,₱60.17-₱237.16,https://affiliate.tiktok.com/api/v1/share/AKalUIRkJkiK,,,,,,,,,,
,https://p16-oec-sg.ibyteimg.com/tos-alisg-i-aphluv4xwc-sg/a4b4abb7a5c44de1b35046b8da61762c~tplv-aphluv4xwc-resize-jpeg:600:600.jpeg?dr=15584&from=520841845&idc=my&ps=933b5bde&shcp=6c17ea28&shp=1f0b6a75&t=555f072d,1735562377126643647,Panda's Select Shop,食品饮料,饮料,327,"【Buy 1 Take 1】Beetroot powder 0 sugar 100% Organic Whole Beetroot Powder, 5 Free Clean Formula, Natural Daily Drink",4.7,是,₱60.17-₱316.81,https://affiliate.tiktok.com/api/v1/share/AKalc2orS7js,,,,,,,,,,
,https://p16-oec-sg.ibyteimg.com/tos-alisg-i-aphluv4xwc-sg/dee6d450c8e24302bee083c5a4af0b8d~tplv-aphluv4xwc-resize-jpeg:600:600.jpeg?dr=15584&from=520841845&idc=my&ps=933b5bde&shcp=6c17ea28&shp=1f0b6a75&t=555f072d,1735573714770888639,Panda's Select Shop,健康保健,营养保健,61,"Turmeric Powder Lemon Turmeric Ginger powder- turmeric lemon powder Healthy honey Organic | Antioxidant| Good for Heart| Brain Health 100% Handmade Eco Bags | Vegan, Sugar-Free, Caffeine-Free & Gluten-Free",4.7,是,₱52.58-₱266.08,https://affiliate.tiktok.com/api/v1/share/AKalUHFodZKy,,,,,,,,,,
,https://p16-oec-sg.ibyteimg.com/tos-alisg-i-aphluv4xwc-sg/3523e6d8a4b34c3886bb9a332920e4af~tplv-aphluv4xwc-resize-jpeg:600:600.jpeg?dr=15584&from=520841845&idc=my&ps=933b5bde&shcp=6c17ea28&shp=1f0b6a75&t=555f072d,1731845545930163602,"greenmakes
主推",美妆与个护,美容,309778,【BUY 1 TAKE 2 】【FDA Approved】White Owen James Matte and Long-lasting Velvet Lip Gloss Nature for Students,4.8,是,₱187.98-₱188.00,https://affiliate.tiktok.com/api/v1/share/AJygfSMQmOiz,,,,,,,,,,
,https://p16-oec-sg.ibyteimg.com/tos-alisg-i-aphluv4xwc-sg/50f123ab9ff4457a88bcfb2ecd3f501c~tplv-aphluv4xwc-resize-jpeg:600:600.jpeg?dr=15584&from=520841845&idc=my&ps=933b5bde&shcp=6c17ea28&shp=1f0b6a75&t=555f072d,1730894006389541266,"greenmakes
主推",美妆与个护,美容,181010,【Buy 1 Take 1】【FDA Approved】Owen James Matte and Long-lasting Velvet Lip Gloss Nature for Students,4.8,是,₱137.98-₱138.00,https://affiliate.tiktok.com/api/v1/share/AJygfSMQVXIy,,,,,,,,,,
,https://p16-oec-sg.ibyteimg.com/tos-alisg-i-aphluv4xwc-sg/5e9d20647bfe41c1a3546b9ca44bbf89~tplv-aphluv4xwc-resize-jpeg:600:600.jpeg?dr=15584&from=520841845&idc=my&ps=933b5bde&shcp=6c17ea28&shp=1f0b6a75&t=555f072d,1734125067976410514,"greenmakes
主推",美妆与个护,美容,23170,[BUY 1 TAKE 1]New owen james H53 soft light milk mist lip glaze moisture and long lasting high pigmented waterproof,4.8,是,₱157.99,https://affiliate.tiktok.com/api/v1/share/AJyggCqXTsM4,,,,,,,,,,
,https://p16-oec-sg.ibyteimg.com/tos-alisg-i-aphluv4xwc-sg/85e61ea5ee0a466daba9dba69eaf4a55~tplv-aphluv4xwc-resize-jpeg:600:600.jpeg?dr=15584&from=520841845&idc=my&ps=933b5bde&shcp=6c17ea28&shp=1f0b6a75&t=555f072d,1734309954243298706,"greenmakes
主推",美妆与个护,美容,22144,OWEN JAMES Matte Mate lipstick -Waterproof & Hydrating & High pigment,4.7,是,₱168.00,https://affiliate.tiktok.com/api/v1/share/AJyggDNqb2N5,,,,,,,,,,
,https://p16-oec-sg.ibyteimg.com/tos-alisg-i-aphluv4xwc-sg/3bb6eda5d1524a359db3e9f1eeb07cc6~tplv-aphluv4xwc-resize-jpeg:600:600.jpeg?dr=15584&from=520841845&idc=my&ps=933b5bde&shcp=6c17ea28&shp=1f0b6a75&t=555f072d,1733489851691271570,greenmakes,美妆与个护,美容,70,"AMUSE LIVE Triangle Blush with a variety of color options, natural finish, suitable for all skin types",4,是,₱119.99,https://affiliate.tiktok.com/api/v1/share/AJyggCqVpO7m,,,,,,,,,,
,https://p16-oec-sg.ibyteimg.com/tos-alisg-i-aphluv4xwc-sg/70bf72d219e8471abc0cea769dec51a4~tplv-aphluv4xwc-resize-jpeg:600:600.jpeg?dr=15584&from=520841845&idc=my&ps=933b5bde&shcp=6c17ea28&shp=1f0b6a75&t=555f072d,1733728045091882386,greenmakes,美妆与个护,美容,51,【Buy one Take one】 MISS LARA 2 in 1 Waterproof Liners Makeup ip liner Matte Velvet Lipstick Pen / Lip tint Long Lasting Waterproof Lip Tint / Long Lasting Nude LipGloss Pencil / Lip,4,是,₱157.99,https://affiliate.tiktok.com/api/v1/share/AJyggDNqK1Tg,,,,,,,,,,
,https://p16-oec-sg.ibyteimg.com/tos-alisg-i-aphluv4xwc-sg/e15d94a8311449d4b9620d2506b1c6ed~tplv-aphluv4xwc-resize-jpeg:600:600.jpeg?dr=15584&from=520841845&idc=my&ps=933b5bde&shcp=6c17ea28&shp=1f0b6a75&t=555f072d,1733928862875878802,greenmakes,美妆与个护,美容,5,KODYBALL 3D Contouring Stick Face Makeup Long lasting Waterproof Soft Smooth Naturally Easy to Sculpt Face Makeup,4.5,是,₱159.00,https://affiliate.tiktok.com/api/v1/share/AJygbC6FEV3p,,,,,,,,,,
,https://p16-oec-sg.ibyteimg.com/tos-alisg-i-aphluv4xwc-sg/936d595a92cf4604a41942f40efcc77a~tplv-aphluv4xwc-resize-jpeg:600:600.jpeg?dr=15584&from=520841845&idc=my&ps=933b5bde&shcp=6c17ea28&shp=1f0b6a75&t=555f072d,1734008128588711314,greenmakes,美妆与个护,美容,17,3 in 1 Multi-Use Makeup Blush Lipstick Eye Shadow Sheer Pink Natural Contour Cream with Brush Head High Pigment Matte Finish Long-Lasting Waterproof,5,是,₱167.99,https://affiliate.tiktok.com/api/v1/share/AJygfAFvURqN,,,,,,,,,,
,https://p16-oec-sg.ibyteimg.com/tos-alisg-i-aphluv4xwc-sg/310f1f47b46147af93068be324164c26~tplv-aphluv4xwc-resize-jpeg:600:600.jpeg?dr=15584&from=520841845&idc=my&ps=933b5bde&shcp=6c17ea28&shp=1f0b6a75&t=555f072d,1734507884812076434,greenmakes,美妆与个护,美容,16,Life Girls Brush Makeup Brushes BrushMakeup Portable Full of Brush MakeupBrush Cosmetic travel,5,是,₱158.00,https://affiliate.tiktok.com/api/v1/share/AJygfAFwJW9w,,,,,,,,,,
,https://p16-oec-sg.ibyteimg.com/tos-alisg-i-aphluv4xwc-sg/b73b4bd9f9d4451aa052177025509fbb~tplv-aphluv4xwc-resize-jpeg:600:600.jpeg?dr=15584&from=520841845&idc=my&ps=933b5bde&shcp=6c17ea28&shp=1f0b6a75&t=555f072d,1734524089724077458,greenmakes,美妆与个护,美容,17,Life Girls Single Powder Blush Highly Pigmented Waterproof Blush Makeup Cosmetic,2.9,是,₱128.00,https://affiliate.tiktok.com/api/v1/share/AJyggCqXkiCP,,,,,,,,,,
,https://p16-oec-sg.ibyteimg.com/tos-alisg-i-aphluv4xwc-sg/99e966471544444b9febb7f11aacce25~tplv-aphluv4xwc-resize-jpeg:600:600.jpeg?dr=15584&from=520841845&idc=my&ps=933b5bde&shcp=6c17ea28&shp=1f0b6a75&t=555f072d,1734525274171344274,greenmakes,美妆与个护,美容,14,Life Girls Face Pressed Powder Long Lasting Waterproof Oil Control MatteFlawless 10g,4.7,是,₱139.00,https://affiliate.tiktok.com/api/v1/share/AJyggDNqs3Re,,,,,,,,,,
,https://p16-oec-sg.ibyteimg.com/tos-alisg-i-aphluv4xwc-sg/cb96e350b5f344139631e9cfb3cd35dc~tplv-aphluv4xwc-resize-jpeg:600:600.jpeg?dr=15584&from=520841845&idc=my&ps=933b5bde&shcp=6c17ea28&shp=1f0b6a75&t=555f072d,1734525719065232786,greenmakes,美妆与个护,美容,7,Life Girls Mirror-like glossy lip jelly sweet and moisturizing water gloss lip glaze lipstick,0,是,₱128.00,https://affiliate.tiktok.com/api/v1/share/AJygbC6FmWTM,,,,,,,,,,
,https://p16-oec-sg.ibyteimg.com/tos-alisg-i-aphluv4xwc-sg/0b8b00d5bc07486b804e0d48ef02ea5b~tplv-aphluv4xwc-resize-jpeg:600:600.jpeg?dr=15584&from=520841845&idc=my&ps=933b5bde&shcp=6c17ea28&shp=1f0b6a75&t=555f072d,1730193999304034706,greenmakes,美妆与个护,美容,142477,【Buy 1 get 1】【FDA Approved】Owen James Lip Gloss Velvet Matte Long-Lasting Lipstick Makeup Lipgloss charged,4.7,是,₱138.00-₱158.00,https://affiliate.tiktok.com/api/v1/share/AJygfTX5XhXJ,,,,,,,,,,
,https://p16-oec-sg.ibyteimg.com/tos-alisg-i-aphluv4xwc-sg/aea611e9483b4d009b53392e0e07d363~tplv-aphluv4xwc-resize-jpeg:600:600.jpeg?dr=15584&from=520841845&idc=my&ps=933b5bde&shcp=6c17ea28&shp=1f0b6a75&t=555f072d,1730897460848200082,greenmakes,美妆与个护,美容,106642,[BUY ONE GET ONE]OWEN JAMES Mirror Long Lasting Hydrating Lip Gloss for Plump Lips Lip Gloss for Natural White Lips,4.7,是,₱137.98-₱138.00,https://affiliate.tiktok.com/api/v1/share/AJygZEwwQUoB,,,,,,,,,,
,https://p16-oec-sg.ibyteimg.com/tos-alisg-i-aphluv4xwc-sg/1d25678bd66d47cdb86c81c7d0c9adc7~tplv-aphluv4xwc-resize-jpeg:600:600.jpeg?dr=15584&from=520841845&idc=my&ps=933b5bde&shcp=6c17ea28&shp=1f0b6a75&t=555f072d,1731072175526086034,greenmakes,美妆与个护,美容,2741,[BUY ONE GET ONE ]New Owen James pink atain lip glaze Velvet Matte and Long-lasting Lip Gloss,4.7,是,₱138.00,https://affiliate.tiktok.com/api/v1/share/AJygfSYJjUkE,,,,,,,,,,
,https://p16-oec-sg.ibyteimg.com/tos-alisg-i-aphluv4xwc-sg/2bccbe8f1c7341d9b4625a299fc99a37~tplv-aphluv4xwc-resize-jpeg:600:600.jpeg?dr=15584&from=520841845&idc=my&ps=933b5bde&shcp=6c17ea28&shp=1f0b6a75&t=555f072d,1731376632240899474,greenmakes,美妆与个护,美容,72722,【Buy 1 TAKE 2】【FDA Approved】oj05 Owen James Lip Gloss Velvet Matte Long Lasting Lipstick Makeup Lipgloss charge,4.7,是,₱188.00,https://affiliate.tiktok.com/api/v1/share/AJygcuHLAjv6,,,,,,,,,,
,https://p16-oec-sg.ibyteimg.com/tos-alisg-i-aphluv4xwc-sg/60ba9191a3b447f9ac9890e7a952d911~tplv-aphluv4xwc-resize-jpeg:600:600.jpeg?dr=15584&from=520841845&idc=my&ps=933b5bde&shcp=6c17ea28&shp=1f0b6a75&t=555f072d,1731704059163280786,greenmakes,美妆与个护,美容,114401,[BUY 1 TAKE 1 ]Owen james H01 Small pink forged lip glaze matte velvet non-fading lip glaze,4.7,是,₱137.98-₱138.00,https://affiliate.tiktok.com/api/v1/share/AJygfTX6MtGV,,,,,,,,,,
,https://p16-oec-sg.ibyteimg.com/tos-alisg-i-aphluv4xwc-sg/c51c45aed5ad483b9f15ba576f771b42~tplv-aphluv4xwc-resize-jpeg:600:600.jpeg?dr=15584&from=520841845&idc=my&ps=933b5bde&shcp=6c17ea28&shp=1f0b6a75&t=555f072d,1732502770191533458,greenmakes,美妆与个护,美容,16391,【buy 1 take 2】OWEN JAMES mirror Lip Gloss Long-lasting Waterproof and Moisturizing Lip Glaze Lip Gloss Lip Care Makeup Beauty,4.8,是,₱187.98-₱188.00,https://affiliate.tiktok.com/api/v1/share/AJygZEwwhU5k,,,,,,,,,,
,https://p16-oec-sg.ibyteimg.com/tos-alisg-i-aphluv4xwc-sg/d5736e48159d403f84a4a64b12d6a804~tplv-aphluv4xwc-resize-jpeg:600:600.jpeg?dr=15584&from=520841845&idc=my&ps=933b5bde&shcp=6c17ea28&shp=1f0b6a75&t=555f072d,1730725369043257700,"Nature Market
主推",食品饮料,主食调料,168413,Dry Shirataki Dried Rice Konjac rice Easy to cook Vegan | Gluten Free Cupboard Rice| kinwa rice diet Instant Rice Cupboard Rice Cupboard Instant Rice & Porridge Grain Low Carb,4.8,是,"₱133.27-₱2,292.57",https://affiliate.tiktok.com/api/v1/share/AK3vYDNXspTw,,,,,,,,,,
,https://p16-oec-sg.ibyteimg.com/tos-alisg-i-aphluv4xwc-sg/23eaddc3122d4bc08301d3d0c9e9f95c~tplv-aphluv4xwc-resize-jpeg:600:600.jpeg?dr=15584&from=520841845&idc=my&ps=933b5bde&shcp=6c17ea28&shp=1f0b6a75&t=555f072d,1733661403147240804,"Nature Market
主推
控佣8%",,,36698,[Kidney Nourishing] Ready Stock MAX Handmade Men's Eight Treasures Ginseng Tea Mulberry Wolfberry Tea Bag Herbal Tea Energy Tea High Quality Herbal Tea Bags Separated Packages Kidney long-lasting Effectiveness No Side Effects,4.8,是,₱111.86-₱583.05,https://affiliate.tiktok.com/api/v1/share/AK3vYDNYA7mJ,,,,,,,,,,
,https://p16-oec-sg.ibyteimg.com/tos-alisg-i-aphluv4xwc-sg/10267080744d497c9bfa792569ccd8f3~tplv-aphluv4xwc-resize-jpeg:600:600.jpeg?dr=15584&from=520841845&idc=my&ps=933b5bde&shcp=6c17ea28&shp=1f0b6a75&t=555f072d,1736526105684903268,"Nature Market
主推",食品饮料,即食食品,7085,Chia Seeds Rolled Oats Oatmeal with Yogurt Fruits Nuts | High Protein Fiber Breakfast Cereal | Low Sugar Diet Snack 208g/80g flaxseed meal,4.6,是,₱77.99-₱329.94,https://affiliate.tiktok.com/api/v1/share/ALNhFYlAstcF,,,,,,,,,,
,https://p16-oec-sg.ibyteimg.com/tos-alisg-i-aphluv4xwc-sg/5c64e5001a954bfeb07a3318ada23064~tplv-aphluv4xwc-resize-jpeg:600:600.jpeg?dr=15584&from=520841845&idc=my&ps=933b5bde&shcp=6c17ea28&shp=1f0b6a75&t=555f072d,1734389325661898084,"Nature Market
控佣8%",食品饮料,饮料,19576,"[TikTok Shop Exclusive] Turmeric Ginger Tea Powder - Lemonade - Turmeric Tea cinnamon - Healthy, Organic | Antioxidant| Good for Hear t| Brain Health",4.7,是,₱89.71-₱199.49,https://affiliate.tiktok.com/api/v1/share/AKIUOnz2K744,,,,,,,,,,
,https://p16-oec-sg.ibyteimg.com/tos-alisg-i-aphluv4xwc-sg/12e87f21fc56410c935f2e17435b3547~tplv-aphluv4xwc-resize-jpeg:600:600.jpeg?dr=15584&from=520841845&idc=my&ps=933b5bde&shcp=6c17ea28&shp=1f0b6a75&t=555f072d,1734388338671125860,"Nature Market
控佣8%",食品饮料,零食,21908,"ROASTED PEANUTS (OIL-FREE, FLAVORED, WHOLE) 100g/250g - Daily Nuts / Trial Nuts / Healthy Snacks Garlic / Walnut / 5 Spices Flavored Peanuts Roasted Office Snacks Leisure Snacks Low Carb",4.7,是,₱57.62-₱396.61,https://affiliate.tiktok.com/api/v1/share/AK4N2SGyXtKI,,,,,,,,,,
,https://p16-oec-sg.ibyteimg.com/tos-alisg-i-aphluv4xwc-sg/8efa431a940d44b89eedd6fe2c73327f~tplv-aphluv4xwc-resize-jpeg:600:600.jpeg?dr=15584&from=520841845&idc=my&ps=933b5bde&shcp=6c17ea28&shp=1f0b6a75&t=555f072d,1732855988413105508,Nature Market,食品饮料,零食,117692,"ROASTED Pumpkin Seeds - Fresh Arrival Extra-Large Pumpkin Seed (ROASTED, unsalted, no added oil, low carb, high fiber, superfood snack) Bulk Pack for Snacking and Cooking 100g/500g/1kg",4.6,是,₱91.52-₱651.38,https://affiliate.tiktok.com/api/v1/share/AK3vYCXoDLjT,,,,,,,,,,
,https://p16-oec-sg.ibyteimg.com/tos-alisg-i-aphluv4xwc-sg/63ac5d56de634f49b8101760e64085c8~tplv-aphluv4xwc-resize-jpeg:600:600.jpeg?dr=15584&from=520841845&idc=my&ps=933b5bde&shcp=6c17ea28&shp=1f0b6a75&t=555f072d,1735725797125490020,Nature Market,食品饮料,主食调料,160,"Natural Whole Cloves Multi-Purpose Home Use, Cloves Whole Organic perfect dried cloves organic cloves Pure Natural Whole Cloves cloves water",4.7,是,"₱65.00-₱1,188.00",https://affiliate.tiktok.com/api/v1/share/AKhQFBtwtZCy,,,,,,,,,,
,https://p16-oec-sg.ibyteimg.com/tos-alisg-i-aphluv4xwc-sg/e2b635af67aa4052805d6694a8df189f~tplv-aphluv4xwc-resize-jpeg:600:600.jpeg?dr=15584&from=520841845&idc=my&ps=933b5bde&shcp=6c17ea28&shp=1f0b6a75&t=555f072d,1731052877218941284,Nature Market,食品饮料,主食调料,77888,KETO RICE | DRY SHIRATAKI RICE 1kg | KONJAC KETO l Low Carb BODYBYALS shirataki rice Instant Rice Low-Calorie Shirataki Konjac Rice Gluten Free Cupboard Rice Konjac Dry Rice Healthier Choice Cupboard Instant Rice & Porridge Keto Friendly Rice,4.8,是,"₱115.51-₱1,214.96",https://affiliate.tiktok.com/api/v1/share/AKDM82BStM8l,,,,,,,,,,
,https://p16-oec-sg.ibyteimg.com/tos-alisg-i-aphluv4xwc-sg/d5a3597594f34d908e31ccfd81e35b04~tplv-aphluv4xwc-resize-jpeg:600:600.jpeg?dr=15584&from=520841845&idc=my&ps=933b5bde&shcp=6c17ea28&shp=1f0b6a75&t=555f072d,1732832986247693668,Nature Market,食品饮料,零食,27660,[TikTok Shop Exclusive]Sushi Nori Roasted Seaweed Nori Wrappers Big Sheets Sushi Roll Unseasoned Seaweed Wholesale Organic Natural Low Fat Snack Free Bamboo Sushi Mat 10/30 sheets,4.6,是,₱79.99-₱389.51,https://affiliate.tiktok.com/api/v1/share/AKGPl3YXafkB,,,,,,,,,,
,https://p16-oec-sg.ibyteimg.com/tos-alisg-i-aphluv4xwc-sg/7508efaf2c3243c6adfb0be6aced998e~tplv-aphluv4xwc-resize-jpeg:600:600.jpeg?dr=15584&from=520841845&idc=my&ps=933b5bde&shcp=6c17ea28&shp=1f0b6a75&t=555f072d,1735154634151855460,Nature Market,,,276,[TikTok Shop Exclusive]100% Original Dried Hibiscus Herbal Tea Organic Natural Gumamela Flower Tea Premium Quality Fresh Clean Non GMO No Additives Sugar Free Antioxidant Rich Healthy Beverage Perfect For Daily Wellness Hot And Cold Tea 168g,4.7,是,₱78.00-₱188.00,https://affiliate.tiktok.com/api/v1/share/AKIURDvYYcb0,,,,,,,,,,
,https://p16-oec-sg.ibyteimg.com/tos-alisg-i-aphluv4xwc-sg/f3f81d6aa99948b88043197b1cb2ecf8~tplv-aphluv4xwc-resize-jpeg:600:600.jpeg?dr=15584&from=520841845&idc=my&ps=933b5bde&shcp=6c17ea28&shp=1f0b6a75&t=555f072d,1730363944768342372,Nature Market,食品饮料,饮料,8755,[Tiktok Shop Exclusive] 100% Pure Organic Matcha Green Tea Powder Unsweetened Healthy Drink Baking Coffee Additives Low Carb Mixed Beverage Vitamin matcha healthier choice,4.7,是,"₱125.45-₱1,388.56",https://affiliate.tiktok.com/api/v1/share/AKGPl3YX2bD3,,,,,,,,,,
,https://p16-oec-sg.ibyteimg.com/tos-alisg-i-aphluv4xwc-sg/0dc492d3673f40f2a15af9aea52c6376~tplv-aphluv4xwc-resize-jpeg:600:600.jpeg?dr=15584&from=520841845&idc=my&ps=933b5bde&shcp=6c17ea28&shp=1f0b6a75&t=555f072d,1732521799282427236,Nature Market,食品饮料,零食,25330,"[TikTok Shop Exclusive]【about 550pcs/520g】Sugar Free Candy Mint for Fresh Breath - 12 Flavors Mint Candy Assorted Mint Mini Candy Kiss Candies Christmas Candy Snack Comforting cool and refreshing sweets 160g/bag Sariwang hininga, walang mints, halik kendi",4.7,是,₱70.50-₱188.57,https://affiliate.tiktok.com/api/v1/share/AKGPl3YXJiOE,,,,,,,,,,
,https://p16-oec-sg.ibyteimg.com/tos-alisg-i-aphluv4xwc-sg/d8193d535e174601a1aecbbb43def633~tplv-aphluv4xwc-resize-jpeg:600:600.jpeg?dr=15584&from=520841845&idc=my&ps=933b5bde&shcp=6c17ea28&shp=1f0b6a75&t=555f072d,1732263534865253732,Nature Market,食品饮料,主食调料,8663,"[Tiktok Shop Exclusive] FDA Black Dry Shirataki Rice Premium Healthy Rice High Dietary Fiber, Low Calorie, Ready-to-Eat, Gluten Free, Vegan, Instant Rice & Porridge, Low Carb Brown Bear Konjac rice Easy to cook Cupboard Rice| kinwa rice diet Grain",4.8,是,"₱142.37-₱2,523.73",https://affiliate.tiktok.com/api/v1/share/AK3vYCQnByJr,,,,,,,,,,
,https://p16-oec-sg.ibyteimg.com/tos-alisg-i-aphluv4xwc-sg/b6305d54180945aa932738611381da23~tplv-aphluv4xwc-resize-jpeg:600:600.jpeg?dr=15584&from=520841845&idc=my&ps=933b5bde&shcp=6c17ea28&shp=1f0b6a75&t=555f072d,1734363020123014500,Nature Market,食品饮料,主食调料,460,[TikTok Shop Exclusive] Seasoning Set Combo 5pcs Mixed Spices and Herbs Seasoning Flavoring Set Fresh Sealed for Cooking Home Kitchen All Purpose Spice Set Cumin Chili Salt and Pepper White Pepper Onion Powder Rosemary Prickly Ash Sets Combined,4.4,是,₱49.15-₱184.74,https://affiliate.tiktok.com/api/v1/share/AK3vYCQnTBaE,,,,,,,,,,
,https://p16-oec-sg.ibyteimg.com/tos-alisg-i-aphluv4xwc-sg/90c3aeac1cd14c718f418b5bebf4554c~tplv-aphluv4xwc-resize-jpeg:600:600.jpeg?dr=15584&from=520841845&idc=my&ps=933b5bde&shcp=6c17ea28&shp=1f0b6a75&t=555f072d,1731250888996193665,"YOTO SHOES
主推",鞋靴,女鞋,289304,YOTO Summer Platform Birken Unisex Sandals Adjustable Double Strap Slides with Anti-Slip Sole Unisex Outdoor Casual Beach Shoes,4.8,是,₱199.00-₱239.00,https://affiliate.tiktok.com/api/v1/share/AK4nu6ud0yv7,,,,,,,,,,
,https://p16-oec-sg.ibyteimg.com/tos-alisg-i-aphluv4xwc-sg/a5c149928a914896ad74dbad3738bffa~tplv-aphluv4xwc-resize-jpeg:600:600.jpeg?dr=15584&from=520841845&idc=my&ps=933b5bde&shcp=6c17ea28&shp=1f0b6a75&t=555f072d,1736219904918979969,"YOTO SHOES
主推",鞋靴,女鞋,786,YOTO Velcro Balletcore Mary Jane Shoes for Women Summer Breathable Soft Sole Retro Flat Casual Athletic Flats,4.8,是,₱559.00,https://affiliate.tiktok.com/api/v1/share/AL3jocaxiRSp,,,,,,,,,,
,https://p16-oec-sg.ibyteimg.com/tos-alisg-i-aphluv4xwc-sg/26127b78d7864f34a73a08caec31da90~tplv-aphluv4xwc-resize-jpeg:600:600.jpeg?dr=15584&from=520841845&idc=my&ps=933b5bde&shcp=6c17ea28&shp=1f0b6a75&t=555f072d,1735542143259215233,"YOTO SHOES
主推",鞋靴,女鞋,11187,YOTO H-Strap Flat Leather Slide Sandals for Women Summer Soft Sole Beach Shoes Comfortable Outdoor Slide,4.9,是,₱379.00,https://affiliate.tiktok.com/api/v1/share/AL3j4QWzyj3N,,,,,,,,,,
,https://p16-oec-sg.ibyteimg.com/tos-alisg-i-aphluv4xwc-sg/26a3966826ce46ddb195750777f06945~tplv-aphluv4xwc-resize-jpeg:600:600.jpeg?dr=15584&from=520841845&idc=my&ps=933b5bde&shcp=6c17ea28&shp=1f0b6a75&t=555f072d,1731944947042715009,YOTO SHOES,鞋靴,女鞋,10366,YOTO Women's 2025 Birken X-strap Sandals Platform Crisscross Adjustable Straps for Casual Comfort,4.8,是,₱179.00-₱194.50,https://affiliate.tiktok.com/api/v1/share/AK4nb6Wtyxg1,,,,,,,,,,
,https://p16-oec-sg.ibyteimg.com/tos-alisg-i-aphluv4xwc-sg/ce84c4dd4bcf47d892f59948fe04e62f~tplv-aphluv4xwc-resize-jpeg:600:600.jpeg?dr=15584&from=520841845&idc=my&ps=933b5bde&shcp=6c17ea28&shp=1f0b6a75&t=555f072d,1734296764939535745,YOTO SHOES,鞋靴,女鞋,670,YOTO Women's Pink Croc-Embossed Flat Slide Sandals H-Buckle Strap Leather Fashionable Summer Beach Shoes,4.9,是,₱309.00,https://affiliate.tiktok.com/api/v1/share/AKIWOHVj8GUu,,,,,,,,,,
,https://p16-oec-sg.ibyteimg.com/tos-alisg-i-aphluv4xwc-sg/17247482662e48f2a74baa96bf4f977a~tplv-aphluv4xwc-resize-jpeg:600:600.jpeg?dr=15584&from=520841845&idc=my&ps=933b5bde&shcp=6c17ea28&shp=1f0b6a75&t=555f072d,1732913143064855937,YOTO SHOES,鞋靴,女鞋,21610,YOTO Women's Adjustable Doll Shoes Single-Buckle Mary Janes Retro Hollow-Out Leather & Cotton Breathable Flats,4.9,是,₱367.82-₱374.76,https://affiliate.tiktok.com/api/v1/share/AK4nb6bKPjzZ,,,,,,,,,,
,https://p16-oec-sg.ibyteimg.com/tos-alisg-i-aphluv4xwc-sg/da792a404b8d4d559df0216c685ddfaf~tplv-aphluv4xwc-resize-jpeg:600:600.jpeg?dr=15584&from=520841845&idc=my&ps=933b5bde&shcp=6c17ea28&shp=1f0b6a75&t=555f072d,1732312662070363521,YOTO SHOES,鞋靴,女鞋,120924,YOTO Women's Doll Shoes Single-Buckle Strap Slingbacks Retro Cutout Mary Janes Breathable Elegant,4.8,是,₱355.00-₱379.00,https://affiliate.tiktok.com/api/v1/share/AK4PG9jD8yYk,,,,,,,,,,
,https://p16-oec-sg.ibyteimg.com/tos-alisg-i-aphluv4xwc-sg/4eb671377a1541a39c0e3e3f94629a7e~tplv-aphluv4xwc-resize-jpeg:600:600.jpeg?dr=15584&from=520841845&idc=my&ps=933b5bde&shcp=6c17ea28&shp=1f0b6a75&t=555f072d,1730680904674281857,YOTO SHOES,鞋靴,女鞋,448135,YOTO Ladies Slim Flat Flip flops Elegant Slides H Strap Leather Summer Beach Sandals Women Slippers,4.8,是,₱285.00-₱319.00,https://affiliate.tiktok.com/api/v1/share/AK4nu6fhhJBX,,,,,,,,,,
,https://p16-oec-sg.ibyteimg.com/tos-alisg-i-aphluv4xwc-sg/ef78eb451c644c02bf00cacd3537770d~tplv-aphluv4xwc-resize-jpeg:600:600.jpeg?dr=15584&from=520841845&idc=my&ps=933b5bde&shcp=6c17ea28&shp=1f0b6a75&t=555f072d,1732382720456361345,YOTO SHOES,鞋靴,男鞋,4808,YOTO 2025 New Gold Label Unisex Sneakers Fashion Non-Slip Lightweight Casual Sports Shoes,4.8,是,₱348.50-₱398.50,https://affiliate.tiktok.com/api/v1/share/AKIWESUXEse5,,,,,,,,,,
,https://p16-oec-sg.ibyteimg.com/tos-alisg-i-aphluv4xwc-sg/b942e42a94e04f0fb87bc6f8603acdd5~tplv-aphluv4xwc-resize-jpeg:600:600.jpeg?dr=15584&from=520841845&idc=my&ps=933b5bde&shcp=6c17ea28&shp=1f0b6a75&t=555f072d,1733091573201864065,YOTO SHOES,鞋靴,女鞋,20225,【Size 35-42】YOTO Women's Suede Dual-Strap Doll Flats Mary Jane D'Orsay Pumps with Soft Sole for Commute,4.8,是,₱350.69-₱376.41,https://affiliate.tiktok.com/api/v1/share/AL3iusZT8Jui,,,,,,,,,,
,https://p16-oec-sg.ibyteimg.com/tos-alisg-i-aphluv4xwc-sg/8ebfc2d5b0634c7c8ba619b9eaad8673~tplv-aphluv4xwc-resize-jpeg:600:600.jpeg?dr=15584&from=520841845&idc=my&ps=933b5bde&shcp=6c17ea28&shp=1f0b6a75&t=555f072d,1735144876438881665,YOTO SHOES,鞋靴,女鞋,1848,YOTO Women's Summer New Arrival Metal Buckle with Hot Gold Lettering Cross-Strap Flat Slippers Fashion Comfortable Commuting,4.8,是,₱369.00,https://affiliate.tiktok.com/api/v1/share/AL3j2GkbSTKz,,,,,,,,,,
,https://p16-oec-sg.ibyteimg.com/tos-alisg-i-aphluv4xwc-sg/c2086ba992ac4c69919c9cba04b4117c~tplv-aphluv4xwc-resize-jpeg:600:600.jpeg?dr=15584&from=520841845&idc=my&ps=933b5bde&shcp=6c17ea28&shp=1f0b6a75&t=555f072d,1733642208018728321,YOTO SHOES,鞋靴,女鞋,4613,YOTO Women's Chunky Leather Retro Sneakers Korean-Style Soft Sole for Casual Commuting,4.8,是,₱459.00,https://affiliate.tiktok.com/api/v1/share/AL3j537WCAV0,,,,,,,,,,
,https://p16-oec-sg.ibyteimg.com/tos-alisg-i-aphluv4xwc-sg/10803e8c927843ccb72324997a4ea56d~tplv-aphluv4xwc-resize-jpeg:600:600.jpeg?dr=15584&from=520841845&idc=my&ps=933b5bde&shcp=6c17ea28&shp=1f0b6a75&t=555f072d,1736338853636310401,YOTO SHOES,鞋靴,女鞋,1115,YOTO Korean Style Double-Buckle Velcro 5.5cm Platform Slide Sandals Wedge Elevator Sneakers for Petite Women Casual Slippers for Outdoor Wear,4.8,是,₱309.00,https://affiliate.tiktok.com/api/v1/share/AL3j2Gkc0YIQ,,,,,,,,,,
,https://p16-oec-sg.ibyteimg.com/tos-alisg-i-aphluv4xwc-sg/43434e740fc24a6294956cd4495bb1f5~tplv-aphluv4xwc-resize-jpeg:600:600.jpeg?dr=15584&from=520841845&idc=my&ps=933b5bde&shcp=6c17ea28&shp=1f0b6a75&t=555f072d,1734495752766064001,YOTO SHOES,鞋靴,女鞋,7380,YOTO Women's Retro Mary Jane Dolly Flats Round-Toe Single-Strap Design for Summer,4.8,是,₱379.00-₱409.00,https://affiliate.tiktok.com/api/v1/share/AKIWHaMSClFU,,,,,,,,,,
,https://p16-oec-sg.ibyteimg.com/tos-alisg-i-aphluv4xwc-sg/9abd916d09af42adacde05d498e19ecb~tplv-aphluv4xwc-resize-jpeg:600:600.jpeg?dr=15584&from=520841845&idc=my&ps=933b5bde&shcp=6c17ea28&shp=1f0b6a75&t=555f072d,1733807143953728897,YOTO SHOES,鞋靴,女鞋,7893,YOTO Women's Vintage Platform Sandals Perforated Suede & Metallic Buckle Design for Commuting,4.8,是,₱239.00,https://affiliate.tiktok.com/api/v1/share/AK4nfxsMnWc8,,,,,,,,,,
,https://p16-oec-sg.ibyteimg.com/tos-alisg-i-aphluv4xwc-sg/9013eec3f57f4376a76d12650bb691fd~tplv-aphluv4xwc-resize-jpeg:600:600.jpeg?dr=15584&from=520841845&idc=my&ps=933b5bde&shcp=6c17ea28&shp=1f0b6a75&t=555f072d,1733009825391674753,YOTO SHOES,鞋靴,女鞋,9050,YOTO Women's Leather Casual Sneakers Comfortable Slip-Resistant with White-Pink Rubber Sole for Commute Walking,4.8,是,₱398.50-₱419.00,https://affiliate.tiktok.com/api/v1/share/AKIWPSmDKfcP,,,,,,,,,,
,https://p16-oec-sg.ibyteimg.com/tos-alisg-i-aphluv4xwc-sg/99472c69f8ad49828018149dcd81b0e1~tplv-aphluv4xwc-resize-jpeg:600:600.jpeg?dr=15584&from=520841845&idc=my&ps=933b5bde&shcp=6c17ea28&shp=1f0b6a75&t=555f072d,1733291884352472449,YOTO SHOES,鞋靴,女鞋,9139,YOTO Women's 4CM Platform Single-Strap Slides - Beach Resort Sandals with Lightweight Sole,4.8,是,₱188.50-₱268.50,https://affiliate.tiktok.com/api/v1/share/AK4nb6bJro1I,,,,,,,,,,
,https://p16-oec-sg.ibyteimg.com/tos-alisg-i-aphluv4xwc-sg/52e69946957c4d2db5fb596bf37f37af~tplv-aphluv4xwc-resize-jpeg:600:600.jpeg?dr=15584&from=520841845&idc=my&ps=933b5bde&shcp=6c17ea28&shp=1f0b6a75&t=555f072d,1734371288844699009,YOTO SHOES,鞋靴,女鞋,8860,YOTO Women's French Chain Mary Janes Adjustable Soft-Soled Loafers with Slip-On Design,4.7,是,₱358.99-₱378.99,https://affiliate.tiktok.com/api/v1/share/AK4WRoj0AS1x,,,,,,,,,,
,https://p16-oec-sg.ibyteimg.com/tos-alisg-i-aphluv4xwc-sg/e2f0bc7b7a8e4c6699aa622dabf00c22~tplv-aphluv4xwc-resize-jpeg:600:600.jpeg?dr=15584&from=520841845&idc=my&ps=933b5bde&shcp=6c17ea28&shp=1f0b6a75&t=555f072d,1731405417286829441,YOTO SHOES,鞋靴,女鞋,9268,YOTO 2025 Women's Breathable Sneakers - Soft Lace-Up Low Top Shoes for School Summer,4.7,是,₱328.50,https://affiliate.tiktok.com/api/v1/share/AK4nb6WuGBwN,,,,,,,,,,
,https://p16-oec-sg.ibyteimg.com/tos-alisg-i-aphluv4xwc-sg/7767946f65604aada3d311879876df95~tplv-aphluv4xwc-resize-jpeg:600:600.jpeg?dr=15584&from=520841845&idc=my&ps=933b5bde&shcp=6c17ea28&shp=1f0b6a75&t=555f072d,1731071035076086145,YOTO SHOES,鞋靴,女鞋,17744,YOTO Women's Shoes Lace Up Sneakers Vintage Sporty Shoes with Modern twist on Retro Sporty Fashion Shoes,4.7,是,₱354.50,https://affiliate.tiktok.com/api/v1/share/AK4nWvuFFA2B,,,,,,,,,,
,https://p16-oec-sg.ibyteimg.com/tos-alisg-i-aphluv4xwc-sg/b4fcbc3150094dbb9a5784076caa7f08~tplv-aphluv4xwc-resize-jpeg:600:600.jpeg?dr=15584&from=520841845&idc=my&ps=933b5bde&shcp=6c17ea28&shp=1f0b6a75&t=555f072d,1731138350277429633,YOTO SHOES,鞋靴,女鞋,19235,YOTO Soft-soled streading flat heel double buckle slippers women's outerwear beach sandals 2024 summer,4.8,是,₱147.50,https://affiliate.tiktok.com/api/v1/share/AK4nb6WtQy4C,,,,,,,,,,
,https://p16-oec-sg.ibyteimg.com/tos-alisg-i-aphluv4xwc-sg/a55e42795040494e8e16c5d633c98924~tplv-aphluv4xwc-resize-jpeg:600:600.jpeg?dr=15584&from=520841845&idc=my&ps=933b5bde&shcp=6c17ea28&shp=1f0b6a75&t=555f072d,1730642626212891009,YOTO SHOES,鞋靴,女鞋,54740,YOTO Women's Leather 2-Strap Sandals women's summer wear new Korean version seaside beach square buckle soft flat slippers,4.8,是,₱278.00,https://affiliate.tiktok.com/api/v1/share/AK4nm7t1JYrT,,,,,,,,,,
,https://p16-oec-sg.ibyteimg.com/tos-alisg-i-aphluv4xwc-sg/b84e7894490e4d4093ffb798b71ae137~tplv-aphluv4xwc-resize-jpeg:600:600.jpeg?dr=15584&from=520841845&idc=my&ps=933b5bde&shcp=6c17ea28&shp=1f0b6a75&t=555f072d,1731938190732854657,YOTO SHOES,鞋靴,女鞋,16743,YOTO Women's New Birken Sandals H-Strap Leather Slides with Soft Thick Sole for Indoor/Outdoor Wear,4.8,是,₱216.83-₱218.50,https://affiliate.tiktok.com/api/v1/share/AK4nm87XKTjI,,,,,,,,,,
,https://p16-oec-sg.ibyteimg.com/tos-alisg-i-aphluv4xwc-sg/a583bba41536401986933a7977056c36~tplv-aphluv4xwc-resize-jpeg:600:600.jpeg?dr=15584&from=520841845&idc=my&ps=933b5bde&shcp=6c17ea28&shp=1f0b6a75&t=555f072d,1732382528763692417,YOTO SHOES,鞋靴,女鞋,7795,YOTO 2025 New Pink Loafers Women's Adjustable Bow Accent Slip-Ons with Cushioned Sole,4.8,是,₱335.00,https://affiliate.tiktok.com/api/v1/share/AK4nm8YjWMxy,,,,,,,,,,
,https://p16-oec-sg.ibyteimg.com/tos-alisg-i-aphluv4xwc-sg/ee00119d8c794e9683c8c47ef5c10187~tplv-aphluv4xwc-resize-jpeg:600:600.jpeg?dr=15584&from=520841845&idc=my&ps=933b5bde&shcp=6c17ea28&shp=1f0b6a75&t=555f072d,1729757746834475393,YOTO SHOES,鞋靴,女鞋,92536,YOTO Chunky shoes Women's Shoes New Autumn Versatile White Shoes Popular Mesh Face Spring and Autumn Leisure Sports Mesh Shoes Single Shoe Casual Athletic Sports Shoes Trainers Runner Training Sneakers Walking Shoes,4.8,是,₱299.00-₱428.99,https://affiliate.tiktok.com/api/v1/share/AK4nm87XbY6x,,,,,,,,,,
,https://p16-oec-sg.ibyteimg.com/tos-alisg-i-aphluv4xwc-sg/39857d476fd44de3af1465628a82154d~tplv-aphluv4xwc-resize-jpeg:600:600.jpeg?dr=15584&from=520841845&idc=my&ps=933b5bde&shcp=6c17ea28&shp=1f0b6a75&t=555f072d,1730484001876380033,YOTO SHOES,鞋靴,女鞋,51831,YOTO Fashion Sports shoes-Rubber shoes thick sole small white shoes Sneakers Sports shoes for women Girl Footwear Casual Walking Shoes Closed,4.7,是,₱348.50-₱368.50,https://affiliate.tiktok.com/api/v1/share/AK4nb6bIlYVv,,,,,,,,,,
,https://p16-oec-sg.ibyteimg.com/tos-alisg-i-aphluv4xwc-sg/eece2cfc55124ee3bffe06ff7d004712~tplv-aphluv4xwc-resize-jpeg:600:600.jpeg?dr=15584&from=520841845&idc=my&ps=933b5bde&shcp=6c17ea28&shp=1f0b6a75&t=555f072d,1732181254895797633,YOTO SHOES,鞋靴,女鞋,1022,YOTO Women's Croc-Embossed H-Strap Slide Sandals 4.5CM Chunky Mid-Heel Dressy Slippers for Summer 2025,4.8,是,₱279.00-₱338.50,https://affiliate.tiktok.com/api/v1/share/AK4nWvuFWS8m,,,,,,,,,,
,https://p16-oec-sg.ibyteimg.com/tos-alisg-i-aphluv4xwc-sg/473a9562b37a4deeae7f1aae5ac7d5c9~tplv-aphluv4xwc-resize-jpeg:600:600.jpeg?dr=15584&from=520841845&idc=my&ps=933b5bde&shcp=6c17ea28&shp=1f0b6a75&t=555f072d,1733398665696019841,YOTO SHOES,鞋靴,女鞋,4550,YOTO Women's Vintage Dual Strap Sandals Adjustable Hook & Loop Design with Cushioned Footbed for Beach & Casual Wear,4.9,是,₱197.02-₱246.53,https://affiliate.tiktok.com/api/v1/share/AK4nb6Wti3GV,,,,,,,,,,
,https://p16-oec-sg.ibyteimg.com/tos-alisg-i-aphluv4xwc-sg/5ae9832631134be79ee135e9aea35a0e~tplv-aphluv4xwc-resize-jpeg:600:600.jpeg?dr=15584&from=520841845&idc=my&ps=933b5bde&shcp=6c17ea28&shp=1f0b6a75&t=555f072d,1731881624725652865,YOTO SHOES,鞋靴,女鞋,5645,YOTO New Croc-Embossed Leather Slides - Women's Fashion Flat Sandals with Metallic Buckle Detail,4.9,是,₱308.50,https://affiliate.tiktok.com/api/v1/share/AK4nb6bJaovu,,,,,,,,,,
,https://p16-oec-sg.ibyteimg.com/tos-alisg-i-aphluv4xwc-sg/fdf0cef2c0b549fbbbcc11629ebaaeaa~tplv-aphluv4xwc-resize-jpeg:600:600.jpeg?dr=15584&from=520841845&idc=my&ps=933b5bde&shcp=6c17ea28&shp=1f0b6a75&t=555f072d,1731469622972548481,YOTO SHOES,鞋靴,女鞋,5622,YOTO Women's Slim Leather Slides Minimalist H-Strap Flip Flops for Beach & Vacation,4.8,是,₱319.00,https://affiliate.tiktok.com/api/v1/share/AK4nWvuG4U5C,,,,,,,,,,
,https://p16-oec-sg.ibyteimg.com/tos-alisg-i-aphluv4xwc-sg/e4e3fd42618e455eac2f9b93b741d16f~tplv-aphluv4xwc-resize-jpeg:600:600.jpeg?dr=15584&from=520841845&idc=my&ps=933b5bde&shcp=6c17ea28&shp=1f0b6a75&t=555f072d,1732630190156121473,YOTO SHOES,鞋靴,女鞋,10402,YOTO Fashion Square-Toe 4CM Platform Sandals Dual-Strap with Velcro for Easy Wear Comfortable Slides,4.8,是,₱164.50-₱258.50,https://affiliate.tiktok.com/api/v1/share/AK4WOXJXQaFi,,,,,,,,,,
,https://p16-oec-sg.ibyteimg.com/tos-alisg-i-aphluv4xwc-sg/5d363baf377d42c6aaa248d37c983ea2~tplv-aphluv4xwc-resize-jpeg:600:600.jpeg?dr=15584&from=520841845&idc=my&ps=933b5bde&shcp=6c17ea28&shp=1f0b6a75&t=555f072d,1732526619811415425,YOTO SHOES,鞋靴,女鞋,20974,YOTO New Perforated Birken Slides Women's Closed-Toe 5CM Wedge Mules Round-Toe Breathable All-Match Leisure Shoes,4.9,是,₱338.50-₱378.50,https://affiliate.tiktok.com/api/v1/share/AK4nWvuGcXWF,,,,,,,,,,
,https://p16-oec-sg.ibyteimg.com/tos-alisg-i-aphluv4xwc-sg/f1480f9a14474f9d86c8b64a48f3a4f4~tplv-aphluv4xwc-resize-jpeg:600:600.jpeg?dr=15584&from=520841845&idc=my&ps=933b5bde&shcp=6c17ea28&shp=1f0b6a75&t=555f072d,1730910947412510081,YOTO SHOES,鞋靴,女鞋,21284,YOTO Unisex summer 2025 new outerwear thick sole square buckle adjustable belt face one-word slippers casual beach cool slippers ins fashion,4.8,是,₱198.50-₱208.50,https://affiliate.tiktok.com/api/v1/share/AK4nb6bK8lhH,,,,,,,,,,
,https://p16-oec-sg.ibyteimg.com/tos-alisg-i-aphluv4xwc-sg/934c9ca1c06146bd92d8d86f2e081f60~tplv-aphluv4xwc-resize-jpeg:600:600.jpeg?dr=15584&from=520841845&idc=my&ps=933b5bde&shcp=6c17ea28&shp=1f0b6a75&t=555f072d,1732565580725781889,YOTO SHOES,鞋靴,女鞋,5826,YOTO French Crisscross Strap Sandals Women's Pink PU Leather Slip-On Flat Outdoor Slides,4.9,是,₱308.50,https://affiliate.tiktok.com/api/v1/share/AK4nb6WuXEea,,,,,,,,,,
,https://p16-oec-sg.ibyteimg.com/tos-alisg-i-aphluv4xwc-sg/e233577c8f8946f08f2b43fede6df67a~tplv-aphluv4xwc-resize-jpeg:600:600.jpeg?dr=15584&from=520841845&idc=my&ps=933b5bde&shcp=6c17ea28&shp=1f0b6a75&t=555f072d,1736049259738203890,"KathwiShop PH
主推
控佣10%",汽车与摩托车,室内配饰,29979,"KATHWI Mountain Forest Car Fragrance, new scent, free wilderness, No. 5, White Tea, Qud Wood Balm, long-lasting and pleasant fragrance, the latest luxury car fragrance 120ml",4.6,是,₱349.00-₱799.00,https://affiliate.tiktok.com/api/v1/share/AL88Ir4jPPAi,,,,,,,,,,
,https://p16-oec-sg.ibyteimg.com/tos-alisg-i-aphluv4xwc-sg/55c81fb2e0eb4c05a7330e2dbb79242f~tplv-aphluv4xwc-resize-jpeg:600:600.jpeg?dr=15584&from=520841845&idc=my&ps=933b5bde&shcp=6c17ea28&shp=1f0b6a75&t=555f072d,1734454481034512114,"KathwiShop PH
主推
控佣10%",汽车与摩托车,室内配饰,135959,"KATHWI Mountain Forest Car Fragrance, No. 5, White Tea, Qud Wood Balm, long-lasting and pleasant fragrance, the latest luxury car fragrance 120ml",4.5,是,₱329.24-₱659.42,https://affiliate.tiktok.com/api/v1/share/AL88Ir4j8BoS,,,,,,,,,,
,https://p16-oec-sg.ibyteimg.com/tos-alisg-i-aphluv4xwc-sg/54e96fcae0f64a8b8b0a549eb07b094e~tplv-aphluv4xwc-resize-jpeg:600:600.jpeg?dr=15584&from=520841845&idc=my&ps=933b5bde&shcp=6c17ea28&shp=1f0b6a75&t=555f072d,1735067538029053682,"KathwiShop PH
主推
控佣10%",汽车与摩托车,室内配饰,24309,"KATHWI Gloudy Mountain Car Fragrance, No.5, Longjing Tea, Blue Horizon Balm, long-lasting and pleasant fragrance, the latest luxury car fragrance 150g",4.4,是,₱313.32-₱627.61,https://affiliate.tiktok.com/api/v1/share/AL88ElbApDk0,,,,,,,,,,
,https://p16-oec-sg.ibyteimg.com/tos-alisg-i-aphluv4xwc-sg/02a1281470a54d9ba7fb732fcc24deb6~tplv-aphluv4xwc-resize-jpeg:600:600.jpeg?dr=15584&from=520841845&idc=my&ps=933b5bde&shcp=6c17ea28&shp=1f0b6a75&t=555f072d,1734453298430117618,"KathwiShop PH
主推
控佣10%",汽车与摩托车,室内配饰,10400,"KATHWI K-nature Car Fragrance, Rose Forest, Yu Long Tea, Eternal Water Balm, long-lasting and pleasant fragrance, the latest luxury car fragrance 180g",4.2,是,₱299.00-₱599.00,https://affiliate.tiktok.com/api/v1/share/AL88ElbAYHlW,,,,,,,,,,
,https://p16-oec-sg.ibyteimg.com/tos-alisg-i-aphluv4xwc-sg/ed32c114b4a144bf87c9e13e95e8e05c~tplv-aphluv4xwc-resize-jpeg:600:600.jpeg?dr=15584&from=520841845&idc=my&ps=933b5bde&shcp=6c17ea28&shp=1f0b6a75&t=555f072d,1735379920063596274,Kathwi Shop PH,汽车与摩托车,室内配饰,526,"KATHWI Forest & Flower car air freshener bricks, car air fresheners, dual-use for cars and homes, eliminate odors, high-end fragrance, long-lasting scent 130g.",4.3,是,₱178.99-₱358.99,https://affiliate.tiktok.com/api/v1/share/ALE06r8fNVa6,,,,,,,,,,
,https://p16-oec-sg.ibyteimg.com/tos-alisg-i-aphluv4xwc-sg/46471a05ed184f969e8841e2ef07ed35~tplv-aphluv4xwc-resize-jpeg:600:600.jpeg?dr=15584&from=520841845&idc=my&ps=933b5bde&shcp=6c17ea28&shp=1f0b6a75&t=555f072d,1734106594266875634,Kathwi Shop PH,汽车与摩托车,洗车保养,1354,"Automotive lubrication, rust prevention, KATHWI brand, multi-purpose, suitable for car and motorcycle lubrication, window lubrication, motorcycle hinges and gears, automotive parts maintenance, rust prevention, 500ml",4.5,是,₱349.00-₱699.00,https://affiliate.tiktok.com/api/v1/share/ALTJbSRw0hHB,,,,,,,,,,
,https://p16-oec-sg.ibyteimg.com/tos-alisg-i-aphluv4xwc-sg/8e1cb09033374efdb2debce87996338b~tplv-aphluv4xwc-resize-jpeg:600:600.jpeg?dr=15584&from=520841845&idc=my&ps=933b5bde&shcp=6c17ea28&shp=1f0b6a75&t=555f072d,1736142386084284105,"EyeGlow PH
主推",美妆与个护,美容,47378,"YZS three-color eyeshadow palette, gradient-tone shimmer, one-stroke three-color eyeshadow pen, suitable for beginners to create an everyday refined makeup look, 10 color options",4.7,是,₱99.00,https://affiliate.tiktok.com/api/v1/share/AKte28OybNZX,,,,,,,,,,
,https://p16-oec-sg.ibyteimg.com/tos-alisg-i-aphluv4xwc-sg/4814896968a344b8b361cd087ca8f3c7~tplv-aphluv4xwc-resize-jpeg:600:600.jpeg?dr=15584&from=520841845&idc=my&ps=933b5bde&shcp=6c17ea28&shp=1f0b6a75&t=555f072d,1735044480914917065,"EyeGlow PH
主推",美妆与个护,美容,99779,"YZS Three-color eyeshadow palette, radiant beauty, glitter with gradient tones, one-swipe three-color eyeshadow pen, suitable for beginners, matte and shimmer Makeup Cosmetic",4.7,是,₱99.00-₱169.00,https://affiliate.tiktok.com/api/v1/share/AKX2qqiBQJiR,,,,,,,,,,
,https://p16-oec-sg.ibyteimg.com/tos-alisg-i-aphluv4xwc-sg/cd4a6b7845d042c3816454399a00a262~tplv-aphluv4xwc-resize-jpeg:600:600.jpeg?dr=15584&from=520841845&idc=my&ps=933b5bde&shcp=6c17ea28&shp=1f0b6a75&t=555f072d,1735044499185764041,"EyeGlow PH
主推",居家日用,节日派对用品,3701,[BUY 1 TAKE 1]Polypeptide Eye Essence Stick Moisturizing Eye Care Design Compact Portable Affordable,4.5,是,₱98.00-₱167.00,https://affiliate.tiktok.com/api/v1/share/ALAYtTUA09JT,,,,,,,,,,
,https://p16-oec-sg.ibyteimg.com/tos-alisg-i-aphluv4xwc-sg/9ff27aabb57c41958c760bec725b9be6~tplv-aphluv4xwc-resize-jpeg:600:600.jpeg?dr=15584&from=520841845&idc=my&ps=933b5bde&shcp=6c17ea28&shp=1f0b6a75&t=555f072d,1735503133444965590,KORMESIC Glow Store,美妆与个护,手足指甲护理,3399,"KORMESIC Hand cream, whitening and moisturizing",3,是,₱59.00,https://affiliate.tiktok.com/api/v1/share/AL2BIcXi6kuS,,,,,,,,,,
,https://p16-oec-sg.ibyteimg.com/tos-alisg-i-aphluv4xwc-sg/f1762be37afd458fa7f9820207d930dd~tplv-aphluv4xwc-resize-jpeg:600:600.jpeg?dr=15584&from=520841845&idc=my&ps=933b5bde&shcp=6c17ea28&shp=1f0b6a75&t=555f072d,1735502141914318038,KORMESIC Glow Store,美妆与个护,沐浴身体护理,3994,KORMESIC Rose Coconut Hydrating Body Oil – Glow Skin Nourishing Lightweight Shower Moisturizer 260ml Deep Moisturizing Brightening Skin Tone Fragrance Oil,4.6,是,₱139.00-₱219.00,https://affiliate.tiktok.com/api/v1/share/AKXScIR4BdH5,,,,,,,,,,
,https://p16-oec-sg.ibyteimg.com/tos-alisg-i-aphluv4xwc-sg/6e6f7601bf2d46bd84fdb6302a92983f~tplv-aphluv4xwc-resize-jpeg:600:600.jpeg?dr=15584&from=520841845&idc=my&ps=933b5bde&shcp=6c17ea28&shp=1f0b6a75&t=555f072d,1735694911319541449,EyeGlow PH,美妆与个护,美容,1052,"YZS Glossy Eye Brightening Highlighter Eyeshadow Pen with Pearl Shimmer for Contouring and Brightening, Dual-Ended Long-Lasting Eyeshadow Stick",4.6,是,₱89.00,https://affiliate.tiktok.com/api/v1/share/AKte28CphLN7,,,,,,,,,,
,https://p16-oec-sg.ibyteimg.com/tos-alisg-i-aphluv4xwc-sg/3d72a9264e604e83831f29b759ce0897~tplv-aphluv4xwc-resize-jpeg:600:600.jpeg?dr=15584&from=520841845&idc=my&ps=933b5bde&shcp=6c17ea28&shp=1f0b6a75&t=555f072d,1735497279915918550,KORMESIC Glow Store,美妆与个护,护发造型,1233,KORMESIC Anti-Dandruff Shampoo with Ketoconazole & Tea Tree Oil Control Scalp Care 265g Conditioner Haircare,4.6,是,₱149.00-₱399.00,https://affiliate.tiktok.com/api/v1/share/AKXSYHYPNGV5,,,,,,,,,,
,https://p16-oec-sg.ibyteimg.com/tos-alisg-i-aphluv4xwc-sg/0b3f07928206421d8ec9afa43d296139~tplv-aphluv4xwc-resize-jpeg:600:600.jpeg?dr=15584&from=520841845&idc=my&ps=933b5bde&shcp=6c17ea28&shp=1f0b6a75&t=555f072d,1734488053924595014,GLAMR EDIT,美妆与个护,口腔鼻腔护理,872,Tongue Scraper Tongue Coating Cleaner Tongue Scraper Deodorant Tongue Coating Thick White Oral Care Independent Packaging,4.6,是,₱50.00-₱89.99,https://affiliate.tiktok.com/api/v1/share/AK7kIblNcaJK,,,,,,,,,,
,https://p16-oec-sg.ibyteimg.com/tos-alisg-i-aphluv4xwc-sg/e2e62d0cf21f46aea8e53ccfdb7000fa~tplv-aphluv4xwc-resize-jpeg:600:600.jpeg?dr=15584&from=520841845&idc=my&ps=933b5bde&shcp=6c17ea28&shp=1f0b6a75&t=555f072d,1734454572174902598,GLAMR EDIT,美妆与个护,沐浴身体护理,4255,GLAMR Head Massage Comb Meridian Comb Pink Four-in-One Facial Tendon Scrapping Massage Artifact for Relaxation,4.8,是,₱98.90-₱178.60,https://affiliate.tiktok.com/api/v1/share/AK7kBPp0BDfJ,,,,,,,,,,
,https://p16-oec-sg.ibyteimg.com/tos-alisg-i-aphluv4xwc-sg/64c48daefcbc48e2ae0a277b6f23909a~tplv-aphluv4xwc-resize-jpeg:600:600.jpeg?dr=15584&from=520841845&idc=my&ps=933b5bde&shcp=6c17ea28&shp=1f0b6a75&t=555f072d,1734079621997167942,GLAMR EDIT,美妆与个护,护肤,2392,GLAMR Facial Contouring Brush Ergonomic Design for Blood Circulation Puffiness Reduction & Tension Relief Daily Skincare Tool - Bristle,4.7,是,₱138.90-₱268.90,https://affiliate.tiktok.com/api/v1/share/AK7kIblS1DSZ,,,,,,,,,,
,https://p16-oec-sg.ibyteimg.com/tos-alisg-i-aphluv4xwc-sg/a17eae1e0ddb45fb82d667ca6389316d~tplv-aphluv4xwc-resize-jpeg:600:600.jpeg?dr=15584&from=520841845&idc=my&ps=933b5bde&shcp=6c17ea28&shp=1f0b6a75&t=555f072d,1733529787414578502,GLAMR EDIT,美妆与个护,护肤,3935,Retinol Dragon's Blood Cream Whitening Moisturizing Anti-Aging Spot Acne Freckle Remover Cream 50g for Radiant Skin,4.6,是,₱85.00-₱228.00,https://affiliate.tiktok.com/api/v1/share/AK7kBPp0SCHK,,,,,,,,,,
,https://p16-oec-sg.ibyteimg.com/tos-alisg-i-aphluv4xwc-sg/f5ad44fad332471da66d348a0631b016~tplv-aphluv4xwc-resize-jpeg:600:600.jpeg?dr=15584&from=520841845&idc=my&ps=933b5bde&shcp=6c17ea28&shp=1f0b6a75&t=555f072d,1733521540179133766,GLAMR EDIT,美妆与个护,护肤,25385,GLAMR Silicone Facial Mask 2-in-1 Exfoliating Scrub Tool for Blackheads & Deep Cleansing with Soft Purple Handle for Comfortable Grip,4.8,是,₱48.90-₱169.00,https://affiliate.tiktok.com/api/v1/share/AK7kIblSqP44,,,,,,,,,,
,https://p16-oec-sg.ibyteimg.com/tos-alisg-i-aphluv4xwc-sg/647926b55809457ab6b99d6cfaf320e3~tplv-aphluv4xwc-resize-jpeg:600:600.jpeg?dr=15584&from=520841845&idc=my&ps=933b5bde&shcp=6c17ea28&shp=1f0b6a75&t=555f072d,1735547562972447958,KORMESIC Glow Store,美妆与个护,沐浴身体护理,52,KORMESIC Silky Rose Hair Removal Cream Gentle No Irritation For Sensitive Skin,4.7,是,₱99.00-₱169.00,https://affiliate.tiktok.com/api/v1/share/AKXSYFhB3WfO,,,,,,,,,,
,https://p16-oec-sg.ibyteimg.com/tos-alisg-i-aphluv4xwc-sg/adffa80f664640bab186e2635b29f410~tplv-aphluv4xwc-resize-jpeg:600:600.jpeg?dr=15584&from=520841845&idc=my&ps=933b5bde&shcp=6c17ea28&shp=1f0b6a75&t=555f072d,1737445721753224905,EyeGlow PH,美妆与个护,美容,11,"YZS New Three-Color Gradient Eyeshadow Pan, Shiny Beauty, with Gradient Tones, Beginner-Friendly One-Piece Three-Color Eyeshadow",0,是,₱139.00,https://affiliate.tiktok.com/api/v1/share/ALVVZ8H8gh5P,,,,,,,,,,
,https://p16-oec-sg.ibyteimg.com/tos-alisg-i-aphluv4xwc-sg/a0b7ee9e6e6141cdb7dd78f9810c97d0~tplv-aphluv4xwc-resize-jpeg:600:600.jpeg?dr=15584&from=520841845&idc=my&ps=933b5bde&shcp=6c17ea28&shp=1f0b6a75&t=555f072d,1737504736805095113,EyeGlow PH,美妆与个护,美容,8,"YZS Flattering powder base stick with dual-ended eraser contour powder, designed for lazy makeup lovers",0,是,₱149.00,https://affiliate.tiktok.com/api/v1/share/ALVVYAJG266L,,,,,,,,,,
,https://p16-oec-sg.ibyteimg.com/tos-alisg-i-aphluv4xwc-sg/b67b38d65cbc49b498e1f27e319f1918~tplv-aphluv4xwc-resize-jpeg:600:600.jpeg?dr=15584&from=520841845&idc=my&ps=933b5bde&shcp=6c17ea28&shp=1f0b6a75&t=555f072d,1737518634460415689,EyeGlow PH,美妆与个护,美容,2,"YZS Velvet Gradient Dual-Color Eyeshadow Stick – Magical Gradient, One-Stroke Shaping, Dual-Color Lazy Eyeshadow Stick, Easy for Nude Makeup",0,是,₱99.00,https://affiliate.tiktok.com/api/v1/share/ALVVZ8H8xh5u,,,,,,,,,,
,https://p16-oec-sg.ibyteimg.com/tos-alisg-i-aphluv4xwc-sg/55af6bdc36024e34b908d58af74871a8~tplv-aphluv4xwc-resize-jpeg:600:600.jpeg?dr=15584&from=520841845&idc=my&ps=933b5bde&shcp=6c17ea28&shp=1f0b6a75&t=555f072d,1733519669531936097,Home Pals Shop,居家日用,家庭清洁用品,32498,Effective Rat Mouse Repellent Balls for Indoor Outdoor Rodent Control 10 pcs/bag Eliminate Rodent Infestation 24h Shipping,4.4,是,₱69.00-₱399.00,https://affiliate.tiktok.com/api/v1/share/ALVVfvwiBJ5I,,,,,,,,,,
,https://p16-oec-sg.ibyteimg.com/tos-alisg-i-aphluv4xwc-sg/6cd7b2c51ce7481dbc2e298e53b5e196~tplv-aphluv4xwc-resize-jpeg:600:600.jpeg?dr=15584&from=520841845&idc=my&ps=933b5bde&shcp=6c17ea28&shp=1f0b6a75&t=555f072d,1734074702058587489,Home Pals Shop,居家日用,家庭清洁用品,463,"Cockroach Killer 6pcs Bait Box - Powerful, Long-Lasting, Non-Toxic, Safe for Humans and Pets, Effective for Kitchen, Living Room, Bedroom, Hotel, Office",4.8,是,₱99.00-₱199.00,https://affiliate.tiktok.com/api/v1/share/ALVVfoo1dxAg,,,,,,,,,,
,https://p16-oec-sg.ibyteimg.com/tos-alisg-i-aphluv4xwc-sg/65cf16927d0d4b9588d3d7f7fbab3d26~tplv-aphluv4xwc-resize-jpeg:600:600.jpeg?dr=15584&from=520841845&idc=my&ps=933b5bde&shcp=6c17ea28&shp=1f0b6a75&t=555f072d,1734096331582702945,Home Pals Shop,居家日用,家庭清洁用品,8946,Home Pals Shop 8pcs Cockcroach Eliminator Products KilerCockroach Traps Killer Powder Strong andHigh-Quality,4.7,是,₱78.00-₱299.00,https://affiliate.tiktok.com/api/v1/share/ALVVfvwiSPC1,,,,,,,,,,
,https://p16-oec-sg.ibyteimg.com/tos-alisg-i-aphluv4xwc-sg/66f22a49a98e49dd86950d52fb7b1ba3~tplv-aphluv4xwc-resize-jpeg:600:600.jpeg?dr=15584&from=520841845&idc=my&ps=933b5bde&shcp=6c17ea28&shp=1f0b6a75&t=555f072d,1734453865892840801,Home Pals Shop,居家日用,家庭清洁用品,11686,Household Kitchen Peeler Two-in-One for Fruit and Vegetables Multipurpose Peeler with Wavy Design Rotating Storage Sharp Stainless Steel Blade,4.7,是,₱69.00-₱119.00,https://affiliate.tiktok.com/api/v1/share/ALVVfoo1uwFG,,,,,,,,,,
,https://p16-oec-sg.ibyteimg.com/tos-alisg-i-aphluv4xwc-sg/d976d77b1ba64c388eea4471e572a042~tplv-aphluv4xwc-resize-jpeg:600:600.jpeg?dr=15584&from=520841845&idc=my&ps=933b5bde&shcp=6c17ea28&shp=1f0b6a75&t=555f072d,1734454470945310049,Home Pals Shop,居家日用,节日派对用品,17322,New wooden massage tool for fingers and hand joints – The ultimate finger massager,4.7,是,₱72.00-₱99.00,https://affiliate.tiktok.com/api/v1/share/ALVVfvwijRj9,,,,,,,,,,
,https://p16-oec-sg.ibyteimg.com/tos-alisg-i-aphluv4xwc-sg/37273495922d4cb99473278a2ced5a51~tplv-aphluv4xwc-resize-jpeg:600:600.jpeg?dr=15584&from=520841845&idc=my&ps=933b5bde&shcp=6c17ea28&shp=1f0b6a75&t=555f072d,1737131943797884257,Home Pals Shop,居家日用,家庭清洁用品,523,"Fruit fly trap, non-toxic yellow spherical fly trap, super strong adhesion, long-lasting and durable",3.7,是,₱79.00-₱339.00,https://affiliate.tiktok.com/api/v1/share/ALVVfoo2C3r4,,,,,,,,,,
,https://p16-oec-sg.ibyteimg.com/tos-alisg-i-aphluv4xwc-sg/511bdfc805d7450c8e513b86cca7cff8~tplv-aphluv4xwc-resize-jpeg:600:600.jpeg?dr=15584&from=520841845&idc=my&ps=933b5bde&shcp=6c17ea28&shp=1f0b6a75&t=555f072d,1729398470932467131,"HODEKT Fam
主推",美妆与个护,美容电器,175249,Get Salon Curls at Home! HODEKT 32MM Auto Curler | Fast Heating | Long-Lasting Waves | Safe Anti-Burn,4.8,是,₱541.98-₱652.67,https://affiliate.tiktok.com/api/v1/share/AKmKEl6Qc09L,,,,,,,,,,
,https://p16-oec-sg.ibyteimg.com/tos-alisg-i-aphluv4xwc-sg/c2331e5a49694c5c8e1fdd8abf95f863~tplv-aphluv4xwc-resize-jpeg:600:600.jpeg?dr=15584&from=520841845&idc=my&ps=933b5bde&shcp=6c17ea28&shp=1f0b6a75&t=555f072d,1729647611020872123,"HODEKT Fam
主推",美妆与个护,美容电器,117133,Hodekt Wide Hair Straightener/Portable Mini Straightening Iron/ with Constant Temperature and 4 Levels Temperatures - Fast Heating,4.7,是,₱359.00-₱499.00,https://affiliate.tiktok.com/api/v1/share/AKJn7M0JiXn2,,,,,,,,,,
,https://p16-oec-sg.ibyteimg.com/tos-alisg-i-aphluv4xwc-sg/ef9d60b29c4b420088a055b3ae13ffd5~tplv-aphluv4xwc-resize-jpeg:600:600.jpeg?dr=15584&from=520841845&idc=my&ps=933b5bde&shcp=6c17ea28&shp=1f0b6a75&t=555f072d,1729647565636208943,"HODEKT-Appliances.PH
主推",美妆与个护,美容电器,164191,"Hodekt 4-IN-1 Hair Dryer Brush – Dry, Straighten, Curl & Volumize in 1 Step | 1000W Fast Styling | 360° Airflow",4.7,是,"₱540.56-₱1,099.00",https://affiliate.tiktok.com/api/v1/share/ALEkxJ8zaJFo,,,,,,,,,,
,https://p16-oec-sg.ibyteimg.com/tos-alisg-i-aphluv4xwc-sg/8cb9e882c76f4926bc3d72b9f9884e36~tplv-aphluv4xwc-resize-jpeg:600:600.jpeg?dr=15584&from=520841845&idc=my&ps=933b5bde&shcp=6c17ea28&shp=1f0b6a75&t=555f072d,1730276400346663215,"HODEKT-Appliances.PH
主推",母婴用品,婴儿护理,35506,HODEKT Weight Scale /Body fat scale Large LCD HD Display Rechargeable pang bembangan set/digital weight scale/weight scale kg/timbangan for weight/scale digital weight/timbangan for body weight,4.7,是,₱379.00-₱399.00,https://affiliate.tiktok.com/api/v1/share/AL39bzXiYU1r,,,,,,,,,,
,https://p16-oec-sg.ibyteimg.com/tos-alisg-i-aphluv4xwc-sg/d04f1f3f1d21481b924da4a39cffe3a3~tplv-aphluv4xwc-resize-jpeg:600:600.jpeg?dr=15584&from=520841845&idc=my&ps=933b5bde&shcp=6c17ea28&shp=1f0b6a75&t=555f072d,1732013620009469231,HODEKT-Appliances.PH,美妆与个护,美容电器,9999,HODEKT 3-in-1 Hot Air Brush | Hair Dryer + Air brush+ Volume in 1 Step | Salon Smooth Hair in Minutes,4.7,是,₱799.00-₱999.00,https://affiliate.tiktok.com/api/v1/share/AL39cxELnq2V,,,,,,,,,,
,https://p16-oec-sg.ibyteimg.com/tos-alisg-i-aphluv4xwc-sg/8035141ab6c34a7b9c871b8d64e63f1e~tplv-aphluv4xwc-resize-jpeg:600:600.jpeg?dr=15584&from=520841845&idc=my&ps=933b5bde&shcp=6c17ea28&shp=1f0b6a75&t=555f072d,1731596414856955183,HODEKT-Appliances.PH,美妆与个护,美容电器,65462,Hodekt 3 in 1 Ionic Thermal Brush/30 Seconds Fast Heating /Coating With Trace Plant Protein/Salon-level care,4.6,是,₱741.86-₱799.00,https://affiliate.tiktok.com/api/v1/share/AKAbVcxERUq6,,,,,,,,,,
,https://p16-oec-sg.ibyteimg.com/tos-alisg-i-aphluv4xwc-sg/e48b93e2ce8b48d0842f90cc8ccb08d6~tplv-aphluv4xwc-resize-jpeg:600:600.jpeg?dr=15584&from=520841845&idc=my&ps=933b5bde&shcp=6c17ea28&shp=1f0b6a75&t=555f072d,1734471620531356975,hodekt-global.ph,美妆与个护,美容电器,583,[NEW] Hodekt Portable Digital Display Iron Hair Straightener Rechargeable Cordless Hair Curler Mini Straightener Long Battery Life 4 Temperatures Adjustable Type-C Home Office Travel Fix Your Hair Anytime Anywhere,4.4,是,"₱1,046.66",https://affiliate.tiktok.com/api/v1/share/ALFvSs2v3LNo,,,,,,,,,,
,https://p16-oec-sg.ibyteimg.com/tos-alisg-i-aphluv4xwc-sg/b53af36268ca432c8a6176c97974b47f~tplv-aphluv4xwc-resize-jpeg:600:600.jpeg?dr=15584&from=520841845&idc=my&ps=933b5bde&shcp=6c17ea28&shp=1f0b6a75&t=555f072d,1732318521623807279,HODEKT-Appliances.PH,美妆与个护,美容电器,769,【Upgraded digital display】Hodekt Digital display Waterproof Portable Mini Men's Electric Shaver/2-Direction Flex HeadsHigh Performance Blade,4.7,是,₱599.00,https://affiliate.tiktok.com/api/v1/share/ALEkxJ8zJP52,,,,,,,,,,
,https://p16-oec-sg.ibyteimg.com/tos-alisg-i-aphluv4xwc-sg/d00ed5908a5b4202942c10ffa15d3f6b~tplv-aphluv4xwc-resize-jpeg:600:600.jpeg?dr=15584&from=520841845&idc=my&ps=933b5bde&shcp=6c17ea28&shp=1f0b6a75&t=555f072d,1729395836845329851,HODEKT Fam,家用电器,厨房电器,22644,Hodekt Electric Meat Grinder with 2 Speed Adjustable Double Layer 4 Blades | 304 Stainless Steel Cup 200W-250W Motor 1 Year Warranty,4.5,是,₱549.00-₱799.00,https://affiliate.tiktok.com/api/v1/share/AL39cxEM4kqU,,,,,,,,,,
,https://p16-oec-sg.ibyteimg.com/tos-alisg-i-aphluv4xwc-sg/38a3c3f29b354c7690974fb1a2702e9c~tplv-aphluv4xwc-resize-jpeg:600:600.jpeg?dr=15584&from=520841845&idc=my&ps=933b5bde&shcp=6c17ea28&shp=1f0b6a75&t=555f072d,1729752001430980911,HODEKT-Appliances.PH,家用电器,厨房电器,13314,HODEKT 3 in 1 Household Sandwich Maker Multifunction Donut Maker Stainless Steel Waffle Maker Breakfast Machine 3 Mins Fast Breakfast,4.7,是,"₱1,427.61-₱1,489.39",https://affiliate.tiktok.com/api/v1/share/ALEkqXi3UO39,,,,,,,,,,
,https://p16-oec-sg.ibyteimg.com/tos-alisg-i-aphluv4xwc-sg/ae1387428be74d3d960c492e7b3e11fd~tplv-aphluv4xwc-resize-jpeg:600:600.jpeg?dr=15584&from=520841845&idc=my&ps=933b5bde&shcp=6c17ea28&shp=1f0b6a75&t=555f072d,1729395836602256827,HODEKT Fam,家用电器,厨房电器,15110,HODEKT Electric Food Steamer Siomai Steamer Multifunction Smart Timer Egg Boiler Multifunction Cooker 26L Avaiable Capacity 3 Layers Cooker,4.7,是,"₱1,102.82-₱1,131.12",https://affiliate.tiktok.com/api/v1/share/AL39bzXipb0L,,,,,,,,,,
,https://p16-oec-sg.ibyteimg.com/tos-alisg-i-aphluv4xwc-sg/5ccb439b5c1f421fb13bf4e23623c676~tplv-aphluv4xwc-resize-jpeg:600:600.jpeg?dr=15584&from=520841845&idc=my&ps=933b5bde&shcp=6c17ea28&shp=1f0b6a75&t=555f072d,1729397005703286063,HODEKT-Appliances.PH,家用电器,厨房电器,43032,HODEKT Electric Hand Mixer Milk Frother Egg Whisk 3 Speed Modes 304 Stainless Multi-functional electric whisk Hand Blender electric mixer,4.8,是,₱286.69-₱699.00,https://affiliate.tiktok.com/api/v1/share/ALEkqXi4abhy,,,,,,,,,,
,https://p16-oec-sg.ibyteimg.com/tos-alisg-i-aphluv4xwc-sg/dab9ef66b6594819b9892db3fdc359eb~tplv-aphluv4xwc-resize-jpeg:600:600.jpeg?dr=15584&from=520841845&idc=my&ps=933b5bde&shcp=6c17ea28&shp=1f0b6a75&t=555f072d,1731314516857620783,HODEKT-Appliances.PH,家用电器,厨房电器,6513,HODEKT 2-in-1 fruit juicer/water cup/baby food maker large capacity can crush ice,4.3,是,₱552.42-₱678.64,https://affiliate.tiktok.com/api/v1/share/AKP3PMPWGbVs,,,,,,,,,,
,https://p16-oec-sg.ibyteimg.com/tos-alisg-i-aphluv4xwc-sg/d3aed93e43b9412594e971219b724bf9~tplv-aphluv4xwc-resize-jpeg:600:600.jpeg?dr=15584&from=520841845&idc=my&ps=933b5bde&shcp=6c17ea28&shp=1f0b6a75&t=555f072d,1732443307834836271,HODEKT-Appliances.PH,美妆与个护,美容电器,5366,[New arrivals]HODEKT 5 In1 Hair Dryer Hair Straightener Multifunctional Hot Air Brush Comb Negative Ion Hair Care,4.5,是,₱699.00-₱757.19,https://affiliate.tiktok.com/api/v1/share/AL39cxELWrAF,,,,,,,,,,
,https://p16-oec-sg.ibyteimg.com/tos-alisg-i-aphluv4xwc-sg/7a76460562ee46a9bd2d5dc02911daf9~tplv-aphluv4xwc-resize-jpeg:600:600.jpeg?dr=15584&from=520841845&idc=my&ps=933b5bde&shcp=6c17ea28&shp=1f0b6a75&t=555f072d,1731776073070576943,HODEKT-Appliances.PH,家用电器,厨房电器,9424,HODEKT 400ML portable fruit juicer and food grade material and 12 blades cordless electric juicer cup,4.5,是,₱433.67-₱443.15,https://affiliate.tiktok.com/api/v1/share/AK9oT84hLGGk,,,,,,,,,,
,https://p16-oec-sg.ibyteimg.com/tos-alisg-i-aphluv4xwc-sg/13ed750f0a2c429f8c3d93c2bdf2fca6~tplv-aphluv4xwc-resize-jpeg:600:600.jpeg?dr=15584&from=520841845&idc=my&ps=933b5bde&shcp=6c17ea28&shp=1f0b6a75&t=555f072d,1732253282681062703,HODEKT-Appliances.PH,美妆与个护,美容电器,2155,HODEKT 9MM Curling Iron Retro Wool Curl Mini Portable Rapid Heating No Hair Damage,4.7,是,₱344.55,https://affiliate.tiktok.com/api/v1/share/AK9oQpY9Ffnn,,,,,,,,,,
,https://p16-oec-sg.ibyteimg.com/tos-alisg-i-aphluv4xwc-sg/1b11b35864b2437a8df7bdb165731db0~tplv-aphluv4xwc-resize-jpeg:600:600.jpeg?dr=15584&from=520841845&idc=my&ps=933b5bde&shcp=6c17ea28&shp=1f0b6a75&t=555f072d,1732318681490228527,HODEKT-Appliances.PH,美妆与个护,美容电器,444,HODEKT Portable Water Flosser IPX7 Waterproof Electric Large Capacity Mouthwash Portable Water Flosser,4.2,是,₱599.00,https://affiliate.tiktok.com/api/v1/share/AKInGZFsGbuH,,,,,,,,,,
,https://p16-oec-sg.ibyteimg.com/tos-alisg-i-aphluv4xwc-sg/52b7b28c3a814d388ea6f6f330be83ee~tplv-aphluv4xwc-resize-jpeg:600:600.jpeg?dr=15584&from=520841845&idc=my&ps=933b5bde&shcp=6c17ea28&shp=1f0b6a75&t=555f072d,1730641821364421935,HODEKT-Appliances.PH,家用电器,厨房电器,2938,HODEKT Blender 2 in 1 Food Processor Multi Juicer Meat Grinder Chopper for Fruit and Vegetables,4.7,是,"₱840.18-₱1,120.55",https://affiliate.tiktok.com/api/v1/share/AKInGZ7XIelK,,,,,,,,,,
,https://p16-oec-sg.ibyteimg.com/tos-alisg-i-aphluv4xwc-sg/a45d895e3c064019b5930565328f5ca7~tplv-aphluv4xwc-resize-jpeg:600:600.jpeg?dr=15584&from=520841845&idc=my&ps=933b5bde&shcp=6c17ea28&shp=1f0b6a75&t=555f072d,1729383077042949563,HODEKT Fam,家用电器,生活电器,87412,HODEKT Steam Iron Handheld Garment Steamer Travel Steamer Iron for Clothes Foldable and Portable steamer,4.8,是,₱606.25-₱749.00,https://affiliate.tiktok.com/api/v1/share/AK9oQpgkiiRK,,,,,,,,,,
,https://p16-oec-sg.ibyteimg.com/tos-alisg-i-aphluv4xwc-sg/31d6d5af31424367a59aa4f4cef9ac62~tplv-aphluv4xwc-resize-jpeg:600:600.jpeg?dr=15584&from=520841845&idc=my&ps=933b5bde&shcp=6c17ea28&shp=1f0b6a75&t=555f072d,1732315033291687215,HODEKT-Appliances.PH,家用电器,厨房电器,7996,HODEKT Multifunctional Mixer 5-speed Handheld Electric Mixer Baking Mixer Egg Beater,4.7,是,₱435.45,https://affiliate.tiktok.com/api/v1/share/AK9oT825eYBa,,,,,,,,,,
,https://p16-oec-sg.ibyteimg.com/tos-alisg-i-aphluv4xwc-sg/00ad2369e8a2450b93a10b76c8dee82f~tplv-aphluv4xwc-resize-jpeg:600:600.jpeg?dr=15584&from=520841845&idc=my&ps=933b5bde&shcp=6c17ea28&shp=1f0b6a75&t=555f072d,1732375116933465391,HODEKT-Appliances.PH,家用电器,厨房电器,264,Hodekt 2.3L Constant temperature electric kettle/ 55°C constant temperature/48H Long-LastingInsulationow/for baby/High-quality gifts,4.8,是,₱597.18,https://affiliate.tiktok.com/api/v1/share/AK9oQq597lPw,,,,,,,,,,
,https://p16-oec-sg.ibyteimg.com/tos-alisg-i-aphluv4xwc-sg/4b2ae0249aaf4a5392c327e3866263d4~tplv-aphluv4xwc-resize-jpeg:600:600.jpeg?dr=15584&from=520841845&idc=my&ps=933b5bde&shcp=6c17ea28&shp=1f0b6a75&t=555f072d,1732775325880780079,HODEKT-Appliances.PH,美妆与个护,美容电器,969,HODEKT Multi styling 2 in 1Hot Air Brush Wet & Dry Dual Use Electrical Adjustable Hair Curler,4.8,是,₱889.11,https://affiliate.tiktok.com/api/v1/share/AK9oQpgkzqFd,,,,,,,,,,
,https://p16-oec-sg.ibyteimg.com/tos-alisg-i-aphluv4xwc-sg/54ec61b4f9204e418bf29069592d9082~tplv-aphluv4xwc-resize-jpeg:600:600.jpeg?dr=15584&from=520841845&idc=my&ps=933b5bde&shcp=6c17ea28&shp=1f0b6a75&t=555f072d,1733131832520181039,HODEKT-Appliances.PH,家用电器,厨房电器,473,HODEKT Fruit and Vegetable Juicer 600ML Juice Capacity Electric Juicer 70MM Large Diameter,4.2,是,"₱1,398.99-₱2,878.99",https://affiliate.tiktok.com/api/v1/share/AK9oQpjrksWZ,,,,,,,,,,
,https://p16-oec-sg.ibyteimg.com/tos-alisg-i-aphluv4xwc-sg/2e8e1a3e3bf84d9fbf5a241b6a9f65c1~tplv-aphluv4xwc-resize-jpeg:600:600.jpeg?dr=15584&from=520841845&idc=my&ps=933b5bde&shcp=6c17ea28&shp=1f0b6a75&t=555f072d,1734373888832210223,HODEKT-Appliances.PH,家用电器,厨房电器,355,HODEKT 600W Multi-functional Folding Kettle 304 Double-layer Anti-scalding Stainless Steel Seamless Inner Pot Anti-dry Burning,4.5,是,₱544.55,https://affiliate.tiktok.com/api/v1/share/AK9oT84jXkaE,,,,,,,,,,
,https://p16-oec-sg.ibyteimg.com/tos-alisg-i-aphluv4xwc-sg/64f87a5e3d3540f29775f4da676599b4~tplv-aphluv4xwc-resize-jpeg:600:600.jpeg?dr=15584&from=520841845&idc=my&ps=933b5bde&shcp=6c17ea28&shp=1f0b6a75&t=555f072d,1734706185611347247,HODEKT-Appliances.PH,母婴用品,婴儿护理,5,"HODEKT USB Electric Baby Hair Clipper, Mini Hair Suction Portable Kids Hair Clipper, Rechargeable & Low Noise",0,是,₱698.99,https://affiliate.tiktok.com/api/v1/share/AK9oT826TcYY,,,,,,,,,,
,https://p16-oec-sg.ibyteimg.com/tos-alisg-i-aphluv4xwc-sg/5b4f667e55b64d3dbec8b99580213887~tplv-aphluv4xwc-resize-jpeg:600:600.jpeg?dr=15584&from=520841845&idc=my&ps=933b5bde&shcp=6c17ea28&shp=1f0b6a75&t=555f072d,1730713538416379183,HODEKT-Appliances.PH,美妆与个护,美容电器,50058,Hodekt Cordless 2-in-1 Hair Straightener Comb | Fast Heat 25s | Smooth Hair Anytime Anywhere | no Frizz No Damage | Travel Ready,4.5,是,₱709.34-₱759.00,https://affiliate.tiktok.com/api/v1/share/AKInGwl7ZihV,,,,,,,,,,
,https://p16-oec-sg.ibyteimg.com/tos-alisg-i-aphluv4xwc-sg/252114822ffc4b05a90b2440b7782686~tplv-aphluv4xwc-resize-jpeg:600:600.jpeg?dr=15584&from=520841845&idc=my&ps=933b5bde&shcp=6c17ea28&shp=1f0b6a75&t=555f072d,1736887086154287050,"MR.VET Philippines
主推",宠物用品,猫狗食品,2569,"[NEW] Mr. Vet - Sandwich Cat Food Ocean Fish Formula 50g — Ocean Fish Sandwich 3-in-1 Mix | Prevents Hairballs, Supports Healthy Digestion & Promotes Shiny Coat",4.9,是,₱25.00-₱459.00,https://affiliate.tiktok.com/api/v1/share/ALFdEjLoBdFt,,,,,,,,,,
,https://p16-oec-sg.ibyteimg.com/tos-alisg-i-aphluv4xwc-sg/5842f145cde543bbb2c37d48a1bc63c3~tplv-aphluv4xwc-resize-jpeg:600:600.jpeg?dr=15584&from=520841845&idc=my&ps=933b5bde&shcp=6c17ea28&shp=1f0b6a75&t=555f072d,1732617397211072458,"MR.VET Philippines
主推",宠物用品,猫狗食品,61694,"MR.VET Cat Party Canned 400g – Cat Food omega3, vitamin, lysine,bone,immune,glow,digestion,heart",4.8,是,₱109.00-₱319.00,https://affiliate.tiktok.com/api/v1/share/AK8qfVKN0zEs,,,,,,,,,,
,https://p16-oec-sg.ibyteimg.com/tos-alisg-i-aphluv4xwc-sg/271fb03359d643d2956c1e4a2bfcb963~tplv-aphluv4xwc-resize-jpeg:600:600.jpeg?dr=15584&from=520841845&idc=my&ps=933b5bde&shcp=6c17ea28&shp=1f0b6a75&t=555f072d,1731727099228620746,"MR.VET Philippines
主推",宠物用品,猫狗食品,67379,"MR.VET Combo Flavor Explosion 5 Flavors x 50g (T1, T2, T3, T4, G1)",4.9,是,₱80.87,https://affiliate.tiktok.com/api/v1/share/ALAclhwDRrr1,,,,,,,,,,
,https://p16-oec-sg.ibyteimg.com/tos-alisg-i-aphluv4xwc-sg/4b67f61d7b004cc684ce8b45ce9eadbf~tplv-aphluv4xwc-resize-jpeg:600:600.jpeg?dr=15584&from=520841845&idc=my&ps=933b5bde&shcp=6c17ea28&shp=1f0b6a75&t=555f072d,1734343713408714158,"Bite of Wild Petfood PH
主推",宠物用品,猫狗食品,5015,Bite Of Wild P42 Premium Cat Food - Holistic Grain-Free Formula with Freeze-Dried Meat & Prebiotics for All Life Stages | Sedap & Healthy,4.9,是,₱42.99-₱748.99,https://affiliate.tiktok.com/api/v1/share/AKi9lf6YycgL,,,,,,,,,,
,https://p16-oec-sg.ibyteimg.com/tos-alisg-i-aphluv4xwc-sg/f9e9834daa104f73b17c0dbd409a90b3~tplv-aphluv4xwc-resize-jpeg:600:600.jpeg?dr=15584&from=520841845&idc=my&ps=933b5bde&shcp=6c17ea28&shp=1f0b6a75&t=555f072d,1736501530449774016,"Keepo petfood
主推",宠物用品,猫狗食品,9324,Keepo Dog Kibble 50g Salmon Flavor Supports Skin & Coat Care，Lamb Flavor Stronger immunity,4.8,是,₱19.00-₱180.00,https://affiliate.tiktok.com/api/v1/share/ALFdSKLNfGnX,,,,,,,,,,
,https://p16-oec-sg.ibyteimg.com/tos-alisg-i-aphluv4xwc-sg/eca964cd2efd42639e77128c5f3e2e54~tplv-aphluv4xwc-resize-jpeg:600:600.jpeg?dr=15584&from=520841845&idc=my&ps=933b5bde&shcp=6c17ea28&shp=1f0b6a75&t=555f072d,1736501313997931968,"Keepo petfood
主推",宠物用品,猫狗食品,1513,Keepo Cat Kibble 50g Tuna Flavor break down and eliminate hairballs reducing digestive burden，Salmon Flavor Strengthens the skin barrier,4.8,是,₱19.00-₱180.00,https://affiliate.tiktok.com/api/v1/share/ALFdSKLbPWvB,,,,,,,,,,
,https://p16-oec-sg.ibyteimg.com/tos-alisg-i-aphluv4xwc-sg/aed41d1a2b8c4262822a7aa1ba48e637~tplv-aphluv4xwc-resize-jpeg:600:600.jpeg?dr=15584&from=520841845&idc=my&ps=933b5bde&shcp=6c17ea28&shp=1f0b6a75&t=555f072d,1732582100931479498,MR.VET Philippines,宠物用品,猫狗食品,30267,"Mr.Vet Cat Party Pouch Combo 12 packs – Cat Food omega3, vitamin, lysine",4.9,是,"₱320.87-₱1,399.00",https://affiliate.tiktok.com/api/v1/share/ALAcpyZt1zFU,,,,,,,,,,
,https://p16-oec-sg.ibyteimg.com/tos-alisg-i-aphluv4xwc-sg/cea94d72a3ed4dff999a668a14d04f63~tplv-aphluv4xwc-resize-jpeg:600:600.jpeg?dr=15584&from=520841845&idc=my&ps=933b5bde&shcp=6c17ea28&shp=1f0b6a75&t=555f072d,1731714902093105098,MR.VET Philippines,宠物用品,猫狗食品,100987,"MR.VET Cat Pouch Nutrient-Rich Wet Food for Cats Combo 12 , Omega-3, L-Lysine, Vitamins, Salmon, and Tuna (70g)",4.9,是,₱298.14-₱303.81,https://affiliate.tiktok.com/api/v1/share/AK8qfV0GFHoO,,,,,,,,,,
,https://p16-oec-sg.ibyteimg.com/tos-alisg-i-aphluv4xwc-sg/b9f74789f4eb44a1af6d70e086f9dbdc~tplv-aphluv4xwc-resize-jpeg:600:600.jpeg?dr=15584&from=520841845&idc=my&ps=933b5bde&shcp=6c17ea28&shp=1f0b6a75&t=555f072d,1731347723494066122,MR.VET Philippines,宠物用品,猫狗食品,16797,"MR.VET T2 Cat Kibble 1kg, Hair & Skin Care Functional Rawboost Kibble with Freeze Dried Meat Toppings",4.9,是,₱329.00,https://affiliate.tiktok.com/api/v1/share/AK8qfV0GWMHG,,,,,,,,,,
,https://p16-oec-sg.ibyteimg.com/tos-alisg-i-aphluv4xwc-sg/9dd3d754eb524444a699eac20f549393~tplv-aphluv4xwc-resize-jpeg:600:600.jpeg?dr=15584&from=520841845&idc=my&ps=933b5bde&shcp=6c17ea28&shp=1f0b6a75&t=555f072d,1733534464234915246,Bite of Wild Petfood PH,宠物用品,猫狗食品,15081,【5+XTRA 1PCS】Bite of Wild Cat Pouch 6 Different Tastes New Zealand Goat Milk High Quality Lactoferrin Wet Cat Food 70g,4.9,是,₱246.67-₱999.00,https://affiliate.tiktok.com/api/v1/share/AKi9gc2o9FYp,,,,,,,,,,
,https://p16-oec-sg.ibyteimg.com/tos-alisg-i-aphluv4xwc-sg/9df33daa60404769ac2b5484ec990497~tplv-aphluv4xwc-resize-jpeg:600:600.jpeg?dr=15584&from=520841845&idc=my&ps=933b5bde&shcp=6c17ea28&shp=1f0b6a75&t=555f072d,1734344280212473262,Bite of Wild Petfood PH,宠物用品,猫狗食品,107,Bite Of Wild P42 Premium Cat Food - Holistic Grain-Free Formula with Freeze-Dried Meat & Prebiotics for All Life Stages | Sedap & Healthy 1kg&2kg&3kg&5kg,5,是,"₱748.99-₱3,658.99",https://affiliate.tiktok.com/api/v1/share/AKi9gc2rivuJ,,,,,,,,,,
,https://p16-oec-sg.ibyteimg.com/tos-alisg-i-aphluv4xwc-sg/ec791f1f6b894153b54d6f3df490ac43~tplv-aphluv4xwc-resize-jpeg:600:600.jpeg?dr=15584&from=520841845&idc=my&ps=933b5bde&shcp=6c17ea28&shp=1f0b6a75&t=555f072d,1732149664815482826,MR.VET Philippines,宠物用品,猫狗食品,27065,"Mr.Vet NEW Functional Pouch, Skin, Digestion, Heart, Immunity & Bones Wet Food for Cat",4.9,是,₱35.00-₱188.00,https://affiliate.tiktok.com/api/v1/share/AK8qfV0FQFjq,,,,,,,,,,
,https://p16-oec-sg.ibyteimg.com/tos-alisg-i-aphluv4xwc-sg/ab03f443c7664d39844018461520b892~tplv-aphluv4xwc-resize-jpeg:600:600.jpeg?dr=15584&from=520841845&idc=my&ps=933b5bde&shcp=6c17ea28&shp=1f0b6a75&t=555f072d,1731909355598743498,MR.VET Philippines,宠物用品,猫狗食品,54671,"(BUY 3 GET 1 FREE) MR.VET Cat Food Omega 3, Taurine, Prebiotics For Cats Over 70% Real Meat",4.9,是,₱192.00,https://affiliate.tiktok.com/api/v1/share/AK8qfVKNI7PY,,,,,,,,,,
,https://p16-oec-sg.ibyteimg.com/tos-alisg-i-aphluv4xwc-sg/64ea36e78cd44999a6f076267dc52357~tplv-aphluv4xwc-resize-jpeg:600:600.jpeg?dr=15584&from=520841845&idc=my&ps=933b5bde&shcp=6c17ea28&shp=1f0b6a75&t=555f072d,1731348168276084682,MR.VET Philippines,宠物用品,猫狗食品,10569,"MR.VET T3 Cat Kibble 1kg, Urinary Care, Provides high-quality protein and omega-3 fatty acids, All Life Stages",4.9,是,₱359.00-₱769.00,https://affiliate.tiktok.com/api/v1/share/AK8qfVKNZCvf,,,,,,,,,,
,https://p16-oec-sg.ibyteimg.com/tos-alisg-i-aphluv4xwc-sg/9df249e1a16c4435b5b636c6a001bf86~tplv-aphluv4xwc-resize-jpeg:600:600.jpeg?dr=15584&from=520841845&idc=my&ps=933b5bde&shcp=6c17ea28&shp=1f0b6a75&t=555f072d,1736509172808975808,Keepo petfood,宠物用品,猫狗食品,501,Keepo Cat Kibble 1KG 5KG Tuna Flavor break down and eliminate hairballs reducing digestive burden，Salmon Flavor Strengthens the skin barrier,4.9,是,"₱195.00-₱1,378.00",https://affiliate.tiktok.com/api/v1/share/ALFdSIXt9ddy,,,,,,,,,,
,https://p16-oec-sg.ibyteimg.com/tos-alisg-i-aphluv4xwc-sg/80e24136316a4b64a6fc41a43c668413~tplv-aphluv4xwc-resize-jpeg:600:600.jpeg?dr=15584&from=520841845&idc=my&ps=933b5bde&shcp=6c17ea28&shp=1f0b6a75&t=555f072d,1736509212314076608,Keepo petfood,宠物用品,猫狗食品,272,Keepo Dog Kibble 1kg Salmon Flavor Supports Skin & Coat Care，Lamb Flavor Stronger immunity,4.9,是,"₱275.00-₱1,359.00",https://affiliate.tiktok.com/api/v1/share/ALFdSKLbgZ4c,,,,,,,,,,
,https://p16-oec-sg.ibyteimg.com/tos-alisg-i-aphluv4xwc-sg/64c4ecf596084bf6bdaeee9f54b84ed9~tplv-aphluv4xwc-resize-jpeg:600:600.jpeg?dr=15584&from=520841845&idc=my&ps=933b5bde&shcp=6c17ea28&shp=1f0b6a75&t=555f072d,1735723841548748062,"Sapot Skin
主推",美妆与个护,沐浴身体护理,38468,Buy 1 Take 1 Free FJ Premium Glutathione Niacinamide Body Lotion SPF50+++ Whitening Body Sunscreen Lotion - Hydrating with Alpha Arbutin Moisture Lock Brightening Lightweight Daily Body Care Suitable For All Skin Types Protection Glutathione Radiant,4.7,是,₱55.23-₱169.00,https://affiliate.tiktok.com/api/v1/share/ALAcjqHODcnV,,,,,,,,,,
,https://p16-oec-sg.ibyteimg.com/tos-alisg-i-aphluv4xwc-sg/13d66f389228471590c7c6be96f3604e~tplv-aphluv4xwc-resize-jpeg:600:600.jpeg?dr=15584&from=520841845&idc=my&ps=933b5bde&shcp=6c17ea28&shp=1f0b6a75&t=555f072d,1734131804689630504,"FJ-RUN XIN
主推",美妆与个护,护肤,51843,【BUY 2 TAKE 1】FDA approved GLUTATHIONE X40 SPF50 PA++++ Extreme Whitening Moisturizing Sunscreen & for All Skin Types & Easy to Blend & Moisturizer Hydrate & Long-Lasting Waterproof & Cleansing UV Rays Facial Squeeze Lightweight Sensitive Brightener Daily,4.6,是,₱29.00-₱119.00,https://affiliate.tiktok.com/api/v1/share/AKn49k9bWkbU,,,,,,,,,,
,https://p16-oec-sg.ibyteimg.com/tos-alisg-i-aphluv4xwc-sg/bb4580ccb29d4ce994e219f3ad1fea2b~tplv-aphluv4xwc-resize-jpeg:600:600.jpeg?dr=15584&from=520841845&idc=my&ps=933b5bde&shcp=6c17ea28&shp=1f0b6a75&t=555f072d,1731203304574977310,FJ-RunFei,美妆与个护,护肤,29403,【BUY 2 TAKE 1】Skin Super Whitening Sunscreen SPF50+ Anti-UV at Anti-sweat Facial Brightening Comfort Repair Pang-araw-araw na Paggamit ng Mga Produktong Pangangalaga sa Balat 50ml Summer Must-Have Facial Uv Daily Skin Repair Lightweight UV Protection,4.3,是,₱37.13-₱169.00,https://affiliate.tiktok.com/api/v1/share/AL3CulJx6KA2,,,,,,,,,,
,https://p16-oec-sg.ibyteimg.com/tos-alisg-i-aphluv4xwc-sg/7cc10d00a78743afa9d9b703cb37cc3f~tplv-aphluv4xwc-resize-jpeg:600:600.jpeg?dr=15584&from=520841845&idc=my&ps=933b5bde&shcp=6c17ea28&shp=1f0b6a75&t=555f072d,1735345965677315358,FJ-RunFei,美妆与个护,沐浴身体护理,31019,"3-in-1 body Deep Cleansing wash, say goodbye to rough back, sulfur-based mite-removing body wash, long-lasting oil control and mite removal Non-Greasy, Refreshing Feel, Daily Use, Moisturizing, Mild Formula, for All Skin Types [COD]",4.7,是,₱27.61-₱237.13,https://affiliate.tiktok.com/api/v1/share/AL3CuktAU10Q,,,,,,,,,,
,https://p16-oec-sg.ibyteimg.com/tos-alisg-i-aphluv4xwc-sg/ac4ffa53019244038cdafb08e8cd5ef6~tplv-aphluv4xwc-resize-jpeg:600:600.jpeg?dr=15584&from=520841845&idc=my&ps=933b5bde&shcp=6c17ea28&shp=1f0b6a75&t=555f072d,1734389677384762664,FJ-RUN XIN,美妆与个护,护肤,11627,FDA Upgraded GLUTAWHITE Whitening Sunscreen SPF90 PA+++ & Collagen Niacinamide Arbutin Face Sunscreen 3in1 & MoistureLock & Hydrating & Brightening & No White Cast & Lightweight & Easy to Blend & UV Protection & Daily Skincare,4.7,是,₱29.00-₱159.00,https://affiliate.tiktok.com/api/v1/share/AKn4BhhrNvN3,,,,,,,,,,
,https://p16-oec-sg.ibyteimg.com/tos-alisg-i-aphluv4xwc-sg/ead79bb2341c442b8d60db8ab2d37b6a~tplv-aphluv4xwc-resize-jpeg:600:600.jpeg?dr=15584&from=520841845&idc=my&ps=933b5bde&shcp=6c17ea28&shp=1f0b6a75&t=555f072d,1737080756789806366,FJ-RunFei,美妆与个护,沐浴身体护理,67,"[BUY 2 TAKE 1] FDA Approved FJ Glutathione Niacinamide Body Whitening Lotion Moisturizer Revitalize With SPF 50 PA++++, 3X Skin Whitening 400ml+200ml",5,是,₱129.00-₱303.00,https://affiliate.tiktok.com/api/v1/share/ALLeFAIHhI0L,,,,,,,,,,
,https://p16-oec-sg.ibyteimg.com/tos-alisg-i-aphluv4xwc-sg/ef4041baa0194c989d44945de236257d~tplv-aphluv4xwc-resize-jpeg:600:600.jpeg?dr=15584&from=520841845&idc=my&ps=933b5bde&shcp=6c17ea28&shp=1f0b6a75&t=555f072d,1733389298416583966,FJ-RunFei,美妆与个护,护肤,1672,FJ UltraFresh Sunscreen SPF90 PA++++ 50ML Pwede sa sensitibong balat all skin types whitening brightening rejuvenating no white cast & easy to blend & refreshing for non-sticky gentle non-irritating Clear Water Proof fungal acne safe sunscreen Facial,4.6,是,₱29.00-₱109.00,https://affiliate.tiktok.com/api/v1/share/ALLeDVzIkUTG,,,,,,,,,,
,https://p16-oec-sg.ibyteimg.com/tos-alisg-i-aphluv4xwc-sg/32c1474943834e84a877e86953140375~tplv-aphluv4xwc-resize-jpeg:600:600.jpeg?dr=15584&from=520841845&idc=my&ps=933b5bde&shcp=6c17ea28&shp=1f0b6a75&t=555f072d,1732132217210373416,FJ-RUN XIN,美妆与个护,护肤,5495,[BUY 1 TAKE 1]【FDA】 & Himalayan Pink Salt Oil & SPF 90 & 100ml & Organic Face & Body Care & massage oil Comfort & for sensitive skin & Hydrating & Whitening and lightening melanin & Skin Toning & gluta hya Lightweight Moisturizer Radiant Serums Uv,4.1,是,₱29.00-₱209.00,https://affiliate.tiktok.com/api/v1/share/AKn4Bhhr6tIy,,,,,,,,,,
,https://p16-oec-sg.ibyteimg.com/tos-alisg-i-aphluv4xwc-sg/4e478d542ea44ea58672ce8fb7b26566~tplv-aphluv4xwc-resize-jpeg:600:600.jpeg?dr=15584&from=520841845&idc=my&ps=933b5bde&shcp=6c17ea28&shp=1f0b6a75&t=555f072d,1734761926696338728,FJ-RUN XIN,美妆与个护,护肤,4976,【BUY 2 TAKE 2】【FDA】FJ Skin Super Whitening Sunscreens 50ML SPF 50+ Rose Sunscreen Cream SPF 90+ High Protection UV Plus 60ml & with Alpha Arbutin & Easy to Blend & Skin Care Facial Skin Repair & Facial Squeeze & For Face & Body & for Outings Lightweight,4.5,是,₱29.00-₱199.00,https://affiliate.tiktok.com/api/v1/share/AKn49k9bnjg4,,,,,,,,,,
,https://p16-oec-sg.ibyteimg.com/tos-alisg-i-aphluv4xwc-sg/025fb89b569e46e2bccd400a6ce69e92~tplv-aphluv4xwc-resize-jpeg:600:600.jpeg?dr=15584&from=520841845&idc=my&ps=933b5bde&shcp=6c17ea28&shp=1f0b6a75&t=555f072d,1735466095840036218,Sapot Skin,美妆与个护,沐浴身体护理,1529,"【B1G1】AFAJ Whitening Deo – Pampaputi ng kili-kili, tanggal chicken skin – 72hrs fresh, Gluta+Nia+Kojic – Non-sticky, no white marks – FDA – COD",4.5,是,₱58.00-₱149.00,https://affiliate.tiktok.com/api/v1/share/AKu7bNV0ECk1,,,,,,,,,,
,https://p16-oec-sg.ibyteimg.com/tos-alisg-i-aphluv4xwc-sg/3895289301914a5db5286acb1ada2912~tplv-aphluv4xwc-resize-jpeg:600:600.jpeg?dr=15584&from=520841845&idc=my&ps=933b5bde&shcp=6c17ea28&shp=1f0b6a75&t=555f072d,1736765051042563368,FJ-RUN XIN,美妆与个护,沐浴身体护理,44,"FJ Hair Removal Cream 100g with Nykaa Aloe Whitening Gel 50g, Body Care Cosmetic Wax Gentle Comfort Moisturizing Niacinamide Moisturizer anti-bacterial naturally derived hyaluronic acid, Painless Underarm Bikini Aloe Vera Niacinamide Whitening Gel",4.5,是,₱69.00-₱219.00,https://affiliate.tiktok.com/api/v1/share/ALOkS20kWybq,,,,,,,,,,
,https://p16-oec-sg.ibyteimg.com/tos-alisg-i-aphluv4xwc-sg/1b2a8b49d7f04236a3eacf1874526745~tplv-aphluv4xwc-resize-jpeg:600:600.jpeg?dr=15584&from=520841845&idc=my&ps=933b5bde&shcp=6c17ea28&shp=1f0b6a75&t=555f072d,1736767971635070248,FJ-RUN XIN,美妆与个护,沐浴身体护理,6,SPF50 PA++++ Body Sunscreen Cream Centella Niacinamide UV Protection Moisturizing Brightening Lotion Lightweight No White Cast Non Greasy Face & Body Sunscreen for Daily Outdoor Sports Travel,0,是,₱68.99-₱138.99,https://affiliate.tiktok.com/api/v1/share/ALLe0rlQqPSV,,,,,,,,,,
,https://p16-oec-sg.ibyteimg.com/tos-alisg-i-aphluv4xwc-sg/02365ff7a65249c2a2748e82d3c1d2f6~tplv-aphluv4xwc-resize-jpeg:600:600.jpeg?dr=15584&from=520841845&idc=my&ps=933b5bde&shcp=6c17ea28&shp=1f0b6a75&t=555f072d,1737203586894693672,FJ-RUN XIN,美妆与个护,沐浴身体护理,4,FJ Niamide WhiteningLotion Lightweight Body Care Skin RepairSkincare Moisturizer Hydrating BrighteningRadiant,0,是,₱58.99-₱128.99,https://affiliate.tiktok.com/api/v1/share/ALLe0r1deR8s,,,,,,,,,,
,https://p16-oec-sg.ibyteimg.com/tos-alisg-i-aphluv4xwc-sg/c2ccd3310da148b492afd053844d33f8~tplv-aphluv4xwc-resize-jpeg:600:600.jpeg?dr=15584&from=520841845&idc=my&ps=933b5bde&shcp=6c17ea28&shp=1f0b6a75&t=555f072d,1732155152622388390,GlamGal Gang,美妆与个护,沐浴身体护理,15752,"【BUY 1 TAKE 1】FDA approved FJ Sakura Whiteninglotion 500ml + Ursolic Acid Essence 500ml Whitens and brightens, improves rough skin, and makes skin smooth，3X Skin Whitening，brightens skin tone，Water Brightening，face and body protection",4.5,是,₱28.99-₱289.00,https://affiliate.tiktok.com/api/v1/share/ALKi9c5IoQWZ,,,,,,,,,,
,https://p16-oec-sg.ibyteimg.com/tos-alisg-i-aphluv4xwc-sg/e7e3ca2171b444c4abe6e4e1acbf0da2~tplv-aphluv4xwc-resize-jpeg:600:600.jpeg?dr=15584&from=520841845&idc=my&ps=933b5bde&shcp=6c17ea28&shp=1f0b6a75&t=555f072d,1731175394268972410,Sapot Skin,美妆与个护,口腔鼻腔护理,29177,[FDA] BUY 2 FREE 2 FJ SIP-4 SP10 Probiotic Toothpaste 100g 7-Day Whitening & Reduces Plaque Fights & bad breath & Plant-based with baking soda & Oral Health Gum Repair hyaluronic acid & Lysozyme for Gum Care Strengthens Enamel Safe Oral for Family,4.3,是,₱29.00-₱139.00,https://affiliate.tiktok.com/api/v1/share/AKu7bO8aAXYN,,,,,,,,,,
,https://p16-oec-va.ibyteimg.com/tos-maliva-i-o3syd03w52-us/ce1de7bbbb29469dbd80f01e4dd37337~tplv-o3syd03w52-resize-jpeg:600:600.jpeg?dr=15584&from=520841845&idc=my&ps=933b5bde&shcp=6c17ea28&shp=1f0b6a75&t=555f072d,1732124228423746938,Sapot Skin,美妆与个护,护肤,1227,"【Flash Sale】FJ Alpha Arbutin Body Serum 500ml – Pampaputi ng katawan + Niacinamide + Gluta – Nakakaputi ng kili-kili, siko, tuhod – Fades pekas, pimple marks, sunburn & two-tone skin – Hindi malagkit, all skin types – Glow from head to toe!",4.6,是,₱58.00-₱229.00,https://affiliate.tiktok.com/api/v1/share/AKu7bNUzxGGC,,,,,,,,,,
,https://p16-oec-sg.ibyteimg.com/tos-alisg-i-aphluv4xwc-sg/26e0dc620e2a45eb92096f4cfb07fece~tplv-aphluv4xwc-resize-jpeg:600:600.jpeg?dr=15584&from=520841845&idc=my&ps=933b5bde&shcp=6c17ea28&shp=1f0b6a75&t=555f072d,1732281151480890746,Sapot Skin,美妆与个护,口腔鼻腔护理,14162,"【Buy 3 Take 2】FJ SIP-4 SP10 Probiotic Toothpaste, Fresh breath Cleaning Teeth tooth care Suitable forthe whole family, baking soda ,Enamel Repair Sensitivity Relief Stain Removal Bad Breath Reduces Plaque Fights Bad Dual-Effect Whitening",4.4,是,₱39.00-₱199.00,https://affiliate.tiktok.com/api/v1/share/AKu7Y8YipVpN,,,,,,,,,,
,https://p16-oec-sg.ibyteimg.com/tos-alisg-i-aphluv4xwc-sg/d29c1e51ddf742c6b826496f509ed17b~tplv-aphluv4xwc-resize-jpeg:600:600.jpeg?dr=15584&from=520841845&idc=my&ps=933b5bde&shcp=6c17ea28&shp=1f0b6a75&t=555f072d,1733035174222529914,Sapot Skin,美妆与个护,沐浴身体护理,2727,"【Buy 1 Take 2】FJ Niacinamide Whitening Body Cream 60ml – Pampaputi ng katawan, kili-kili, siko, tuhod – tanggal dark spots, pekas – with Gluta + Hyaluronic Acid – Fast-absorbing, hindi malagkit – Deep hydration for all skin types – COD",4.2,是,₱29.00-₱120.00,https://affiliate.tiktok.com/api/v1/share/AKu7bO8aRof5,,,,,,,,,,
,https://p16-oec-va.ibyteimg.com/tos-maliva-i-o3syd03w52-us/4ca26a848e454c25a997c266e54ffe7f~tplv-o3syd03w52-resize-jpeg:600:600.jpeg?dr=15584&from=520841845&idc=my&ps=933b5bde&shcp=6c17ea28&shp=1f0b6a75&t=555f072d,1731073490876531998,FJ-RunFei,美妆与个护,沐浴身体护理,21912,【Buy 1 Take 2】FJ Sakura Niacinamide Body Lotion 500ml Creamy texture Inaayos at pinapakalma ang balat Malalim na nagmoisturize at nagpapalusog sa balat Pinapabuti ang pagkatuyo at pagbabalat Pangangalaga sa balat ng Moisturizer Skincare Whitening Repair,4.7,是,₱29.00-₱399.00,https://affiliate.tiktok.com/api/v1/share/AKqzjkMyq9Y1,,,,,,,,,,
,https://p16-oec-sg.ibyteimg.com/tos-alisg-i-aphluv4xwc-sg/dcaa6e10ac5a4b8ab320934cc336f4e3~tplv-aphluv4xwc-resize-jpeg:600:600.jpeg?dr=15584&from=520841845&idc=my&ps=933b5bde&shcp=6c17ea28&shp=1f0b6a75&t=555f072d,1735247830067938822,Snoe PH,美妆与个护,护肤,48,[FDA Approved] FJ Portable SPF60 UV Plus Face Sunscreen 3in1 Whitening Moisture Lock easy to blend for all skin type brightening Fragrant sunscreen,5,是,₱59.00-₱159.00,https://affiliate.tiktok.com/api/v1/share/AKL5JPwJyxK5,,,,,,,,,,
,https://p16-oec-sg.ibyteimg.com/tos-alisg-i-aphluv4xwc-sg/c5978cc026344b15ad4ef5a3e31c42d4~tplv-aphluv4xwc-resize-jpeg:600:600.jpeg?dr=15584&from=520841845&idc=my&ps=933b5bde&shcp=6c17ea28&shp=1f0b6a75&t=555f072d,1735908367617066357,"REJURAN COSMETICS PHILIPPINES
主推",美妆与个护,护肤,5540,[REJURAN OFFICIAL] REJURAN Best Selling Ampoule DUO - 30ml & 30ml,4.7,是,"₱4,655.00",https://affiliate.tiktok.com/api/v1/share/AL5DM4bYvuxr,,,,,,,,,,
,https://p16-oec-sg.ibyteimg.com/tos-alisg-i-aphluv4xwc-sg/458c5309e7d24ee5b107627bb23e9c1d~tplv-aphluv4xwc-resize-jpeg:600:600.jpeg?dr=15584&from=520841845&idc=my&ps=933b5bde&shcp=6c17ea28&shp=1f0b6a75&t=555f072d,1736860617758311797,"REJURAN COSMETICS PHILIPPINES
主推",美妆与个护,护肤,2223,[REJURAN OFFICIAL] Most Pick Bundle-Dual effect Ampoule 30ml + Turnover Ampoule 30ml + Pore Toner Pad 220ml,4.7,是,"₱5,238.00",https://affiliate.tiktok.com/api/v1/share/ALLzDR9e4blJ,,,,,,,,,,
,https://p16-oec-sg.ibyteimg.com/tos-alisg-i-aphluv4xwc-sg/571320d5924b49df83c1ad26ef1378c7~tplv-aphluv4xwc-resize-jpeg:600:600.jpeg?dr=15584&from=520841845&idc=my&ps=933b5bde&shcp=6c17ea28&shp=1f0b6a75&t=555f072d,1734534374034736501,"REJURAN COSMETICS PHILIPPINES
主推
控佣15%",美妆与个护,护肤,15982,[REJURAN OFFICIAL] Dual Effect Ampoule - Olive Young Skin Rejuvenation Amouple 30ml/50ml,4.8,是,"₱2,077.00-₱3,003.00",https://affiliate.tiktok.com/api/v1/share/AKWvKNZeAzPE,,,,,,,,,,
,https://p16-oec-sg.ibyteimg.com/tos-alisg-i-aphluv4xwc-sg/a08dd9c34ff447fda2d2dd7afa0bbc8f~tplv-aphluv4xwc-resize-jpeg:600:600.jpeg?dr=15584&from=520841845&idc=my&ps=933b5bde&shcp=6c17ea28&shp=1f0b6a75&t=555f072d,1734537976246732149,REJURAN COSMETICS PHILIPPINES,美妆与个护,护肤,3028,[REJURAN OFFICIAL] Pore Tightening Duo - Toner Pad and Ampoule - The perfect pore solution for sensitive skin,4.9,是,"₱2,262.73",https://affiliate.tiktok.com/api/v1/share/AL1vpSMP9MtC,,,,,,,,,,
,https://p16-oec-sg.ibyteimg.com/tos-alisg-i-aphluv4xwc-sg/f508674d6bd2448e940306c12a7addab~tplv-aphluv4xwc-resize-jpeg:600:600.jpeg?dr=15584&from=520841845&idc=my&ps=933b5bde&shcp=6c17ea28&shp=1f0b6a75&t=555f072d,1734533532398355829,REJURAN COSMETICS PHILIPPINES,美妆与个护,护肤,12744,"[REJURAN OFFICIAL] Pore Tightening Toner Pad 220mL / 60 pads - Deep clean pores, calm sensitive",4.8,是,"₱1,190.00",https://affiliate.tiktok.com/api/v1/share/AKWvMWmDO4Bs,,,,,,,,,,
,https://p16-oec-sg.ibyteimg.com/tos-alisg-i-aphluv4xwc-sg/b881996a3bb04d01a8707fe84bd455b5~tplv-aphluv4xwc-resize-jpeg:600:600.jpeg?dr=15584&from=520841845&idc=my&ps=933b5bde&shcp=6c17ea28&shp=1f0b6a75&t=555f072d,1736807662029407605,"REJURAN COSMETICS PHILIPPINES

控佣15%",美妆与个护,护肤,186,"[REJURAN Official] Triple Radiance Ampoule 50ml, Long-Lasting Glow, for dull, uneven skin",5,是,"₱4,092.00",https://affiliate.tiktok.com/api/v1/share/ALLzDR9dnh7M,,,,,,,,,,
,https://p16-oec-sg.ibyteimg.com/tos-alisg-i-aphluv4xwc-sg/4986c2ef51ac467d903871347564739c~tplv-aphluv4xwc-resize-jpeg:600:600.jpeg?dr=15584&from=520841845&idc=my&ps=933b5bde&shcp=6c17ea28&shp=1f0b6a75&t=555f072d,1735859033931744629,"REJURAN COSMETICS PHILIPPINES

控佣15%",美妆与个护,护肤,1817,"[REJURAN OFFICIAL] REJURAN Pore Tightening Gel Mask - For Oily,Heated Skin & Visible Pores",4.9,是,"₱1,120.00",https://affiliate.tiktok.com/api/v1/share/AL1ykPDZf3VX,,,,,,,,,,
,https://p16-oec-sg.ibyteimg.com/tos-alisg-i-aphluv4xwc-sg/23b807af10e947819f9c0d5327e626f9~tplv-aphluv4xwc-resize-jpeg:600:600.jpeg?dr=15584&from=520841845&idc=my&ps=933b5bde&shcp=6c17ea28&shp=1f0b6a75&t=555f072d,1734536940011226485,REJURAN COSMETICS PHILIPPINES,美妆与个护,护肤,3607,[REJURAN OFFICIAL] Calming Lip balm 3.7g - Sensitive lips shea butter,4.9,是,₱893.00,https://affiliate.tiktok.com/api/v1/share/AKWvMWmFJHxJ,,,,,,,,,,
,https://p16-oec-sg.ibyteimg.com/tos-alisg-i-aphluv4xwc-sg/477d028656654275bf215303ae88a1b0~tplv-aphluv4xwc-resize-jpeg:600:600.jpeg?dr=15584&from=520841845&idc=my&ps=933b5bde&shcp=6c17ea28&shp=1f0b6a75&t=555f072d,1734535829619115381,"REJURAN COSMETICS PHILIPPINES

控佣15%",美妆与个护,护肤,1988,"[REJURAN OFFICIAL] Turnover Mask (5 sheets) - PDRN Serum Mask, selling 300 pack per day",4.7,是,"₱1,191.00-₱2,033.00",https://affiliate.tiktok.com/api/v1/share/AKWvMWmF2HtF,,,,,,,,,,
,https://p16-oec-sg.ibyteimg.com/tos-alisg-i-aphluv4xwc-sg/917e3bb150f548a7a11464950a4cf8a6~tplv-aphluv4xwc-resize-jpeg:600:600.jpeg?dr=15584&from=520841845&idc=my&ps=933b5bde&shcp=6c17ea28&shp=1f0b6a75&t=555f072d,1734530516918502773,REJURAN COSMETICS PHILIPPINES,美妆与个护,护肤,1631,"[REJURAN OFFICIAL] Pore Tightening Ampoule 30mL - Instant tightening for smooth, clear skin",4.7,是,"₱1,758.00",https://affiliate.tiktok.com/api/v1/share/AKWvKNZcngWm,,,,,,,,,,
,https://p16-oec-sg.ibyteimg.com/tos-alisg-i-aphluv4xwc-sg/c62d1aa331f944339d943bb5b539cb10~tplv-aphluv4xwc-resize-jpeg:600:600.jpeg?dr=15584&from=520841845&idc=my&ps=933b5bde&shcp=6c17ea28&shp=1f0b6a75&t=555f072d,1734536696361485685,REJURAN COSMETICS PHILIPPINES,美妆与个护,护肤,4159,[REJURAN OFFICIAL] Turnover Amouple 30mL - Skin Texture and Elasticity,4.8,是,"₱1,971.00-₱2,937.00",https://affiliate.tiktok.com/api/v1/share/AKWvKNZhkUA1,,,,,,,,,,
,https://p16-oec-sg.ibyteimg.com/tos-alisg-i-aphluv4xwc-sg/7091ad31c7124d1fbb3927c85558d9c1~tplv-aphluv4xwc-resize-jpeg:600:600.jpeg?dr=15584&from=520841845&idc=my&ps=933b5bde&shcp=6c17ea28&shp=1f0b6a75&t=555f072d,1734536824882955637,REJURAN COSMETICS PHILIPPINES,美妆与个护,护肤,2521,"[REJURAN OFFICIAL] UV Protection Balm 19g - Weightless, Soft, Powdery Finish",4.9,是,"₱1,152.00",https://affiliate.tiktok.com/api/v1/share/AKWvKNZjwymn,,,,,,,,,,
,https://p16-oec-sg.ibyteimg.com/tos-alisg-i-aphluv4xwc-sg/de0d8013705340cabfa2f4b34736c5ea~tplv-aphluv4xwc-resize-jpeg:600:600.jpeg?dr=15584&from=520841845&idc=my&ps=933b5bde&shcp=6c17ea28&shp=1f0b6a75&t=555f072d,1734537118729340277,REJURAN COSMETICS PHILIPPINES,美妆与个护,护肤,947,"[REJURAN OFFICIAL] Skin Protection Mask (5 Sheets) - PDRN Skin Barrier Mask, Full Bottle of Ampoule Included",4.9,是,"₱866.00-₱1,478.00",https://affiliate.tiktok.com/api/v1/share/AKWvKNZkE1TU,,,,,,,,,,
,https://p16-oec-sg.ibyteimg.com/tos-alisg-i-aphluv4xwc-sg/756c1b1d079c44e487af1b06e1655365~tplv-aphluv4xwc-resize-jpeg:600:600.jpeg?dr=15584&from=520841845&idc=my&ps=933b5bde&shcp=6c17ea28&shp=1f0b6a75&t=555f072d,1735867292914255221,REJURAN COSMETICS PHILIPPINES,美妆与个护,护肤,1596,[REJURAN OFFICIAL] Intensive Eye Cream 20mL - Jojoba Seed Oil and Squalane,4.8,是,"₱2,211.82",https://affiliate.tiktok.com/api/v1/share/AL7idTuuKMAN,,,,,,,,,,
,https://p16-oec-sg.ibyteimg.com/tos-alisg-i-aphluv4xwc-sg/d11bebeec24d4827809eb6ebd0d060fb~tplv-aphluv4xwc-resize-jpeg:600:600.jpeg?dr=15584&from=520841845&idc=my&ps=933b5bde&shcp=6c17ea28&shp=1f0b6a75&t=555f072d,1736807933428729205,REJURAN COSMETICS PHILIPPINES,美妆与个护,护肤,187,"[REJURAN Official] Triple Radiance Cream 50g, Long-lasting Glow Brighting, for dull and uneven skin.",5,是,"₱2,068.00",https://affiliate.tiktok.com/api/v1/share/ALLzEaQrxyjV,,,,,,,,,,
,https://p16-oec-sg.ibyteimg.com/tos-alisg-i-aphluv4xwc-sg/e3a5cf7bd2b6461d84a7ed1d74aae010~tplv-aphluv4xwc-resize-jpeg:600:600.jpeg?dr=15584&from=520841845&idc=my&ps=933b5bde&shcp=6c17ea28&shp=1f0b6a75&t=555f072d,1737197087210308981,REJURAN COSMETICS PHILIPPINES,美妆与个护,护肤,993,[REJURAN OFFICIAL]Triple Radiance DUO-Triple Radiance Ampoule 50ml+Triple Radiance Cream 50ml,4.8,是,"₱4,312.00",https://affiliate.tiktok.com/api/v1/share/ALLzEaQsn98n,,,,,,,,,,
,https://p16-oec-sg.ibyteimg.com/tos-alisg-i-aphluv4xwc-sg/9111bd47810c42eaae9cfa8d294f72f1~tplv-aphluv4xwc-resize-jpeg:600:600.jpeg?dr=15584&from=520841845&idc=my&ps=933b5bde&shcp=6c17ea28&shp=1f0b6a75&t=555f072d,1731121026901968648,"SHEGLAM Store PH
主推",美妆与个护,美容,493556,SHEGLAM Save It Laminating 3-In-1 Brow Gel Long-Lasting Waterproof Brow Setter Perfect Eyebrow Lightweight,4.8,是,₱199.00,https://affiliate.tiktok.com/api/v1/share/AKETISUdrMi2,,,,,,,,,,
,https://p16-oec-sg.ibyteimg.com/tos-alisg-i-aphluv4xwc-sg/c9871a0941db4e84b606b8a2262b3cd1~tplv-aphluv4xwc-resize-jpeg:600:600.jpeg?dr=15584&from=520841845&idc=my&ps=933b5bde&shcp=6c17ea28&shp=1f0b6a75&t=555f072d,1731139529156560648,"SHEGLAM Store PH
主推",美妆与个护,美容,80314,SHEGLAM Save It Laminating Brow Gel Long-Lasting Waterproof Brow Setter Perfect Eyebrow Lightweight,4.8,是,₱199.00,https://affiliate.tiktok.com/api/v1/share/AKGkbK0pMG5D,,,,,,,,,,
,https://p16-oec-sg.ibyteimg.com/tos-alisg-i-aphluv4xwc-sg/71de457be3a1468c9bf4d7dd3f7b5210~tplv-aphluv4xwc-resize-jpeg:600:600.jpeg?dr=15584&from=520841845&idc=my&ps=933b5bde&shcp=6c17ea28&shp=1f0b6a75&t=555f072d,1735260486336874248,"SHEGLAM Store PH
主推",美妆与个护,美容,6832,SHEGLAM Insta-Ready Sunset Blur Setting Powder,4.7,是,₱359.00,https://affiliate.tiktok.com/api/v1/share/ALLLefoMVtUu,,,,,,,,,,
,https://p16-oec-sg.ibyteimg.com/tos-alisg-i-aphluv4xwc-sg/a42a6bab0ca1417eb3fe8d6d8873a116~tplv-aphluv4xwc-resize-jpeg:600:600.jpeg?dr=15584&from=520841845&idc=my&ps=933b5bde&shcp=6c17ea28&shp=1f0b6a75&t=555f072d,1730803913418311432,"SHEGLAM Store PH
主推",美妆与个护,美容,169769,SHEGLAM Good Grip Hydrating Primer Full Size & 15ml Travel Size Viral Makeup Gripping Base Long Lasting Pore Blurring Hydrating Face Primer,4.8,是,₱183.40-₱382.43,https://affiliate.tiktok.com/api/v1/share/AKETISUda9TC,,,,,,,,,,
,https://p16-oec-sg.ibyteimg.com/tos-alisg-i-aphluv4xwc-sg/22202b0425544669b9219d1349549002~tplv-aphluv4xwc-resize-jpeg:600:600.jpeg?dr=15584&from=520841845&idc=my&ps=933b5bde&shcp=6c17ea28&shp=1f0b6a75&t=555f072d,1731088293819746056,SHEGLAM Store PH,美妆与个护,美容,256799,SHEGLAM Lock'D In Setting Spray Mattifying Effect Quick-Drying Long Lasting Makeup Locking Spray Oil-Control Non-Greasy Makeup Setting Matte Hydrating,4.8,是,₱389.00,https://affiliate.tiktok.com/api/v1/share/AKETIRugZiwI,,,,,,,,,,
,https://p16-oec-sg.ibyteimg.com/tos-alisg-i-aphluv4xwc-sg/780e9f2b335247dd88a57642af58d71f~tplv-aphluv4xwc-resize-jpeg:600:600.jpeg?dr=15584&from=520841845&idc=my&ps=933b5bde&shcp=6c17ea28&shp=1f0b6a75&t=555f072d,1730803906870478600,SHEGLAM Store PH,美妆与个护,美容,44796,SHEGLAM Sun Sculpt Liquid Contour,4.8,是,₱266.97,https://affiliate.tiktok.com/api/v1/share/AKGkbJg348Cu,,,,,,,,,,
,https://p16-oec-sg.ibyteimg.com/tos-alisg-i-aphluv4xwc-sg/8417baf1eef94ec3aa567146188975c3~tplv-aphluv4xwc-resize-jpeg:600:600.jpeg?dr=15584&from=520841845&idc=my&ps=933b5bde&shcp=6c17ea28&shp=1f0b6a75&t=555f072d,1730813369155028744,SHEGLAM Store PH,美妆与个护,美容,22859,SHEGLAM Lip Dazzler Glitter Kit,4.7,是,₱437.05,https://affiliate.tiktok.com/api/v1/share/AKGkbK0p5F8G,,,,,,,,,,
,https://p16-oec-va.ibyteimg.com/tos-maliva-i-o3syd03w52-us/f616f475743747ce8c2b497ec0722b81~tplv-o3syd03w52-resize-jpeg:600:600.jpeg?dr=15584&from=520841845&idc=my&ps=933b5bde&shcp=6c17ea28&shp=1f0b6a75&t=555f072d,1730844567681926920,SHEGLAM Store PH,美妆与个护,美容,21511,SHEGLAM Dynamatte Boom Long-Lasting Matte Lipstick (Ember Rose Ver.),4.7,是,₱353.55-₱370.38,https://affiliate.tiktok.com/api/v1/share/AKGkW8X5r1vn,,,,,,,,,,
,https://p16-oec-sg.ibyteimg.com/tos-alisg-i-aphluv4xwc-sg/e13f334a3c72487d9fc0be51ea8f3a03~tplv-aphluv4xwc-resize-jpeg:600:600.jpeg?dr=15584&from=520841845&idc=my&ps=933b5bde&shcp=6c17ea28&shp=1f0b6a75&t=555f072d,1731030155269080840,SHEGLAM Store PH,美妆与个护,美容,18642,SHEGLAM Good Grip Hydrating Primer Travel Size Oil Control Moisturizing Gel,4.8,是,₱189.00-₱394.00,https://affiliate.tiktok.com/api/v1/share/AKGkbJg3LIoc,,,,,,,,,,
,https://p16-oec-sg.ibyteimg.com/tos-alisg-i-aphluv4xwc-sg/b0723951c487408ebc4c2f1327bea434~tplv-aphluv4xwc-resize-jpeg:600:600.jpeg?dr=15584&from=520841845&idc=my&ps=933b5bde&shcp=6c17ea28&shp=1f0b6a75&t=555f072d,1731163571919816456,SHEGLAM Store PH,美妆与个护,美容,72152,SHEGLAM Lock'D In Setting Spray Mattifying Effect Quick-Drying Long Lasting Makeup Locking Spray Oil-Control Non-Greasy Makeup Setting Matte Hydrating,4.8,是,₱389.00,https://affiliate.tiktok.com/api/v1/share/AKGkW8X685I2,,,,,,,,,,
,https://p16-oec-va.ibyteimg.com/tos-maliva-i-o3syd03w52-us/a681ce815b2b494e93a3777321a390fc~tplv-o3syd03w52-resize-jpeg:600:600.jpeg?dr=15584&from=520841845&idc=my&ps=933b5bde&shcp=6c17ea28&shp=1f0b6a75&t=555f072d,1731365332054083336,SHEGLAM Store PH,美妆与个护,美容,13592,SHEGLAM Fall In Line Peel Off Lip Liner Stain,4.4,是,₱219.00,https://affiliate.tiktok.com/api/v1/share/AKGkbJg3cNsB,,,,,,,,,,
,https://p16-oec-va.ibyteimg.com/tos-maliva-i-o3syd03w52-us/d69cdca8a1114b9d834def3017d7b739~tplv-o3syd03w52-resize-jpeg:600:600.jpeg?dr=15584&from=520841845&idc=my&ps=933b5bde&shcp=6c17ea28&shp=1f0b6a75&t=555f072d,1731935393627735816,SHEGLAM Store PH,美妆与个护,美容,8713,SHEGLAM 2-In-1 Contour & Highlight Stick,4.8,是,₱222.32,https://affiliate.tiktok.com/api/v1/share/AKGkbK0pdFxn,,,,,,,,,,
,https://p16-oec-sg.ibyteimg.com/tos-alisg-i-aphluv4xwc-sg/9171393ef8f4441bbc839196984ec625~tplv-aphluv4xwc-resize-jpeg:600:600.jpeg?dr=15584&from=520841845&idc=my&ps=933b5bde&shcp=6c17ea28&shp=1f0b6a75&t=555f072d,1732451744394741512,SHEGLAM Store PH,美妆与个护,美容,9260,"SHEGLAM Immortality Lip Tint Heart Beat - Cruelty-Free, Lightweight Long-Lasting Formula for Flawless Vampire Look",4.7,是,₱215.00,https://affiliate.tiktok.com/api/v1/share/AKGkW8X6xNfV,,,,,,,,,,
,https://p16-oec-sg.ibyteimg.com/tos-alisg-i-aphluv4xwc-sg/9c1ce796953447d0a8730c6a08ecd8d4~tplv-aphluv4xwc-resize-jpeg:600:600.jpeg?dr=15584&from=520841845&idc=my&ps=933b5bde&shcp=6c17ea28&shp=1f0b6a75&t=555f072d,1732490914288600840,SHEGLAM Store PH,美妆与个护,美容,7605,SHEGLAM Lashlighter Infinite Tubing Mascara,4.7,是,₱289.00,https://affiliate.tiktok.com/api/v1/share/AKGkbJg7BsJ9,,,,,,,,,,
,https://p16-oec-sg.ibyteimg.com/tos-alisg-i-aphluv4xwc-sg/fb433527ac3443a593331ad90e611ca5~tplv-aphluv4xwc-resize-jpeg:600:600.jpeg?dr=15584&from=520841845&idc=my&ps=933b5bde&shcp=6c17ea28&shp=1f0b6a75&t=555f072d,1732650269150185224,SHEGLAM Store PH,美妆与个护,美容,14168,SHEGLAM Smooth & Blur Primer - Camera On Formula for Minimizing Texture & Improving Foundation Wear with Vitamin B12 & E,4.8,是,₱370.38,https://affiliate.tiktok.com/api/v1/share/AKGkbK0puRLa,,,,,,,,,,
,https://p16-oec-sg.ibyteimg.com/tos-alisg-i-aphluv4xwc-sg/7970f8b8596542d68319895427384ccc~tplv-aphluv4xwc-resize-jpeg:600:600.jpeg?dr=15584&from=520841845&idc=my&ps=933b5bde&shcp=6c17ea28&shp=1f0b6a75&t=555f072d,1735016913839228858,"YMAGA Food
跨境店
主推
控佣12%",食品饮料,零食,50302,【 10 Metal Tins per Box 】YMAGA Sugar Free Mint Candies Oral Aroma 5 Flavors Grape Passion Fruit Lime Cola Strawberry Fresh Breath Cool Sweet Hard Candy,4.8,否,₱129.00-₱248.00,https://affiliate.tiktok.com/api/v1/share/AKHlrr9OLYRB,,,,,,,,,,
,https://p16-oec-sg.ibyteimg.com/tos-alisg-i-aphluv4xwc-sg/d97a2e7e83df4a76bdf8a8e9cff785e4~tplv-aphluv4xwc-resize-jpeg:600:600.jpeg?dr=15584&from=520841845&idc=my&ps=933b5bde&shcp=6c17ea28&shp=1f0b6a75&t=555f072d,1735124147283462074,"YMAGA Food
主推",食品饮料,零食,2091,【 Added Probiotics 】YMAGA Sugar Free TeaLozenges Real Cold Brew Fresh Taste 0 Fat Rich in TeaPolyphenols Vitamin C Candy,4.6,否,₱79.00-₱239.00,https://affiliate.tiktok.com/api/v1/share/AKdLMsKkx74T,,,,,,,,,,
,https://p16-oec-sg.ibyteimg.com/tos-alisg-i-aphluv4xwc-sg/4f640f8631804539a0b96ba27b0d5081~tplv-aphluv4xwc-resize-jpeg:600:600.jpeg?dr=15584&from=520841845&idc=my&ps=933b5bde&shcp=6c17ea28&shp=1f0b6a75&t=555f072d,1734970084331063031,QYX Food,食品饮料,零食,1751,【 10 Metal Tins per Box 】YMAGA Sugar Free Mint Candies Oral Aroma 5 Flavors Grape Passion Fruit Lime Cola Strawberry Fresh Breath Cool Sweet Hard Candy,4.8,否,₱129.00-₱248.00,https://affiliate.tiktok.com/api/v1/share/AKLfJ8lPQJy9,,,,,,,,,,
,https://p16-oec-sg.ibyteimg.com/tos-alisg-i-aphluv4xwc-sg/ea51e7acdc874ba8914eabde93086dc6~tplv-aphluv4xwc-resize-jpeg:600:600.jpeg?dr=15584&from=520841845&idc=my&ps=933b5bde&shcp=6c17ea28&shp=1f0b6a75&t=555f072d,1735014600546944954,YMAGA Food,食品饮料,零食,718,【more than 600 pcs】YMAGA Mixed Fruit Flavor Fresh Breath Refreshing Cool Office Restaurant Festival Sugar Free Mint Candy Oral Aroma Sweet Hard Candy with Added Vitamin C,4.9,否,₱79.00-₱288.00,https://affiliate.tiktok.com/api/v1/share/AKHlmUTt012f,,,,,,,,,,
,https://p16-oec-sg.ibyteimg.com/tos-alisg-i-aphluv4xwc-sg/4e490ce4f61241b9bca46a79a8b9daf5~tplv-aphluv4xwc-resize-jpeg:600:600.jpeg?dr=15584&from=520841845&idc=my&ps=933b5bde&shcp=6c17ea28&shp=1f0b6a75&t=555f072d,1733386460557051639,QYX Food,食品饮料,零食,28585,【more than 600 pcs】QYX Mixed Fruit Flavor Fresh Breath Refreshing Cool Office Restaurant Festival Sugar Free Mint Candy Oral Aroma Sweet Hard Candy with Added Vitamin C,4.8,否,₱78.99-₱287.99,https://affiliate.tiktok.com/api/v1/share/AKHlmSLcCJCx,,,,,,,,,,
,https://p16-oec-sg.ibyteimg.com/tos-alisg-i-aphluv4xwc-sg/2ad4d942e02d4677a0244af44350bee3~tplv-aphluv4xwc-resize-jpeg:600:600.jpeg?dr=15584&from=520841845&idc=my&ps=933b5bde&shcp=6c17ea28&shp=1f0b6a75&t=555f072d,1735617895419905659,"Sissy shoes
主推
商家自建联12%",鞋靴,女鞋,26588,Sissy Shoes Women's Ballet Style Mary Jane Clogs Summer EVA Soft Sole Anti-Slip Breathable Two Way Wear Slippers & Sandals Closed Toe Hollow Out Casual Footwear Girl,4.8,是,₱184.32-₱189.51,https://affiliate.tiktok.com/api/v1/share/AL2TVwYI8nTt,,,,,,,,,,
,https://p16-oec-sg.ibyteimg.com/tos-alisg-i-aphluv4xwc-sg/555853f01a25472b80986dedb5618089~tplv-aphluv4xwc-resize-jpeg:600:600.jpeg?dr=15584&from=520841845&idc=my&ps=933b5bde&shcp=6c17ea28&shp=1f0b6a75&t=555f072d,1734372946549114491,"Sissy shoes
主推
商家自建联12%",鞋靴,女鞋,64577,Sissy Women's Korean Version Pointed Half Mules Mid-Heeled Casual Office Shoes in Brown Beige Black & Cream Colors Girl Fashion Classy Stylish Elegant,4.6,是,₱123.00,https://affiliate.tiktok.com/api/v1/share/AKNfyp9U8MJF,,,,,,,,,,
,https://p16-oec-sg.ibyteimg.com/tos-alisg-i-aphluv4xwc-sg/4e17e368b29448719facdb8ee4849674~tplv-aphluv4xwc-resize-jpeg:600:600.jpeg?dr=15584&from=520841845&idc=my&ps=933b5bde&shcp=6c17ea28&shp=1f0b6a75&t=555f072d,1733573095962019451,"Sissy shoes
商家自建联12%",鞋靴,女鞋,77854,Sissy Shoes New Simple Square Gloss Rubber Thick Heel High-Heeled Single Shoes Women's Casual Office Shoes with Bow Detail,4.6,是,₱122.78-₱149.55,https://affiliate.tiktok.com/api/v1/share/AKNfypLH2GGi,,,,,,,,,,
,https://p16-oec-sg.ibyteimg.com/tos-alisg-i-aphluv4xwc-sg/a1ed93ba3012445f88bada0ac6fb92c1~tplv-aphluv4xwc-resize-jpeg:600:600.jpeg?dr=15584&from=520841845&idc=my&ps=933b5bde&shcp=6c17ea28&shp=1f0b6a75&t=555f072d,1735031338468935291,"Sissy shoes
商家自建联12%",鞋靴,女鞋,10381,Sissy Shoes Women's Korean Fashion One Strap MARCHE Letter Printed Wedge Sandals Comfy Breathable Knit Light Classy Platform Slides Casual Women's Shoes,4.9,是,₱245.00,https://affiliate.tiktok.com/api/v1/share/AKNfypNDCkbW,,,,,,,,,,
,https://p16-oec-sg.ibyteimg.com/tos-alisg-i-aphluv4xwc-sg/fc18737505de4ac2aa05db2c38302a11~tplv-aphluv4xwc-resize-jpeg:600:600.jpeg?dr=15584&from=520841845&idc=my&ps=933b5bde&shcp=6c17ea28&shp=1f0b6a75&t=555f072d,1736155152462939771,"Sissy shoes
商家自建联12%",鞋靴,女鞋,7017,Sissy Shoes Eva Materials Korean Style Mary Jane Clogs Women's Breathable Hollow Out All-Match Summer Outdoor & Home Shoes Lightweight Anti-Slip Slip-On Sandals Black Beige White,4.6,是,₱159.00,https://affiliate.tiktok.com/api/v1/share/AL2TW4v4paZF,,,,,,,,,,
,https://p16-oec-sg.ibyteimg.com/tos-alisg-i-aphluv4xwc-sg/30d479850c9e43b7999deba90bcaca8f~tplv-aphluv4xwc-resize-jpeg:600:600.jpeg?dr=15584&from=520841845&idc=my&ps=933b5bde&shcp=6c17ea28&shp=1f0b6a75&t=555f072d,1734487345992009339,Sissy shoes,鞋靴,女鞋,7971,"Sissy Shoes Women’s Mesh Mary Jane Flats with Buckle | Trendy Jelly Cut-Out Shoes | Lightweight, Breathable & Comfy Casual Everyday Footwear",4.8,是,₱155.00,https://affiliate.tiktok.com/api/v1/share/AKNfypLI8eRr,,,,,,,,,,
,https://p16-oec-sg.ibyteimg.com/tos-alisg-i-aphluv4xwc-sg/666c08c2b54b4961ba13ad2f62e31926~tplv-aphluv4xwc-resize-jpeg:600:600.jpeg?dr=15584&from=520841845&idc=my&ps=933b5bde&shcp=6c17ea28&shp=1f0b6a75&t=555f072d,1734931798834841211,"Sissy shoes
商家自建联12%",鞋靴,女鞋,10343,Sissy Shoes Summer Women's French Square Head Thin Belt Versatile Elegant Flat Bottom Cool Slippers Girl Footwear,4.7,是,₱115.00,https://affiliate.tiktok.com/api/v1/share/AKNfypAw3NFe,,,,,,,,,,
,https://p16-oec-sg.ibyteimg.com/tos-alisg-i-aphluv4xwc-sg/03a76d1acf784e49a6027a9a25917dbe~tplv-aphluv4xwc-resize-jpeg:600:600.jpeg?dr=15584&from=520841845&idc=my&ps=933b5bde&shcp=6c17ea28&shp=1f0b6a75&t=555f072d,1735186246968313467,"Sissy shoes
商家自建联12%",儿童时尚,女童鞋,1850,Sissy Shoes Bow Square Toe Mary Jane Shoes Women's 2026 New Versatile Flat Gloss Rubber With Adjustable Buckle Casual Shoes Girl Stylish Footwear,4.8,是,₱167.00,https://affiliate.tiktok.com/api/v1/share/AKNfvnK4gFDW,,,,,,,,,,
,https://p16-oec-sg.ibyteimg.com/tos-alisg-i-aphluv4xwc-sg/13ce019b781f49578a2a94af09c21ca2~tplv-aphluv4xwc-resize-jpeg:600:600.jpeg?dr=15584&from=520841845&idc=my&ps=933b5bde&shcp=6c17ea28&shp=1f0b6a75&t=555f072d,1734757197293848187,"Sissy shoes
商家自建联12%",鞋靴,女鞋,3392,Sissy Shoes Sissy Summer Women's French Bow Strap Open Toes Comfortable Flat Slipper Outdoor & Indoor Walking Shoes - Girl,4.8,是,₱125.00,https://affiliate.tiktok.com/api/v1/share/AKNfvn0lxRhP,,,,,,,,,,
,https://p16-oec-sg.ibyteimg.com/tos-alisg-i-aphluv4xwc-sg/afbf040ec85447628a61aa221b081b5a~tplv-aphluv4xwc-resize-jpeg:600:600.jpeg?dr=15584&from=520841845&idc=my&ps=933b5bde&shcp=6c17ea28&shp=1f0b6a75&t=555f072d,1734018744989615739,"Sissy shoes
商家自建联12%",鞋靴,女鞋,15375,Sissy Women's Summer Flat Slippers Broken Outerwear Clip Toe Non-Slip Fashion Square Buckle Sandals Comfortable & Stylish,4.8,是,₱177.00,https://affiliate.tiktok.com/api/v1/share/AKNfvmyxDOeU,,,,,,,,,,
,https://p16-oec-sg.ibyteimg.com/tos-alisg-i-aphluv4xwc-sg/037148c6c841487ea6da2e07d5e09e7f~tplv-aphluv4xwc-resize-jpeg:600:600.jpeg?dr=15584&from=520841845&idc=my&ps=933b5bde&shcp=6c17ea28&shp=1f0b6a75&t=555f072d,1734400302497367675,Sissy shoes,鞋靴,女鞋,23723,Sissy Shoes Hollow Rubber Doll Shoes |Summer Flat Comfy Shoes with Adjustable Gold Buckle for Women's Footwear,4.7,是,₱165.10-₱178.65,https://affiliate.tiktok.com/api/v1/share/AKNfvmyxUJYn,,,,,,,,,,
,https://p16-oec-sg.ibyteimg.com/tos-alisg-i-aphluv4xwc-sg/944a7dd4e2f944b38e6532d0cf7f24e7~tplv-aphluv4xwc-resize-jpeg:600:600.jpeg?dr=15584&from=520841845&idc=my&ps=933b5bde&shcp=6c17ea28&shp=1f0b6a75&t=555f072d,1730688257862764155,Sissy shoes,鞋靴,男鞋,343,"Sissy Men's and Women's Non-Slip Eva Slide Classic Slippers for Indoor and Outdoor - Footwear, Flipflop Comfort Boy Walking Shoes",4.5,是,₱156.50-₱178.99,https://affiliate.tiktok.com/api/v1/share/AKfiSNhVCOoB,,,,,,,,,,
,https://p16-oec-sg.ibyteimg.com/tos-alisg-i-aphluv4xwc-sg/a21f07935a9d43048c7a9a2f1dcd1929~tplv-aphluv4xwc-resize-jpeg:600:600.jpeg?dr=15584&from=520841845&idc=my&ps=933b5bde&shcp=6c17ea28&shp=1f0b6a75&t=555f072d,1732728171784930939,Sissy shoes,鞋靴,女鞋,7322,Sissy Shoes Summer New Women's Sandals for Outdoor Wear Lightweight Soft-Sole Comfort Slip-Resistant Casual Sports Beach Shoes Mid Heel 3-5 Cm - Black,4.8,是,₱239.00,https://affiliate.tiktok.com/api/v1/share/AKNfvmyl7Aro,,,,,,,,,,
,https://p16-oec-sg.ibyteimg.com/tos-alisg-i-aphluv4xwc-sg/6a1f39b636764f5494df292d81c9ecfd~tplv-aphluv4xwc-resize-jpeg:600:600.jpeg?dr=15584&from=520841845&idc=my&ps=933b5bde&shcp=6c17ea28&shp=1f0b6a75&t=555f072d,1735487526693144187,Sissy shoes,鞋靴,女鞋,3946,Sissy Shoes Fashion Bow Decorated Thick Sole Slides 4colors Available Match All Outfits Soft Sole Comfortable French Causal Style Summer Women's Sandals & Slippers for Girl Footwear,4.8,是,₱139.00,https://affiliate.tiktok.com/api/v1/share/AKetBWC1CG7H,,,,,,,,,,
,https://p16-oec-sg.ibyteimg.com/tos-alisg-i-aphluv4xwc-sg/33f26982572a4e299861bba6043c5a32~tplv-aphluv4xwc-resize-jpeg:600:600.jpeg?dr=15584&from=520841845&idc=my&ps=933b5bde&shcp=6c17ea28&shp=1f0b6a75&t=555f072d,1731136674339260027,Sissy shoes,鞋靴,女鞋,136,"Sissy Women's Lightweight Eva Slippers for Summer, Indoor and Outdoor Comfort with One Strap - Footwear, Girl Slide Walking Shoes Flipflop",4.9,是,₱128.99,https://affiliate.tiktok.com/api/v1/share/AKfiL5Kw7NwR,,,,,,,,,,
,https://p16-oec-sg.ibyteimg.com/tos-alisg-i-aphluv4xwc-sg/7cefdc9e609746f4860e04ececcdb2af~tplv-aphluv4xwc-resize-jpeg:600:600.jpeg?dr=15584&from=520841845&idc=my&ps=933b5bde&shcp=6c17ea28&shp=1f0b6a75&t=555f072d,1731295254455617147,Sissy shoes,鞋靴,女鞋,155,"Sissy 2025 Women's Jelly Rubber H-Strap Slippers with 1-inch Heels for Summer Beach - Footwear, Girl",4.5,是,₱158.99,https://affiliate.tiktok.com/api/v1/share/AKfiSNhYmGuJ,,,,,,,,,,
,https://p16-oec-sg.ibyteimg.com/tos-alisg-i-aphluv4xwc-sg/09523a75ca6f4684af19aaa1e5be98f5~tplv-aphluv4xwc-resize-jpeg:600:600.jpeg?dr=15584&from=520841845&idc=my&ps=933b5bde&shcp=6c17ea28&shp=1f0b6a75&t=555f072d,1731687214281819771,Sissy shoes,鞋靴,女鞋,121,Sissy Women's Casual Sandals Open Toes Jelly Rubber 7CM High-Heeled Heels Stylish Korean Version Half Slippers Party Heels Girl Shoes Elegant Fashion Walking Shoes,4.8,是,₱169.00,https://affiliate.tiktok.com/api/v1/share/AKfiL5KwOMXw,,,,,,,,,,
,https://p16-oec-sg.ibyteimg.com/tos-alisg-i-aphluv4xwc-sg/d610c916d3ad4db998e75b933a281da3~tplv-aphluv4xwc-resize-jpeg:600:600.jpeg?dr=15584&from=520841845&idc=my&ps=933b5bde&shcp=6c17ea28&shp=1f0b6a75&t=555f072d,1732024466872567419,Sissy shoes,鞋靴,女鞋,197789,Sissy Shoes Women Stylish Slope Heels Pointed Bow Wrap Gloss Rubber Sandals Fairy Shoes 2025 New Summer French Red With Skirt Single Shoes Girl,4.6,是,₱111.60-₱131.85,https://affiliate.tiktok.com/api/v1/share/AKfiSNhZ3EfA,,,,,,,,,,
,https://p16-oec-sg.ibyteimg.com/tos-alisg-i-aphluv4xwc-sg/fc13dc8085ea47bab77c7cb656cc002d~tplv-aphluv4xwc-resize-jpeg:600:600.jpeg?dr=15584&from=520841845&idc=my&ps=933b5bde&shcp=6c17ea28&shp=1f0b6a75&t=555f072d,1735323363431581307,Sissy shoes,鞋靴,女鞋,144,Marche Sissy Shoes New Arrival Classic H-Shaped Strap Sandals Lightweight Breathable Summer Footwear For Women Comfortable Daily Wear Flat Girl,4.6,是,₱128.99,https://affiliate.tiktok.com/api/v1/share/AKetAaaAt7KU,,,,,,,,,,
,https://p16-oec-sg.ibyteimg.com/tos-alisg-i-aphluv4xwc-sg/c1757b80ab0d4a2ebe3b2b6aed40aba2~tplv-aphluv4xwc-resize-jpeg:600:600.jpeg?dr=15584&from=520841845&idc=my&ps=933b5bde&shcp=6c17ea28&shp=1f0b6a75&t=555f072d,1735473266903516795,Sissy shoes,鞋靴,女鞋,201,Marche Sissy Shoes French Style Elegant Bow Knot Decoration Open Toe Design Thick Platform Sole Non Slip Soft Bottom Ladies Outdoor Wear Sandals For Women Girl Footwear,4.6,是,₱138.99,https://affiliate.tiktok.com/api/v1/share/AKetE7VNM6z6,,,,,,,,,,
,https://p16-oec-sg.ibyteimg.com/tos-alisg-i-aphluv4xwc-sg/7590c7b71930497cae5e99d0fbf87ecd~tplv-aphluv4xwc-resize-jpeg:600:600.jpeg?dr=15584&from=520841845&idc=my&ps=933b5bde&shcp=6c17ea28&shp=1f0b6a75&t=555f072d,1735529470533469819,Sissy shoes,鞋靴,女鞋,91,Sissy Shoes Women's Summer Fashion Flat Sandals Elegant Rubber Cross Woven Strap Slides With Comfortable Soft Sole and Stylish Hollow-Out Design For Casual Daily Wear Girl Footwear,4.7,是,₱128.99,https://affiliate.tiktok.com/api/v1/share/AKetAaaDugwj,,,,,,,,,,
,https://p16-oec-sg.ibyteimg.com/tos-alisg-i-aphluv4xwc-sg/a319cc84018f4acc9d774cd7bd8e4c1a~tplv-aphluv4xwc-resize-jpeg:600:600.jpeg?dr=15584&from=520841845&idc=my&ps=933b5bde&shcp=6c17ea28&shp=1f0b6a75&t=555f072d,1735296141541148283,Sissy shoes,鞋靴,女鞋,38,Marche Sissy Shoes New Collection Ladies Gloss Rubber Middle Heels Elegant Thong Style Block Heels Ideal For Casual and Formal Outfit Classy & Stylish,5,是,₱187.00,https://affiliate.tiktok.com/api/v1/share/AKNfvnK8FlRN,,,,,,,,,,
,https://p16-oec-sg.ibyteimg.com/tos-alisg-i-aphluv4xwc-sg/6c9317c34d8344409e60a2d42797cbf3~tplv-aphluv4xwc-resize-jpeg:600:600.jpeg?dr=15584&from=520841845&idc=my&ps=933b5bde&shcp=6c17ea28&shp=1f0b6a75&t=555f072d,1735297144199415419,Sissy shoes,鞋靴,女鞋,2903,Sissy Shoes Women's Elegant Peep Toe Gloss Rubber Sandals with Bow Knot Design Adjustable Back Buckle Strap Two-Tone Color Heel Girl Footwear,4.5,是,₱197.00,https://affiliate.tiktok.com/api/v1/share/AKNfvn0wgFdG,,,,,,,,,,
,https://p16-oec-sg.ibyteimg.com/tos-alisg-i-aphluv4xwc-sg/69b30cc7a0e54eeebfe59c5bcff78aa3~tplv-aphluv4xwc-resize-jpeg:600:600.jpeg?dr=15584&from=520841845&idc=my&ps=933b5bde&shcp=6c17ea28&shp=1f0b6a75&t=555f072d,1732925145395791483,Sissy shoes,鞋靴,女鞋,9670,Sissy Women's Casual Square Toes 7CM Heeled Heels with Adjustable Two Strap Gloss Rubber Sweet Peep-Toe Chunky Heel Buckle Design Girl Stylish,4.7,是,₱185.00,https://affiliate.tiktok.com/api/v1/share/AKNfypLDSk9r,,,,,,,,,,
,https://p16-oec-sg.ibyteimg.com/tos-alisg-i-aphluv4xwc-sg/43da0c8c5401464f903bcdcb473f94d3~tplv-aphluv4xwc-resize-jpeg:600:600.jpeg?dr=15584&from=520841845&idc=my&ps=933b5bde&shcp=6c17ea28&shp=1f0b6a75&t=555f072d,1735186714109183611,Sissy shoes,鞋靴,女鞋,107,Sissy Shoes French Temperament High Heeled Women's Summer 2026 Sweet and Gentle Fairy Style Bow Round Toe Casual Shoes Office Shoes,4.2,是,₱167.00,https://affiliate.tiktok.com/api/v1/share/AKNfvn0uCqZ2,,,,,,,,,,
,https://p16-oec-sg.ibyteimg.com/tos-alisg-i-aphluv4xwc-sg/d7f06b8eba664a5d970e2c164f6ac4a1~tplv-aphluv4xwc-resize-jpeg:600:600.jpeg?dr=15584&from=520841845&idc=my&ps=933b5bde&shcp=6c17ea28&shp=1f0b6a75&t=555f072d,1732197142496315003,Sissy shoes,鞋靴,女鞋,35139,Sissy Shoes Vintage Square-Toe Chunky Heel Gloss Rubber Mary Jane Shoes Women's Classic Retro Flats For Work Daily Wear & Aesthetic Outfits Black,4.5,是,₱159.00,https://affiliate.tiktok.com/api/v1/share/AKNfvnHlxvU6,,,,,,,,,,
,https://p16-oec-sg.ibyteimg.com/tos-alisg-i-aphluv4xwc-sg/05e255ba46c44f3e9f3100683abefab9~tplv-aphluv4xwc-resize-jpeg:600:600.jpeg?dr=15584&from=520841845&idc=my&ps=933b5bde&shcp=6c17ea28&shp=1f0b6a75&t=555f072d,1732197944171923067,Sissy shoes,鞋靴,女鞋,19944,Sissy Shoes Women's Outdoor & Indoor Non-Slip Comfortable Two Strap With Adjustable Gold Buckle Soft Rubber Slippers For Daily Wear Girl,4.8,是,₱145.00,https://affiliate.tiktok.com/api/v1/share/AKNfyp9ESUqr,,,,,,,,,,
,https://p16-oec-sg.ibyteimg.com/tos-alisg-i-aphluv4xwc-sg/7ed3da8dad8c4fc7ba7a190f19cd66ab~tplv-aphluv4xwc-resize-jpeg:600:600.jpeg?dr=15584&from=520841845&idc=my&ps=933b5bde&shcp=6c17ea28&shp=1f0b6a75&t=555f072d,1732728514456946299,Sissy shoes,鞋靴,女鞋,10859,Sissy Women's Platform Borken Style Half Shoes 2025 Slip-On Clogs With Closed Toe Comfortable & Versatile Retro Design Shoes Girl Footwear,4.8,是,₱249.00,https://affiliate.tiktok.com/api/v1/share/AKNfypLBXKbx,,,,,,,,,,
,https://p16-oec-sg.ibyteimg.com/tos-alisg-i-aphluv4xwc-sg/49213c1c65054e29bba041e8fe7722c1~tplv-aphluv4xwc-resize-jpeg:600:600.jpeg?dr=15584&from=520841845&idc=my&ps=933b5bde&shcp=6c17ea28&shp=1f0b6a75&t=555f072d,1732770799980152443,Sissy shoes,鞋靴,女鞋,246,Sissy Shoes Flat French Toe Half Mule Slippers for Women 2025 Summer New Breathable Mesh Comfortable Half-Covered Sandals Ideal for All-Day Wear Walking Shoes Girl Footwear White Nails,4.5,是,₱105.00,https://affiliate.tiktok.com/api/v1/share/AKNfvnHrBtQ6,,,,,,,,,,
,https://p16-oec-sg.ibyteimg.com/tos-alisg-i-aphluv4xwc-sg/da75e6d083a6442c9a1d545d8132456e~tplv-aphluv4xwc-resize-jpeg:600:600.jpeg?dr=15584&from=520841845&idc=my&ps=933b5bde&shcp=6c17ea28&shp=1f0b6a75&t=555f072d,1732854817130907259,Sissy shoes,鞋靴,女鞋,29295,Sissy Shoes Women's Casual Summer Gloss Rubber Flat Sandals Low-Cut Design With Elegant Bow Decor Comfort Daily Wear Slip On Doll shoes Girl Flatform Running Footwear,4.6,是,₱137.00,https://affiliate.tiktok.com/api/v1/share/AKNfyp9EjbgC,,,,,,,,,,
,https://p16-oec-sg.ibyteimg.com/tos-alisg-i-aphluv4xwc-sg/a25671d3942e4b2eb9377d346026f28f~tplv-aphluv4xwc-resize-jpeg:600:600.jpeg?dr=15584&from=520841845&idc=my&ps=933b5bde&shcp=6c17ea28&shp=1f0b6a75&t=555f072d,1732868084085982843,Sissy shoes,鞋靴,女鞋,1706,Sissy Women's Fashionable Casual Block Heels Flat Mule with Pointed Toes Gloss Rubber Half Shoes for Comfortable Everyday Wear French Style Elegant Footwear,4.7,是,₱127.00,https://affiliate.tiktok.com/api/v1/share/AKNfvmyogw5z,,,,,,,,,,
,https://p16-oec-sg.ibyteimg.com/tos-alisg-i-aphluv4xwc-sg/4d776a6ba24a48f1918fb42df72d47c4~tplv-aphluv4xwc-resize-jpeg:600:600.jpeg?dr=15584&from=520841845&idc=my&ps=933b5bde&shcp=6c17ea28&shp=1f0b6a75&t=555f072d,1733067212412323451,Sissy shoes,鞋靴,女鞋,14858,Sissy Women's Square Toe 4CM Two Strap Vintage Slippers Summer French Fashion Versatile Thick Sole Comfort Slippers For Women Casual Shoes Girl Design Walking Shoes,4.8,是,₱211.53-₱216.92,https://affiliate.tiktok.com/api/v1/share/AKNfvnHrStQb,,,,,,,,,,
,https://p16-oec-sg.ibyteimg.com/tos-alisg-i-aphluv4xwc-sg/df6d2c04b36b4c65a908d4852a7ca32b~tplv-aphluv4xwc-resize-jpeg:600:600.jpeg?dr=15584&from=520841845&idc=my&ps=933b5bde&shcp=6c17ea28&shp=1f0b6a75&t=555f072d,1733460762612696699,Sissy shoes,鞋靴,女鞋,4422,Sissy Shoes Women's Retro Versatile Open-Toe T-Strap With Bow Design Roman Sandals Summer Outdoor Wear Middle Heels For Women Girl Footwear,4.6,是,₱169.00,https://affiliate.tiktok.com/api/v1/share/AKNfyp9JPJHn,,,,,,,,,,
,https://p16-oec-sg.ibyteimg.com/tos-alisg-i-aphluv4xwc-sg/1f2f1af76d95407ca73c2b33ced3105d~tplv-aphluv4xwc-resize-jpeg:600:600.jpeg?dr=15584&from=520841845&idc=my&ps=933b5bde&shcp=6c17ea28&shp=1f0b6a75&t=555f072d,1733461582141752955,Sissy shoes,鞋靴,女鞋,5245,Sissy Shoes New Fashinable Middle Heels Simply Open Toes X-Strap With Rhinestone Design Sandals For Women,4.8,是,₱185.00,https://affiliate.tiktok.com/api/v1/share/AKNfvmysGOs7,,,,,,,,,,
,https://p16-oec-sg.ibyteimg.com/tos-alisg-i-aphluv4xwc-sg/8c02736300a5460a981f71f978caa9ba~tplv-aphluv4xwc-resize-jpeg:600:600.jpeg?dr=15584&from=520841845&idc=my&ps=933b5bde&shcp=6c17ea28&shp=1f0b6a75&t=555f072d,1733644989534209659,Sissy shoes,鞋靴,女鞋,2229,Sissy Shoes Women's French 2inches Gloss Rubber Heels Pointed Toe Buckle Slope Office & Casual Shoes for Elegant Comfort,4.7,是,₱155.00,https://affiliate.tiktok.com/api/v1/share/AKNfvnHtODKZ,,,,,,,,,,
,https://p16-oec-sg.ibyteimg.com/tos-alisg-i-aphluv4xwc-sg/3a2dff0f40ba43c0aa62b607182a0faa~tplv-aphluv4xwc-resize-jpeg:600:600.jpeg?dr=15584&from=520841845&idc=my&ps=933b5bde&shcp=6c17ea28&shp=1f0b6a75&t=555f072d,1733766693514872443,Sissy shoes,鞋靴,女鞋,1365,Sissy Shoes Women's French Pointed Half Shoes With Bow Design 2inches Thick Heel Gloss Rubber Single Shoes for Stylish Comfort,4.7,是,₱159.00-₱169.00,https://affiliate.tiktok.com/api/v1/share/AKNfyp9RNnXJ,,,,,,,,,,
,https://p16-oec-sg.ibyteimg.com/tos-alisg-i-aphluv4xwc-sg/e7c0a88317634555b6209d13b1b06af0~tplv-aphluv4xwc-resize-jpeg:600:600.jpeg?dr=15584&from=520841845&idc=my&ps=933b5bde&shcp=6c17ea28&shp=1f0b6a75&t=555f072d,1734038600623556219,Sissy shoes,鞋靴,女鞋,3895,Sissy Women's French Style Bow Side Strap Gloss Rubber Round Toe 2inches Thick Heels Comfortable Casual Shoes for Girls,4.7,是,₱155.00,https://affiliate.tiktok.com/api/v1/share/AKNfypLHJQVx,,,,,,,,,,
,https://p16-oec-sg.ibyteimg.com/tos-alisg-i-aphluv4xwc-sg/8e2a682fe25445b9bf65b22899aab7c4~tplv-aphluv4xwc-resize-jpeg:600:600.jpeg?dr=15584&from=520841845&idc=my&ps=933b5bde&shcp=6c17ea28&shp=1f0b6a75&t=555f072d,1734267203867346555,Sissy shoes,鞋靴,女鞋,1249,Sissy Shoes Women's Summer Bow Shaped Square Flat Slippers Outdoor Open-Toe Beach Cool Slippers for Comfortable Wear Slide Girl Footwear,4.8,是,₱125.00,https://affiliate.tiktok.com/api/v1/share/AKNfvnHtwFtE,,,,,,,,,,
,https://p16-oec-sg.ibyteimg.com/tos-alisg-i-aphluv4xwc-sg/11510fb1b13149539a1846616d8542ea~tplv-aphluv4xwc-resize-jpeg:600:600.jpeg?dr=15584&from=520841845&idc=my&ps=933b5bde&shcp=6c17ea28&shp=1f0b6a75&t=555f072d,1734596436964247163,Sissy shoes,鞋靴,女鞋,2358,Sissy Shoes Women's Elegant Square Toe Sandals With Ring Metal Buckle Flat Slippers Chic and Comfy Slides for Girl,4.7,是,₱165.00,https://affiliate.tiktok.com/api/v1/share/AKNfypAvmLiF,,,,,,,,,,
,https://p16-oec-sg.ibyteimg.com/tos-alisg-i-aphluv4xwc-sg/ccf12ab61a794f1a8822b3d5bca88f50~tplv-aphluv4xwc-resize-jpeg:600:600.jpeg?dr=15584&from=520841845&idc=my&ps=933b5bde&shcp=6c17ea28&shp=1f0b6a75&t=555f072d,1734611937574880891,Sissy shoes,鞋靴,女鞋,542,Sissy Shoes Women's Summer Fashionable Simple Two Strap 2inches Low Heel Sandals For Girls Casual Footwear,4.8,是,₱145.00,https://affiliate.tiktok.com/api/v1/share/AKNfvnK2krBQ,,,,,,,,,,
,https://p16-oec-sg.ibyteimg.com/tos-alisg-i-aphluv4xwc-sg/5cf9d8e7878a4c1aa3c0c31cb144991e~tplv-aphluv4xwc-resize-jpeg:600:600.jpeg?dr=15584&from=520841845&idc=my&ps=933b5bde&shcp=6c17ea28&shp=1f0b6a75&t=555f072d,1734880426296641147,Sissy shoes,鞋靴,女鞋,625,Sissy Shoes Women's MARCHE Letter Printed Thick-Sole Muffin Sole Wide One Strap Comfy Outerwear Trend Cool Slippers,4.7,是,₱225.00,https://affiliate.tiktok.com/api/v1/share/AKNfypN6KMc5,,,,,,,,,,
,https://p16-oec-sg.ibyteimg.com/tos-alisg-i-aphluv4xwc-sg/4040b3ace60348dc84d63511b1fb1168~tplv-aphluv4xwc-resize-jpeg:600:600.jpeg?dr=15584&from=520841845&idc=my&ps=933b5bde&shcp=6c17ea28&shp=1f0b6a75&t=555f072d,1734934553043895931,Sissy shoes,鞋靴,女鞋,506,Sissy Shoes Women's Flip-flops Non-Slip Clip-Toe Butterfly Belt Slippers Outwear Fashion Seaside Beach Shoes Korean Version Round Toe Simple Cool Slippers,0,是,₱127.00,https://affiliate.tiktok.com/api/v1/share/AKNfvnK324lZ,,,,,,,,,,
,https://p16-oec-sg.ibyteimg.com/tos-alisg-i-aphluv4xwc-sg/2b76336247f1435abd7bebe1f01f8e1b~tplv-aphluv4xwc-resize-jpeg:600:600.jpeg?dr=15584&from=520841845&idc=my&ps=933b5bde&shcp=6c17ea28&shp=1f0b6a75&t=555f072d,1734990632221902459,Sissy shoes,鞋靴,女鞋,2278,Sissy Shoes Women's Summer Outerwear Korean Version Flat Soft Rubber Clip Toe Slipper With Two Adjustable Strap Daily Casual Style Slippers for Girl Footwear,4.7,是,₱147.00,https://affiliate.tiktok.com/api/v1/share/AKNfvn0sHbgg,,,,,,,,,,
,https://p16-oec-sg.ibyteimg.com/tos-alisg-i-aphluv4xwc-sg/3f9b8755b7c44a4eb65e84b019e7c525~tplv-aphluv4xwc-resize-jpeg:600:600.jpeg?dr=15584&from=520841845&idc=my&ps=933b5bde&shcp=6c17ea28&shp=1f0b6a75&t=555f072d,1735140275827148411,Sissy shoes,鞋靴,女鞋,746,Sissy Shoes Women's Summer Bow Cross Strap Soft Sole Cute Flat Slippers Beach Slippers for Girl Footwear,4.7,是,₱117.00,https://affiliate.tiktok.com/api/v1/share/AKNfypB4IuAT,,,,,,,,,,
,https://p16-oec-sg.ibyteimg.com/tos-alisg-i-aphluv4xwc-sg/c9159d2a647344baa84ffd266e7d9ca1~tplv-aphluv4xwc-resize-jpeg:600:600.jpeg?dr=15584&from=520841845&idc=my&ps=933b5bde&shcp=6c17ea28&shp=1f0b6a75&t=555f072d,1735187856196994683,Sissy shoes,鞋靴,女鞋,227,Sissy Shoes Women's Summer Soft Soled Flat Half Shoes With Bow Style Simply Comfortable Walking Shoes,4.1,是,₱107.00,https://affiliate.tiktok.com/api/v1/share/AKNfypNE1p3j,,,,,,,,,,
,https://p16-oec-sg.ibyteimg.com/tos-alisg-i-aphluv4xwc-sg/3a74069c93cc4aafb320efa34486899f~tplv-aphluv4xwc-resize-jpeg:600:600.jpeg?dr=15584&from=520841845&idc=my&ps=933b5bde&shcp=6c17ea28&shp=1f0b6a75&t=555f072d,1735287857054844539,Sissy shoes,鞋靴,女鞋,277,Sissy Shoes Women's Fashion Knotted Flat Flip Flops Minimalist Square Toe Design Comfortable Casual Summer Beach Sandals for Girl Footwear,4.8,是,₱117.00,https://affiliate.tiktok.com/api/v1/share/AKNfypB7sQWz,,,,,,,,,,
,https://p16-oec-sg.ibyteimg.com/tos-alisg-i-aphluv4xwc-sg/a5c113fe86da4f92b820d79e6f29bfcb~tplv-aphluv4xwc-resize-jpeg:600:600.jpeg?dr=15584&from=520841845&idc=my&ps=933b5bde&shcp=6c17ea28&shp=1f0b6a75&t=555f072d,1730531415480895463,"A&J Beauty and Wellness Shop
主推",美妆与个护,护肤,5025866,"[New Packaging] Hikari UltraFresh Sunscreen 50ML for all skin type, whitening, brightening, no white cast, easy to blend, sun protection",4.9,是,₱154.21-₱299.07,https://affiliate.tiktok.com/api/v1/share/AKWJQg6ORgwm,,,,,,,,,,
,https://p16-oec-sg.ibyteimg.com/tos-alisg-i-aphluv4xwc-sg/478a2db093a248b3b4de0551991f9234~tplv-aphluv4xwc-resize-jpeg:600:600.jpeg?dr=15584&from=520841845&idc=my&ps=933b5bde&shcp=6c17ea28&shp=1f0b6a75&t=555f072d,1730531338038446055,A&J Beauty and Wellness Shop,美妆与个护,护肤,1570856,"Hikari Rejuvenating Set for All Skin Types - Whitening, Brightening, Glowing Skin - Skin Repair, Skincare",4.8,是,₱202.92,https://affiliate.tiktok.com/api/v1/share/AKWJQfqrBAnR,,,,,,,,,,
,https://p16-oec-sg.ibyteimg.com/tos-alisg-i-aphluv4xwc-sg/89db2700caf14181a43a82a9c3729b5c~tplv-aphluv4xwc-resize-jpeg:600:600.jpeg?dr=15584&from=520841845&idc=my&ps=933b5bde&shcp=6c17ea28&shp=1f0b6a75&t=555f072d,1733461346477966845,"999 Battery Brandstore
主推",手机数码,手机配件,17927,"999 SANNINE COD AA/AAA size 1.5V Basic Disposable Carbon Zinc Battery – Stable Performance, Long Battery Life, Mercury-Free & Eco-Friendly, Leak-Proof",4.7,是,₱65.00-₱129.00,https://affiliate.tiktok.com/api/v1/share/AKXy7PZlu0hm,,,,,,,,,,
,https://p16-oec-sg.ibyteimg.com/tos-alisg-i-aphluv4xwc-sg/a6b4a81f08ad41f09547c25b30161457~tplv-aphluv4xwc-resize-jpeg:600:600.jpeg?dr=15584&from=520841845&idc=my&ps=933b5bde&shcp=6c17ea28&shp=1f0b6a75&t=555f072d,1733460502863054333,"999 Battery Brandstore
主推",手机数码,手机配件,4802,"999 SANNINE COD AA/AAA size 1.5V Upgraded Disposable Carbon Zinc Battery – Stable Performance, Long Battery Life, Mercury-Free & Eco-Friendly, Leak-Proof",4.8,是,₱75.00-₱149.00,https://affiliate.tiktok.com/api/v1/share/AKXy8UPSn26j,,,,,,,,,,
,https://p16-oec-sg.ibyteimg.com/tos-alisg-i-aphluv4xwc-sg/9b05a963d95e480fbd972ea80065f3bd~tplv-aphluv4xwc-resize-jpeg:600:600.jpeg?dr=15584&from=520841845&idc=my&ps=933b5bde&shcp=6c17ea28&shp=1f0b6a75&t=555f072d,1733461621519058429,999 Battery Brandstore,手机数码,手机配件,1127,"999 SANNINE COD AA/AAA size 1.5V High-Performance Disposable Alkaline Battery – Stable Performance, Long Battery Life, Mercury-Free & Eco-Friendly, Leak-Proof",4.8,是,₱159.00-₱359.00,https://affiliate.tiktok.com/api/v1/share/AKXy8Rl1oimt,,,,,,,,,,
,https://p16-oec-sg.ibyteimg.com/tos-alisg-i-aphluv4xwc-sg/aed98ff0ff8e45deaa50d393b9d042eb~tplv-aphluv4xwc-resize-jpeg:600:600.jpeg?dr=15584&from=520841845&idc=my&ps=933b5bde&shcp=6c17ea28&shp=1f0b6a75&t=555f072d,1733462698652567037,999 Battery Brandstore,手机数码,手机配件,130,"999 SANNINE COD D size 1.5V Basic Disposable Carbon Zinc Battery – Stable Performance, Long Battery Life, Mercury-Free & Eco-Friendly, Leak-Proof",4.8,是,₱59.00-₱269.00,https://affiliate.tiktok.com/api/v1/share/AKXy7P1TSmwN,,,,,,,,,,
,https://p16-oec-sg.ibyteimg.com/tos-alisg-i-aphluv4xwc-sg/1c019af835d149f4a527224fc53a9488~tplv-aphluv4xwc-resize-jpeg:600:600.jpeg?dr=15584&from=520841845&idc=my&ps=933b5bde&shcp=6c17ea28&shp=1f0b6a75&t=555f072d,1732064348091942731,"Kilala Philippines
主推",美妆与个护,眼耳护理,23754,"Kilala Cocktail-Inspired A Little Tipsy Collection/ Contact Lens 2 pcs (1 pair) 6 Month/ Lightly Sweet, Slightly Tipsy/Ice Extracted MilkPink/ 0-700 Graded/ 38% Water/DIA 14.2-14.5mm/Comfortable for Daily Use",4.8,是,₱139.00-₱348.00,https://affiliate.tiktok.com/api/v1/share/AKZVnyf0aOx6,,,,,,,,,,
,https://p16-oec-sg.ibyteimg.com/tos-alisg-i-aphluv4xwc-sg/719e9f6ba54e45f8baf13b786f96786b~tplv-aphluv4xwc-resize-jpeg:600:600.jpeg?dr=15584&from=520841845&idc=my&ps=933b5bde&shcp=6c17ea28&shp=1f0b6a75&t=555f072d,1732064297627977547,"Kilala Philippines
主推",美妆与个护,眼耳护理,18049,AI Girl Collection/ 5D Virtual Idol Eyes/ Jade Green Ceder Brown/ 2 pcs (1 pair) Contact Lens 6 Month 0-700 Graded/Comfortable for Daily Use/ 38% Water/DIA 14.2-14.5mm/ 3A-Tech Anti-Dry Anti-Redness Anti-Irritation,4.7,是,₱139.00-₱348.00,https://affiliate.tiktok.com/api/v1/share/AKZVnyf0JH9a,,,,,,,,,,
,https://p16-oec-sg.ibyteimg.com/tos-alisg-i-aphluv4xwc-sg/e3c72663b4ce44ad96a9fb07e03c4922~tplv-aphluv4xwc-resize-jpeg:600:600.jpeg?dr=15584&from=520841845&idc=my&ps=933b5bde&shcp=6c17ea28&shp=1f0b6a75&t=555f072d,1733528868733683531,"Kilala Philippines
主推",美妆与个护,眼耳护理,4448,Kilala True Glow Color Collection Contact Lens-Crystal Gray/ Crystal Green/Cold Water Black/Silk Brown - 1 Pair 0-700 Graded 6 Month Replace 38% Water/DIA 14.2-14.5mm-CNY2026,4.8,是,₱380.00,https://affiliate.tiktok.com/api/v1/share/AKZVnxxbKpZ6,,,,,,,,,,
,https://p16-oec-sg.ibyteimg.com/tos-alisg-i-aphluv4xwc-sg/8594a627069143a3be218092b2868062~tplv-aphluv4xwc-resize-jpeg:600:600.jpeg?dr=15584&from=520841845&idc=my&ps=933b5bde&shcp=6c17ea28&shp=1f0b6a75&t=555f072d,1732064052064847691,Kilala Philippines,美妆与个护,眼耳护理,6945,Kilala Full of Fruits Collection/ 2 pcs (1 pair) Contact Lens/ Comfortable for Daily Use/ Gallongrey StrawberryPink/ 6 Month 0-700 Graded/Fruit Juice Fresh & Soft/ Naturally Beautiful in Every Style/ 38% Water/DIA 14.2-14.5mm,4.8,是,₱139.00-₱348.00,https://affiliate.tiktok.com/api/v1/share/AKZVpgMRAmoB,,,,,,,,,,
,https://p16-oec-sg.ibyteimg.com/tos-alisg-i-aphluv4xwc-sg/c52961107f304bf8be7ab2b4a7990d89~tplv-aphluv4xwc-resize-jpeg:600:600.jpeg?dr=15584&from=520841845&idc=my&ps=933b5bde&shcp=6c17ea28&shp=1f0b6a75&t=555f072d,1735762513100572491,Kilala Philippines,美妆与个护,眼耳护理,8,Kilala Moist Honey Collection Smoothie Grey Contact Lens | 1 Pair 2pcs 6 Month Wear 0-700 Graded Lens 38% Water DIA 14-14.5mm Anti-Dry Anti-Redness Comfortable Daily Lens,4,是,₱169.00-₱380.00,https://affiliate.tiktok.com/api/v1/share/AKdz1eopXfX1,,,,,,,,,,
,https://p16-oec-sg.ibyteimg.com/tos-alisg-i-aphluv4xwc-sg/4b312daa88f04d4385693f899231a157~tplv-aphluv4xwc-resize-jpeg:600:600.jpeg?dr=15584&from=520841845&idc=my&ps=933b5bde&shcp=6c17ea28&shp=1f0b6a75&t=555f072d,1735762611846874955,Kilala Philippines,美妆与个护,眼耳护理,27,5D Virtual Idol Eyes Colored Lens | AI Girl Series Jade Green Ceder Brown 2pcs 6 Months Disposable Lens 0-700 Power All-Day Comfort,5,是,₱169.00-₱348.00,https://affiliate.tiktok.com/api/v1/share/AKdz1f6d2tzR,,,,,,,,,,
,https://p16-oec-sg.ibyteimg.com/tos-alisg-i-aphluv4xwc-sg/c66faa636b6e4479a6d1ec5cc8ab7b2f~tplv-aphluv4xwc-resize-jpeg:600:600.jpeg?dr=15584&from=520841845&idc=my&ps=933b5bde&shcp=6c17ea28&shp=1f0b6a75&t=555f072d,1735762783667390283,Kilala Philippines,美妆与个护,眼耳护理,123,Kilala A Little Tipsy Cocktail Collection | Ice Extracted MilkPink Contact Lens 1 Pair 6 Month Wear 0-700 Graded 38% Water DIA 14.2-14.5mm Comfort Daily Lens,5,是,₱169.00-₱348.00,https://affiliate.tiktok.com/api/v1/share/AKdz1eowxunf,,,,,,,,,,
,https://p16-oec-sg.ibyteimg.com/tos-alisg-i-aphluv4xwc-sg/b4ba3e65ed604bb3bc2400377f15f2a2~tplv-aphluv4xwc-resize-jpeg:600:600.jpeg?dr=15584&from=520841845&idc=my&ps=933b5bde&shcp=6c17ea28&shp=1f0b6a75&t=555f072d,1735762871660414795,Kilala Philippines,美妆与个护,眼耳护理,40,Kilala Yay Collection Tropical Vivid Colors | Yaycoralbrown Contact Lens 1 Pair 6 Month Wear 0-700 Graded 38% Water DIA 14.2-14.5mm Daily Comfort,5,是,₱169.00-₱348.00,https://affiliate.tiktok.com/api/v1/share/AKdz1eoxF0Dx,,,,,,,,,,
,https://p16-oec-sg.ibyteimg.com/tos-alisg-i-aphluv4xwc-sg/7911a25441a24dcf910272de84358eb1~tplv-aphluv4xwc-resize-jpeg:600:600.jpeg?dr=15584&from=520841845&idc=my&ps=933b5bde&shcp=6c17ea28&shp=1f0b6a75&t=555f072d,1735762938646595403,Kilala Philippines,美妆与个护,眼耳护理,25,Kilala Gallongrey StrawberryPink Lens | Fruits Series 2pcs 6 Months Disposable Lens Natural Look Comfortable for Daily Use,5,是,₱169.00-₱348.00,https://affiliate.tiktok.com/api/v1/share/AKdz1f6egyPM,,,,,,,,,,
,https://p16-oec-sg.ibyteimg.com/tos-alisg-i-aphluv4xwc-sg/eb99d3284c0e42b183f426dc6ebc5ac2~tplv-aphluv4xwc-resize-jpeg:600:600.jpeg?dr=15584&from=520841845&idc=my&ps=933b5bde&shcp=6c17ea28&shp=1f0b6a75&t=555f072d,1735762941668591435,Kilala Philippines,美妆与个护,眼耳护理,79,Kilala True Glow Color Collection Contact Lens-Crystal Gray/ Crystal Green/Cold Water Black/Silk Brown - 1 Pair 0-700 Graded 6 Month Replace 38% Water/DIA 14.2-14.5mm-CNY2026,5,是,₱380.00,https://affiliate.tiktok.com/api/v1/share/AKdz1ep1dZnP,,,,,,,,,,
,https://p16-oec-sg.ibyteimg.com/tos-alisg-i-aphluv4xwc-sg/2ff7979041bd43f6b0fd198e48c6909e~tplv-aphluv4xwc-resize-jpeg:600:600.jpeg?dr=15584&from=520841845&idc=my&ps=933b5bde&shcp=6c17ea28&shp=1f0b6a75&t=555f072d,1734192436894925949,"COMFII
主推",女士内衣,女士内衣,30663,COMFII Plus-size Strapless Seamless Bra ProvidesExcellent Breast Support with Beautiful Back Sports Bra Without Underwire,4.4,是,₱132.00-₱362.00,https://affiliate.tiktok.com/api/v1/share/AKXVJQeyOvPk,,,,,,,,,,
,https://p16-oec-sg.ibyteimg.com/tos-alisg-i-aphluv4xwc-sg/b5df13bf08ff40d382b44a26355b166c~tplv-aphluv4xwc-resize-jpeg:600:600.jpeg?dr=15584&from=520841845&idc=my&ps=933b5bde&shcp=6c17ea28&shp=1f0b6a75&t=555f072d,1735757196806095997,"COMFII
主推",女士内衣,女士内衣,6211,French Strapless Bra Invisible Anti-slip Push-up Cute Sexy Perfect for Summer Dresses,4.6,是,₱158.00,https://affiliate.tiktok.com/api/v1/share/AKuCD29nnwT9,,,,,,,,,,
,https://p16-oec-sg.ibyteimg.com/tos-alisg-i-aphluv4xwc-sg/d370e861fb3644ba9d52f67a2ab94859~tplv-aphluv4xwc-resize-jpeg:600:600.jpeg?dr=15584&from=520841845&idc=my&ps=933b5bde&shcp=6c17ea28&shp=1f0b6a75&t=555f072d,1734125352931918973,COMFII,女士内衣,女士内衣,6832,COMFII BUY 1 TAKE 1 Half thick COMFII cup withoutsteel ring soft support sexy gather bra smallchest flat chest gather show large cottonquality underwear,4.6,是,₱208.00,https://affiliate.tiktok.com/api/v1/share/AKXVQe5bkfJ6,,,,,,,,,,
,https://p16-oec-sg.ibyteimg.com/tos-alisg-i-aphluv4xwc-sg/86386df2a39247a2adf18f85556be351~tplv-aphluv4xwc-resize-jpeg:600:600.jpeg?dr=15584&from=520841845&idc=my&ps=933b5bde&shcp=6c17ea28&shp=1f0b6a75&t=555f072d,1734194791373374589,COMFII,女士内衣,女士内衣,5471,"Seamless push-up strapless bra with anti-slip design, offering soft support, skin-friendlycomfort for women's lingerie",4.4,是,₱226.00-₱626.00,https://affiliate.tiktok.com/api/v1/share/AKXVP6zk3PA3,,,,,,,,,,
,https://p16-oec-sg.ibyteimg.com/tos-alisg-i-aphluv4xwc-sg/abf95163afa7400d8e99d35a6ae26c03~tplv-aphluv4xwc-resize-jpeg:600:600.jpeg?dr=15584&from=520841845&idc=my&ps=933b5bde&shcp=6c17ea28&shp=1f0b6a75&t=555f072d,1732844522791273597,COMFII,女士内衣,女士内衣,525,【PH】Body Shaping Corset for Women Waist Control and Tummy Lift Hip Jumpsuit Plus Size Open Tummy Shaping Underwear Body Shaping Corset,4.4,是,₱222.00-₱628.00,https://affiliate.tiktok.com/api/v1/share/AKXVJQewTVwo,,,,,,,,,,
,https://p16-oec-sg.ibyteimg.com/tos-alisg-i-aphluv4xwc-sg/54017b2eacbc43ebb32aeeb5feaa9525~tplv-aphluv4xwc-resize-jpeg:600:600.jpeg?dr=15584&from=520841845&idc=my&ps=933b5bde&shcp=6c17ea28&shp=1f0b6a75&t=555f072d,1736092055705388157,COMFII,女士内衣,女士内衣,12,"Seamless, invisible foundation vest-style bra; makes large busts appear smaller; breathable for sports; feels comfortable like you're wearing nothing at all.",4.5,是,₱296.00,https://affiliate.tiktok.com/api/v1/share/AKuC9wkc8Es6,,,,,,,,,,
,https://p16-oec-sg.ibyteimg.com/tos-alisg-i-aphluv4xwc-sg/b9dc576f9c1d4982ad48ba52a92fc8ec~tplv-aphluv4xwc-resize-jpeg:600:600.jpeg?dr=15584&from=520841845&idc=my&ps=933b5bde&shcp=6c17ea28&shp=1f0b6a75&t=555f072d,1736404244512670997,"BC Home
主推",居家日用,装饰摆件,36705,[Buy 1 Take 1] Smokeless Jelly Candle Long Lasting Glass Gel Candle COD (S M L XL XXL),4.5,是,₱78.99-₱258.99,https://affiliate.tiktok.com/api/v1/share/ALOGe65tEd8O,,,,,,,,,,
,https://p16-oec-sg.ibyteimg.com/tos-alisg-i-aphluv4xwc-sg/dff883eb5ff341398fddb08cc873c0fc~tplv-aphluv4xwc-resize-jpeg:600:600.jpeg?dr=15584&from=520841845&idc=my&ps=933b5bde&shcp=6c17ea28&shp=1f0b6a75&t=555f072d,1735691920450619315,"WZY Outdoor & Garden
主推",居家日用,日常家居,13473,WZY Clear Tarpaulin Canvas Waterproof Trapal Heavy Duty Transparent Rainproof Cover for Tricycle SariSari Store COD,4.4,是,"₱145.00-₱1,625.00",https://affiliate.tiktok.com/api/v1/share/AKbt7EBmFk5Y,,,,,,,,,,
,https://p16-oec-sg.ibyteimg.com/tos-alisg-i-aphluv4xwc-sg/169e5de6e589412da981dcbbee9c2bbf~tplv-aphluv4xwc-resize-jpeg:600:600.jpeg?dr=15584&from=520841845&idc=my&ps=933b5bde&shcp=6c17ea28&shp=1f0b6a75&t=555f072d,1733025560433821531,"BC Kitchen
主推",家装建材,花园用品,61632,Unbreakable Acrylic Plates Set - Lightweight Tableware for Filipino Meals Adobo Halo-Halo Outdoor Picnics Family Dining Stylish Easy to Clean Perfect for Kids Daily Use,4.8,是,₱69.00-₱599.00,https://affiliate.tiktok.com/api/v1/share/AKqedT8xzVWW,,,,,,,,,,
,https://p16-oec-sg.ibyteimg.com/tos-alisg-i-aphluv4xwc-sg/eec74d9e53104684a1600296a7f71cbd~tplv-aphluv4xwc-resize-jpeg:600:600.jpeg?dr=15584&from=520841845&idc=my&ps=933b5bde&shcp=6c17ea28&shp=1f0b6a75&t=555f072d,1735697032878327731,WZY Outdoor & Garden,家装建材,花园用品,3263,WZY Coffee Brown Sunshade Net 98% Shading Rate Heavy Duty Shade Cloth Mesh for Balcony Patio Garden with Free Rope Hooks COD,4.5,是,"₱115.00-₱4,658.00",https://affiliate.tiktok.com/api/v1/share/AKbt7799t3ks,,,,,,,,,,
,https://p16-oec-sg.ibyteimg.com/tos-alisg-i-aphluv4xwc-sg/6457970c844d4540b6d73594c8e93ae8~tplv-aphluv4xwc-resize-jpeg:600:600.jpeg?dr=15584&from=520841845&idc=my&ps=933b5bde&shcp=6c17ea28&shp=1f0b6a75&t=555f072d,1735674641484253107,WZY Outdoor & Garden,居家日用,日常家居,438,[100% Waterproof] WZY Premium Double Silver Trapal Heavy Duty Rain Protection Cover + FREE 10M Installation Rope (Monsoon Ready),4.5,是,"₱318.00-₱4,529.00",https://affiliate.tiktok.com/api/v1/share/AKbt7EX9fQIC,,,,,,,,,,
,https://p16-oec-sg.ibyteimg.com/tos-alisg-i-aphluv4xwc-sg/b444a655c69844db8919bab6fc90200f~tplv-aphluv4xwc-resize-jpeg:600:600.jpeg?dr=15584&from=520841845&idc=my&ps=933b5bde&shcp=6c17ea28&shp=1f0b6a75&t=555f072d,1735688073725118387,WZY Outdoor & Garden,居家日用,日常家居,48,WZY Heavy Duty Waterproof Trapal Blue Orange Double-Sided Thick Rainproof Tarpaulin Canvas Tag-ulan Must-Have COD,3.7,是,"₱159.00-₱9,058.00",https://affiliate.tiktok.com/api/v1/share/AKbt7799cF3T,,,,,,,,,,
,https://p16-oec-sg.ibyteimg.com/tos-alisg-i-aphluv4xwc-sg/74828f72e5ac40d691a35d60cab19473~tplv-aphluv4xwc-resize-jpeg:600:600.jpeg?dr=15584&from=520841845&idc=my&ps=933b5bde&shcp=6c17ea28&shp=1f0b6a75&t=555f072d,1735695176615954355,WZY Outdoor & Garden,家装建材,花园用品,31,WZY Black Sunshade Net 88% Shading Rate Heavy Duty Shade Netting Cloth for Car Balcony Garden Taniman COD,5,是,"₱115.00-₱2,329.00",https://affiliate.tiktok.com/api/v1/share/AKbt7EX9wWvQ,,,,,,,,,,
,https://p16-oec-sg.ibyteimg.com/tos-alisg-i-aphluv4xwc-sg/ec43148d7f3a41399a78601e800c52fc~tplv-aphluv4xwc-resize-jpeg:600:600.jpeg?dr=15584&from=520841845&idc=my&ps=933b5bde&shcp=6c17ea28&shp=1f0b6a75&t=555f072d,1735343927640425807,"World Of Snacks 962
主推",食品饮料,零食,13499,ONLY Surprise Jelly beans and toys NINJA KING per pack Children's holiday gifts Birthday gifts,4.9,是,₱199.00,https://affiliate.tiktok.com/api/v1/share/AKcK3kTkD1tV,,,,,,,,,,
,https://p16-oec-sg.ibyteimg.com/tos-alisg-i-aphluv4xwc-sg/2524764a86c2494c80fae161311094dd~tplv-aphluv4xwc-resize-jpeg:600:600.jpeg?dr=15584&from=520841845&idc=my&ps=933b5bde&shcp=6c17ea28&shp=1f0b6a75&t=555f072d,1735336965715035471,"World Of Snacks 962
主推",食品饮料,零食,1566,"ONLY Flower Bouquet Surprise Jelly Beans with Building Blocks 24pcs Pack | Kids Candy Treats + Flower Toy, Birthday Gift, Party Favor, Goodie Bag Giveaway",4.9,是,₱199.00,https://affiliate.tiktok.com/api/v1/share/AKcK5thbRRl1,,,,,,,,,,
,https://p16-oec-sg.ibyteimg.com/tos-alisg-i-aphluv4xwc-sg/397554d95d0e40979277beadc2e18001~tplv-aphluv4xwc-resize-jpeg:600:600.jpeg?dr=15584&from=520841845&idc=my&ps=933b5bde&shcp=6c17ea28&shp=1f0b6a75&t=555f072d,1735562800236037455,"World Of Snacks 962
主推",食品饮料,零食,7673,【BUY 1 TAKE 1】COCO Juice Candy 320g Assorted Flavor Soft Chewy Fruit Candy with Juicy Jam Center | Mango Grape Strawberry Candy Snacks for Party Office Travel,4.9,是,₱115.00,https://affiliate.tiktok.com/api/v1/share/AKcK3kaxsdWt,,,,,,,,,,
,https://p16-oec-sg.ibyteimg.com/tos-alisg-i-aphluv4xwc-sg/3b317ad3d51f48cbb5b2a0edc4431951~tplv-aphluv4xwc-resize-jpeg:600:600.jpeg?dr=15584&from=520841845&idc=my&ps=933b5bde&shcp=6c17ea28&shp=1f0b6a75&t=555f072d,1729632331629431699,"Mahal Home store
主推",居家日用,收纳整理,579874,"10PCS Stainless Steel Clothes Hangers, Non-Slip Rubber Coated Metal Hanger, Space Saving Anti-Rust Hangers for Shirts Dresses Bras Towels Closet Organizer",4.8,是,₱50.00-₱66.76,https://affiliate.tiktok.com/api/v1/share/ALLyjqBWWHPm,,,,,,,,,,
,https://p16-oec-sg.ibyteimg.com/tos-alisg-i-aphluv4xwc-sg/9c3472d2b6f2423dae8d62ad1e3898ce~tplv-aphluv4xwc-resize-jpeg:600:600.jpeg?dr=15584&from=520841845&idc=my&ps=933b5bde&shcp=6c17ea28&shp=1f0b6a75&t=555f072d,1735575256639833423,World Of Snacks 962,食品饮料,零食,1074,"COCO Squeeze Candies 30pcs Pack | Apple Grape Strawberry Fruit Flavor Soft Gel Candy | Sweet Kids Snack for Baon, Party, Travel, Office & Sharing",4.8,是,₱135.00,https://affiliate.tiktok.com/api/v1/share/AKcK5tq9baZL,,,,,,,,,,
,https://p16-oec-sg.ibyteimg.com/tos-alisg-i-aphluv4xwc-sg/830d9b3d161946719681d3f3ab0a3a1c~tplv-aphluv4xwc-resize-jpeg:600:600.jpeg?dr=15584&from=520841845&idc=my&ps=933b5bde&shcp=6c17ea28&shp=1f0b6a75&t=555f072d,1732464425455617359,World Of Snacks 962,食品饮料,饮料,3324,BUY 1 TAKE 1 COCO KING Nata De Coco Drink 450g Fruity Jelly Drink Lychee Strawberry Grape Refreshing Chewy Dessert Drink,4.7,是,₱85.00,https://affiliate.tiktok.com/api/v1/share/AKcK3kMhoNyv,,,,,,,,,,
,https://p16-oec-sg.ibyteimg.com/tos-alisg-i-aphluv4xwc-sg/78edba9a716547698cce4e104ac6ca49~tplv-aphluv4xwc-resize-jpeg:600:600.jpeg?dr=15584&from=520841845&idc=my&ps=933b5bde&shcp=6c17ea28&shp=1f0b6a75&t=555f072d,1735016661546730831,World Of Snacks 962,食品饮料,零食,585,COCO Pudding Candy 368g Jar 80pcs | Soft Chewy Fruity Gummies Bonbon | Strawberry Grape Mango Durian Mangosteen Passion Fruit Sweet Snack for Party Sharing,4.9,是,₱85.00,https://affiliate.tiktok.com/api/v1/share/AKcK3krZPhN9,,,,,,,,,,
,https://p16-oec-sg.ibyteimg.com/tos-alisg-i-aphluv4xwc-sg/13e84da9df9a4653a2397ff6032d4e41~tplv-aphluv4xwc-resize-jpeg:600:600.jpeg?dr=15584&from=520841845&idc=my&ps=933b5bde&shcp=6c17ea28&shp=1f0b6a75&t=555f072d,1735320743403750735,World Of Snacks 962,食品饮料,零食,1527,"ONLY Happy Time Surprise Jelly Beans with Toy 24pcs Pack | Kids Candy Treats + Random Figure Toy, Birthday Gift, Party Favor, Goodie Bag Giveaway",4.9,是,₱199.00,https://affiliate.tiktok.com/api/v1/share/AKcJzEuBrK12,,,,,,,,,,
,https://p16-oec-sg.ibyteimg.com/tos-alisg-i-aphluv4xwc-sg/96ed1693e6ad4221b7406698700ae451~tplv-aphluv4xwc-resize-jpeg:600:600.jpeg?dr=15584&from=520841845&idc=my&ps=933b5bde&shcp=6c17ea28&shp=1f0b6a75&t=555f072d,1732464450257847631,World Of Snacks 962,食品饮料,零食,24944,"COCO Sunflower Seeds 500g Caramel / Five-Spice Flavor | Crunchy Roasted Seeds Snack Pack | Party Sharing Snacks for Family, Friends, Office & Movie Night",4.8,是,₱119.00,https://affiliate.tiktok.com/api/v1/share/AKcK3kkMZG4N,,,,,,,,,,
,https://p16-oec-sg.ibyteimg.com/tos-alisg-i-aphluv4xwc-sg/f5fe7f490e614967a59fd131dae88e1f~tplv-aphluv4xwc-resize-jpeg:600:600.jpeg?dr=15584&from=520841845&idc=my&ps=933b5bde&shcp=6c17ea28&shp=1f0b6a75&t=555f072d,1734931639011018063,World Of Snacks 962,食品饮料,零食,3785,"COCO Fruity Chewy Milk Candy 30 Tubes Box | 4 Flavors Grape Strawberry Blueberry Cola | Soft Sweet Bonbon Candy Snack for Kids, Baon, Merienda & Sharing",4.8,是,₱115.00,https://affiliate.tiktok.com/api/v1/share/AKcJzEtihyvL,,,,,,,,,,
,https://p16-oec-sg.ibyteimg.com/tos-alisg-i-aphluv4xwc-sg/0e366b181edb418eadfc6cd2fac19d6e~tplv-aphluv4xwc-resize-jpeg:600:600.jpeg?dr=15584&from=520841845&idc=my&ps=933b5bde&shcp=6c17ea28&shp=1f0b6a75&t=555f072d,1735017872205645135,World Of Snacks 962,食品饮料,零食,2542,【BUY 1 TAKE 1】COCO Krunch Crunchy Cereal Snack Jar 350+70g/170g | Choco Matcha Pistachio Flavor | Chocolate Glaze Cereal Snack for Sharing,4.4,是,₱72.89-₱204.67,https://affiliate.tiktok.com/api/v1/share/AKcK3kTB0vUk,,,,,,,,,,
,https://p16-oec-sg.ibyteimg.com/tos-alisg-i-aphluv4xwc-sg/8b59e22fb6924dd0be49db96d97c95a7~tplv-aphluv4xwc-resize-jpeg:600:600.jpeg?dr=15584&from=520841845&idc=my&ps=933b5bde&shcp=6c17ea28&shp=1f0b6a75&t=555f072d,1732464392575157583,World Of Snacks 962,食品饮料,零食,3220,COCO popping candy Absorbable jelly smoothie 30 pieces per box Three flavors-Strawberries / Grapes / Cola tastes better when refrigerated,4.8,是,₱119.00,https://affiliate.tiktok.com/api/v1/share/AKcJzEmIwLAx,,,,,,,,,,
,https://p16-oec-sg.ibyteimg.com/tos-alisg-i-aphluv4xwc-sg/40616947ef6a49119092fdf061c2be30~tplv-aphluv4xwc-resize-jpeg:600:600.jpeg?dr=15584&from=520841845&idc=my&ps=933b5bde&shcp=6c17ea28&shp=1f0b6a75&t=555f072d,1729685931719362895,World Of Snacks 962,食品饮料,零食,4634,"coco Ice Cream Cone 1KG Sharing Box | Chocolate & Strawberry Flavor | Crunchy Black Cone with Creamy Filling | Party Merienda Snack for Kids, Family & Friends",4.7,是,₱345.00,https://affiliate.tiktok.com/api/v1/share/AKcK3jywjYPB,,,,,,,,,,
,https://p16-oec-sg.ibyteimg.com/tos-alisg-i-aphluv4xwc-sg/498e8ab16aff4301be97ca24c5a7cc98~tplv-aphluv4xwc-resize-jpeg:600:600.jpeg?dr=15584&from=520841845&idc=my&ps=933b5bde&shcp=6c17ea28&shp=1f0b6a75&t=555f072d,1729694987818535247,World Of Snacks 962,食品饮料,零食,4297,"COCO Oat Choco Cereal Bars 400g Pack | 4 Flavors Original Chocolate Strawberry Matcha | Oatmeal Chocolate Snack for Breakfast, Baon, Office & Dessert",4.7,是,₱125.00,https://affiliate.tiktok.com/api/v1/share/AKcK3kMJ40fH,,,,,,,,,,
,https://p16-oec-sg.ibyteimg.com/tos-alisg-i-aphluv4xwc-sg/372e5b20a5ac49918beecdbda0dd2e17~tplv-aphluv4xwc-resize-jpeg:600:600.jpeg?dr=15584&from=520841845&idc=my&ps=933b5bde&shcp=6c17ea28&shp=1f0b6a75&t=555f072d,1729694988362615119,World Of Snacks 962,食品饮料,零食,16530,"Coco Pudding Candy -Strawberry,Grape,Mango,Mangosteen,Durian,Passion Fruit - Fun & Tasty Treat - 80pcs in 368g Jar",4.8,是,₱85.00,https://affiliate.tiktok.com/api/v1/share/AKcK3kk0IO40,,,,,,,,,,
,https://p16-oec-sg.ibyteimg.com/tos-alisg-i-aphluv4xwc-sg/420dc84b69224d4dba35429112825099~tplv-aphluv4xwc-resize-jpeg:600:600.jpeg?dr=15584&from=520841845&idc=my&ps=933b5bde&shcp=6c17ea28&shp=1f0b6a75&t=555f072d,1729698871905388879,World Of Snacks 962,食品饮料,零食,13418,coco fruity chewy milk candy-30 tubes 5pcs candy in a tube-Three flavors grapes strawberry pineapple,4.6,是,₱125.00,https://affiliate.tiktok.com/api/v1/share/AKcJzEmAPhJL,,,,,,,,,,
,https://p16-oec-sg.ibyteimg.com/tos-alisg-i-aphluv4xwc-sg/1aabbd5fe30d44c9a54809fdc06982db~tplv-aphluv4xwc-resize-jpeg:600:600.jpeg?dr=15584&from=520841845&idc=my&ps=933b5bde&shcp=6c17ea28&shp=1f0b6a75&t=555f072d,1730208566835120463,World Of Snacks 962,食品饮料,即食食品,34115,"BUY 1 TAKE 1 Hansung Korean Luncheon Meat 340g | Korean Brand Canned Meat | Great for Breakfast, Rice Meals, Sandwich, Noodles & Hotpot | Savory Ready-to-Cook Meat",4.8,是,₱188.00,https://affiliate.tiktok.com/api/v1/share/AKcK3jzKejxu,,,,,,,,,,
,https://p16-oec-sg.ibyteimg.com/tos-alisg-i-aphluv4xwc-sg/11236823254c485b8699ffc5f462ef64~tplv-aphluv4xwc-resize-jpeg:600:600.jpeg?dr=15584&from=520841845&idc=my&ps=933b5bde&shcp=6c17ea28&shp=1f0b6a75&t=555f072d,1734926917662180687,World Of Snacks 962,食品饮料,零食,207,COCO Premium Cream Bar 1KG Mixed Flavors Box | Chocolate Strawberry Matcha Cream Wafer Snack | Christmas Gift Dessert Bonbon | Long Shelf Life Sharing Treat,4.7,是,₱345.00,https://affiliate.tiktok.com/api/v1/share/AKcJzEmVJaXJ,,,,,,,,,,
,https://p16-oec-sg.ibyteimg.com/tos-alisg-i-aphluv4xwc-sg/401a7c3348ff427f877d78880ced73e1~tplv-aphluv4xwc-resize-jpeg:600:600.jpeg?dr=15584&from=520841845&idc=my&ps=933b5bde&shcp=6c17ea28&shp=1f0b6a75&t=555f072d,1734947930445284687,World Of Snacks 962,食品饮料,零食,1057,"【BUY 1 TAKE 1】COCO Sour Fruits Beans Chewy Candy 12 Packs Per Inner Box | 18g Fruity Sour Candy | Colorful Chewy Snack for Kids, Party Favors, School Baon & Merienda",4.7,是,₱105.00-₱109.00,https://affiliate.tiktok.com/api/v1/share/AKcK3k7HybJG,,,,,,,,,,
,https://p16-oec-sg.ibyteimg.com/tos-alisg-i-aphluv4xwc-sg/29f17f40b34642d19686c0a3a8bff5ba~tplv-aphluv4xwc-resize-jpeg:600:600.jpeg?dr=15584&from=520841845&idc=my&ps=933b5bde&shcp=6c17ea28&shp=1f0b6a75&t=555f072d,1734948914640749903,World Of Snacks 962,食品饮料,零食,427,"ONLY Sour Rainbow Candy 12g x 30pcs | Fruity Mixed Flavor Sour Candy | Compressed Candy Snack | Perfect for Sharing, School, Office & Casual Gathering",4.9,是,₱109.00-₱119.00,https://affiliate.tiktok.com/api/v1/share/AKcJzEtq8Jvb,,,,,,,,,,
,https://p16-oec-sg.ibyteimg.com/tos-alisg-i-aphluv4xwc-sg/b18ab1a6016a489bad69e04ee0ad2965~tplv-aphluv4xwc-resize-jpeg:600:600.jpeg?dr=15584&from=520841845&idc=my&ps=933b5bde&shcp=6c17ea28&shp=1f0b6a75&t=555f072d,1735338041918915919,World Of Snacks 962,食品饮料,零食,618,"ONLY Magic World Surprise Jelly Beans with Block Toy 24pcs Pack | Kids Candy Treats + Mini Figure Toy, Birthday Gift, Party Favor, Goodie Bag Giveaway",4.9,是,₱199.00,https://affiliate.tiktok.com/api/v1/share/AKcJzEuQQju3,,,,,,,,,,
,https://p16-oec-sg.ibyteimg.com/tos-alisg-i-aphluv4xwc-sg/15b9f8ed4087493a98894313f7649392~tplv-aphluv4xwc-resize-jpeg:600:600.jpeg?dr=15584&from=520841845&idc=my&ps=933b5bde&shcp=6c17ea28&shp=1f0b6a75&t=555f072d,1735345341751067983,World Of Snacks 962,食品饮料,零食,288,"ONLY Surprise Racing Jelly Beans with Mini Toy 24pcs Pack | Kids Candy Treats + Racing Toy Surprise, Birthday Gift, Party Favor, Goodie Bag Giveaway",4.9,是,₱199.00,https://affiliate.tiktok.com/api/v1/share/AKcK5thnGUHK,,,,,,,,,,
,https://p16-oec-sg.ibyteimg.com/tos-alisg-i-aphluv4xwc-sg/b2a115a5c958426b9cf866ec69d4c05e~tplv-aphluv4xwc-resize-jpeg:600:600.jpeg?dr=15584&from=520841845&idc=my&ps=933b5bde&shcp=6c17ea28&shp=1f0b6a75&t=555f072d,1735354234622149967,World Of Snacks 962,食品饮料,零食,369,"ONLY Surprise Jelly Beans with Soldier Figure Toy 24pcs Pack, Kids Candy Snack Gift, Birthday Giveaway, Party Favor, Loot Bag Treats, Holiday Gifts for Children",5,是,₱199.00,https://affiliate.tiktok.com/api/v1/share/AKcK5tpTX5gU,,,,,,,,,,
,https://p16-oec-sg.ibyteimg.com/tos-alisg-i-aphluv4xwc-sg/5b1d56abcbdf468db5c8fcece52727d4~tplv-aphluv4xwc-resize-jpeg:600:600.jpeg?dr=15584&from=520841845&idc=my&ps=933b5bde&shcp=6c17ea28&shp=1f0b6a75&t=555f072d,1735359287418324303,World Of Snacks 962,食品饮料,零食,706,"ONLY Surprise Jelly Beans with MECHA Building Block Toy 24pcs Pack, Kids Candy Snack Gift, Birthday Giveaway, Party Favor, Holiday Treats for Children",4.8,是,₱199.00,https://affiliate.tiktok.com/api/v1/share/AKcJzF2OIc8G,,,,,,,,,,
,https://p16-oec-sg.ibyteimg.com/tos-alisg-i-aphluv4xwc-sg/9220eaec030e4441b1e5dab63dd0c0d6~tplv-aphluv4xwc-resize-jpeg:600:600.jpeg?dr=15584&from=520841845&idc=my&ps=933b5bde&shcp=6c17ea28&shp=1f0b6a75&t=555f072d,1729635380453477267,Mahal Home store,居家日用,收纳整理,25334,kitchen rack 3-4-5 Layer Folding Kitchen Supplies Racks Installation-free Foldable Steel Shelf Racks With Wheels Organiser,4.6,是,"₱1,358.76-₱1,958.76",https://affiliate.tiktok.com/api/v1/share/ALLyjpZQyGXi,,,,,,,,,,
,https://p16-oec-sg.ibyteimg.com/tos-alisg-i-aphluv4xwc-sg/8232fdf14c3342969bfd9e559289216a~tplv-aphluv4xwc-resize-jpeg:600:600.jpeg?dr=15584&from=520841845&idc=my&ps=933b5bde&shcp=6c17ea28&shp=1f0b6a75&t=555f072d,1729636106147957651,Mahal Home store,运动户外,露营徒步装备,8499,Foldable Table 6ft 4ft Folding Half Table Outdoor Long Portable Table Dining Camping Table Picnic Table Rectangular Table Outdoor Home On Sale,4.7,是,"₱988.00-₱2,298.76",https://affiliate.tiktok.com/api/v1/share/ALLyjqBWnKME,,,,,,,,,,
,https://p16-oec-sg.ibyteimg.com/tos-alisg-i-aphluv4xwc-sg/072375453ec645b2a2e156ca05be4400~tplv-aphluv4xwc-resize-jpeg:600:600.jpeg?dr=15584&from=520841845&idc=my&ps=933b5bde&shcp=6c17ea28&shp=1f0b6a75&t=555f072d,1729674115929312147,Mahal Home store,家用电器,生活电器,16570,"6"" Solar Fan 5500mah Emergency AC/DC Rechargeable LED Light Solar Panel Desk Fan",4.3,是,"₱799.00-₱1,799.00",https://affiliate.tiktok.com/api/v1/share/ALLyjpZRFFfP,,,,,,,,,,
,https://p16-oec-sg.ibyteimg.com/tos-alisg-i-aphluv4xwc-sg/9a7ed600a23e4cfc948d25d01f8f0e32~tplv-aphluv4xwc-resize-jpeg:600:600.jpeg?dr=15584&from=520841845&idc=my&ps=933b5bde&shcp=6c17ea28&shp=1f0b6a75&t=555f072d,1729680441084644243,Mahal Home store,居家日用,收纳整理,8596,3 Layer Kitchen Rack Organizer Moving Rack Bedroom Bathroom Storage Shelf Wall Cabinets Rack Organizer Trolley Multicolor Steel,4.6,是,"₱388.76-₱1,298.76",https://affiliate.tiktok.com/api/v1/share/ALLyjqBX4OMK,,,,,,,,,,
,https://p16-oec-sg.ibyteimg.com/tos-alisg-i-aphluv4xwc-sg/f10d3c50af494fbe8ac8ce4466ec3eb2~tplv-aphluv4xwc-resize-jpeg:600:600.jpeg?dr=15584&from=520841845&idc=my&ps=933b5bde&shcp=6c17ea28&shp=1f0b6a75&t=555f072d,1730428797170584467,Mahal Home store,居家日用,收纳整理,35288,3 Tier Trolley Cart Organizer For Baby Utility Trolley Carbon Steel Cart with 4 Wide Baskets 3 Narrow Baskets and 3 Hanging Buckets Metal Hangable 80KG Load Capacity,4.6,是,"₱388.76-₱1,298.76",https://affiliate.tiktok.com/api/v1/share/ALLyjpZRnQeO,,,,,,,,,,
,https://p16-oec-sg.ibyteimg.com/tos-alisg-i-aphluv4xwc-sg/db31893dbbc74accab330f37cb659dc4~tplv-aphluv4xwc-resize-jpeg:600:600.jpeg?dr=15584&from=520841845&idc=my&ps=933b5bde&shcp=6c17ea28&shp=1f0b6a75&t=555f072d,1730860377469717395,Mahal Home store,家用电器,生活电器,1267,"Solar Rechargeable Desk Fan with Solar Panel & LED Bulb, 2400mAh Portable Electric Fan, 2 Speed Low Noise Cooling Fan for Home Outdoor Brownout Emergency",4.3,是,₱798.76-₱999.00,https://affiliate.tiktok.com/api/v1/share/ALLyjqBXLVJH,,,,,,,,,,
,https://p16-oec-sg.ibyteimg.com/tos-alisg-i-aphluv4xwc-sg/9924e8c74a0541ec82e6b9b18a37773c~tplv-aphluv4xwc-resize-jpeg:600:600.jpeg?dr=15584&from=520841845&idc=my&ps=933b5bde&shcp=6c17ea28&shp=1f0b6a75&t=555f072d,1730897098520169363,Mahal Home store,居家日用,收纳整理,3345,10Pcs Portable Colorful Stainless Steel Anti-slip Clip/ Closet Space Saving Storage Clip With Hook Hangers Organiser Laundry Hanging,4.7,是,₱49.76,https://affiliate.tiktok.com/api/v1/share/ALLyjpZS4YO8,,,,,,,,,,
,https://p16-oec-sg.ibyteimg.com/tos-alisg-i-aphluv4xwc-sg/5b12a2c461774627af0382c46f0fb9bd~tplv-aphluv4xwc-resize-jpeg:600:600.jpeg?dr=15584&from=520841845&idc=my&ps=933b5bde&shcp=6c17ea28&shp=1f0b6a75&t=555f072d,1730897131609295763,Mahal Home store,居家日用,收纳整理,3305,"8-Hook Wooden Closet Organizer Hanger, Space-Saving Multi-Purpose Metal Hook Holder for Bras, Belts, Ties, Scarves, Bags & Accessories",4.6,是,₱39.76-₱189.76,https://affiliate.tiktok.com/api/v1/share/ALLyjqBXtUdh,,,,,,,,,,
,https://p16-oec-va.ibyteimg.com/tos-maliva-i-o3syd03w52-us/7286b1ba9ded4899bf96855cafaab7e2~tplv-o3syd03w52-resize-jpeg:600:600.jpeg?dr=15584&from=520841845&idc=my&ps=933b5bde&shcp=6c17ea28&shp=1f0b6a75&t=555f072d,1734286926899348927,"CoolBoy.PH
主推",儿童时尚,男童服装,63101,"(COD) Summer Boys' T-Shirt Loose Round Neck Short Sleeve Simple Stylish Magical Dirty Braid Trendy Boy Black Dinosaur Cartoon Character Anime Print Fashion Versatile Breathable Comfort Top, Suitable for Ages 90-150 and 3-14",4.7,是,₱154.96-₱269.88,https://affiliate.tiktok.com/api/v1/share/AKgnrp8xAjgH,,,,,,,,,,
,https://p16-oec-va.ibyteimg.com/tos-maliva-i-o3syd03w52-us/1b2cd02a533f4b4196b66425ce0cf43e~tplv-o3syd03w52-resize-jpeg:600:600.jpeg?dr=15584&from=520841845&idc=my&ps=933b5bde&shcp=6c17ea28&shp=1f0b6a75&t=555f072d,1734661438434739647,"CoolBoy.PH
主推",儿童时尚,男童服装,19990,"(COD) Summer Boys' T-Shirt Loose Round Neck Short Sleeve Simple Stylish Magical Dirty Braid Trendy Boy Black Dinosaur Cartoon Character Anime Print Fashion Versatile Breathable Comfort Top, Suitable for Ages 90-150 and 3-14",4.7,是,₱154.96-₱269.88,https://affiliate.tiktok.com/api/v1/share/AKgnrp8FiwRK,,,,,,,,,,
,https://p16-oec-sg.ibyteimg.com/tos-alisg-i-aphluv4xwc-sg/8d654151e81b401089a92a736035af1d~tplv-aphluv4xwc-resize-jpeg:600:600.jpeg?dr=15584&from=520841845&idc=my&ps=933b5bde&shcp=6c17ea28&shp=1f0b6a75&t=555f072d,1735147570313004479,"CoolBoy.PH
主推",儿童时尚,男童服装,14812,"(COD) Summer Boys' T-Shirt Loose Round Neck Short Sleeve Simple Stylish Magical Dirty Braid Trendy Boy Black Dinosaur Cartoon Character Anime Print Fashion Versatile Breathable Comfort Top, Suitable for Ages 90-150 and 3-14",4.7,是,₱154.96-₱270.30,https://affiliate.tiktok.com/api/v1/share/AKgnplOMRanR,,,,,,,,,,
,https://p16-oec-sg.ibyteimg.com/tos-alisg-i-aphluv4xwc-sg/d38f05e03dc84b47afa642bfa8273aaf~tplv-aphluv4xwc-resize-jpeg:600:600.jpeg?dr=15584&from=520841845&idc=my&ps=933b5bde&shcp=6c17ea28&shp=1f0b6a75&t=555f072d,1736943441141401023,"CoolBoy.PH
主推",儿童时尚,男童服装,1912,"(COD) Summer Boys' T-Shirt Loose Round Neck Short Sleeve Simple Stylish Magical Dirty Braid Trendy baby tee for women Black Dinosaur Cartoon Character Anime Print Fashion Versatile Breathable Comfort Top, Suitable for 3-14 baby tee for women",4.8,是,₱149.00-₱259.94,https://affiliate.tiktok.com/api/v1/share/ALJNracTpCkY,,,,,,,,,,
,https://p16-oec-sg.ibyteimg.com/tos-alisg-i-aphluv4xwc-sg/18e9fa9893164a5f9130d62ee1c5a554~tplv-aphluv4xwc-resize-jpeg:600:600.jpeg?dr=15584&from=520841845&idc=my&ps=933b5bde&shcp=6c17ea28&shp=1f0b6a75&t=555f072d,1736094120673445311,CoolBoy.PH,儿童时尚,男童服装,2748,"(COD) Summer Boys' T-Shirt Loose Round Neck Short Sleeve Simple Stylish Magical Dirty Braid Trendy Boy Black Dinosaur Cartoon Character Anime Print Fashion Versatile Breathable Comfort Top, Suitable for Ages 90-150 and 3-14",4.7,是,₱149.00-₱259.90,https://affiliate.tiktok.com/api/v1/share/ALJNsWlBkUCp,,,,,,,,,,
,https://p16-oec-sg.ibyteimg.com/tos-alisg-i-aphluv4xwc-sg/f21d5e5995144d4f95ba3bd855a707c9~tplv-aphluv4xwc-resize-jpeg:600:600.jpeg?dr=15584&from=520841845&idc=my&ps=933b5bde&shcp=6c17ea28&shp=1f0b6a75&t=555f072d,1736064877828146623,CoolBoy.PH,儿童时尚,男童服装,2348,"(COD) Summer Boys' T-Shirt Loose Round Neck Short Sleeve Simple Stylish Magical Dirty Braid Trendy Boy Black Dinosaur Cartoon Character Anime Print Fashion Versatile Breathable Comfort Top, Suitable for Ages 90-150 and 3-14",4.7,是,₱149.00-₱259.90,https://affiliate.tiktok.com/api/v1/share/ALHZtHNqYUn6,,,,,,,,,,
,https://p16-oec-sg.ibyteimg.com/tos-alisg-i-aphluv4xwc-sg/2dcaf375fa324ae09f742e023f5ce1bd~tplv-aphluv4xwc-resize-jpeg:600:600.jpeg?dr=15584&from=520841845&idc=my&ps=933b5bde&shcp=6c17ea28&shp=1f0b6a75&t=555f072d,1735567693915194815,CoolBoy.PH,儿童时尚,男童服装,5647,"(COD) Summer Boys' T-Shirt Loose Round Neck Short Sleeve Simple Stylish Magical Dirty Braid Trendy Boy Black Dinosaur Cartoon Character Anime Print Fashion Versatile Breathable Comfort Top, Suitable for Ages 90-150 and 3-14",4.8,是,₱149.00-₱259.90,https://affiliate.tiktok.com/api/v1/share/AL1KODVlQl7z,,,,,,,,,,
,https://p16-oec-sg.ibyteimg.com/tos-alisg-i-aphluv4xwc-sg/d47d19b5376e495c99db453c149411a0~tplv-aphluv4xwc-resize-jpeg:600:600.jpeg?dr=15584&from=520841845&idc=my&ps=933b5bde&shcp=6c17ea28&shp=1f0b6a75&t=555f072d,1736243085223691711,CoolBoy.PH,儿童时尚,男童服装,1993,"(COD) Summer Boys' T-Shirt Loose Round Neck Short Sleeve Simple Stylish Magical Dirty Braid Trendy Boy Black Dinosaur Cartoon Character Anime Print Fashion Versatile Breathable Comfort Top, Suitable for Ages 90-150 and 3-14",4.7,是,₱149.00-₱259.90,https://affiliate.tiktok.com/api/v1/share/ALHZrRQuFY3m,,,,,,,,,,
,https://p16-oec-va.ibyteimg.com/tos-maliva-i-o3syd03w52-us/d469103e90574fcbb361e003948e7712~tplv-o3syd03w52-resize-jpeg:600:600.jpeg?dr=15584&from=520841845&idc=my&ps=933b5bde&shcp=6c17ea28&shp=1f0b6a75&t=555f072d,1731577815799334335,CoolBoy.PH,儿童时尚,男童服装,37065,"(COD) Summer Boys' T-Shirt Loose Round Neck Short Sleeve Simple Stylish Magical Dirty Braid Trendy Boy Black Dinosaur Cartoon Character Anime Print Fashion Versatile Breathable Comfort Top, Suitable for Ages 90-150 and 3-14",4.7,是,₱154.96-₱270.30,https://affiliate.tiktok.com/api/v1/share/AKgnplOKWBRQ,,,,,,,,,,
,https://p16-oec-va.ibyteimg.com/tos-maliva-i-o3syd03w52-us/940a409700964f3d9b17bf16df58ca3c~tplv-o3syd03w52-resize-jpeg:600:600.jpeg?dr=15584&from=520841845&idc=my&ps=933b5bde&shcp=6c17ea28&shp=1f0b6a75&t=555f072d,1731492375959209407,CoolBoy.PH,儿童时尚,男童服装,7978,"(COD) Summer Boys' T-Shirt Loose Round Neck Short Sleeve Simple Stylish Magical Dirty Braid Trendy Boy Black Dinosaur Cartoon Character Anime Print Fashion Versatile Breathable Comfort Top, Suitable for Ages 90-150 and 3-14",4.6,是,₱102.96-₱270.30,https://affiliate.tiktok.com/api/v1/share/AKgnrp8ELiCc,,,,,,,,,,
,https://p16-oec-sg.ibyteimg.com/tos-alisg-i-aphluv4xwc-sg/13001a55838a4605b072e8e18585ee05~tplv-aphluv4xwc-resize-jpeg:600:600.jpeg?dr=15584&from=520841845&idc=my&ps=933b5bde&shcp=6c17ea28&shp=1f0b6a75&t=555f072d,1731589088109364671,CoolBoy.PH,儿童时尚,男童服装,38379,"(COD) Summer Boys' T-Shirt Loose Round Neck Short Sleeve Simple Stylish Magical Dirty Braid Trendy Boy Black Dinosaur Cartoon Character Anime Print Fashion Versatile Breathable Comfort Top, Suitable for Ages 90-150 and 3-14",4.7,是,₱102.96-₱270.30,https://affiliate.tiktok.com/api/v1/share/AKgnrp8wLZvv,,,,,,,,,,
,https://p16-oec-sg.ibyteimg.com/tos-alisg-i-aphluv4xwc-sg/46f154e0887a4d1f938d4ae238264e94~tplv-aphluv4xwc-resize-jpeg:600:600.jpeg?dr=15584&from=520841845&idc=my&ps=933b5bde&shcp=6c17ea28&shp=1f0b6a75&t=555f072d,1732114953434072511,CoolBoy.PH,儿童时尚,男童服装,6787,"(COD) Summer Boys' T-Shirt Loose Round Neck Short Sleeve Simple Stylish Magical Dirty Braid Trendy Boy Black Dinosaur Cartoon Character Anime Print Fashion Versatile Breathable Comfort Top, Suitable for Ages 90-150 and 3-14",4.6,是,₱154.96-₱270.30,https://affiliate.tiktok.com/api/v1/share/AKgnplOKnM7U,,,,,,,,,,
,https://p16-oec-sg.ibyteimg.com/tos-alisg-i-aphluv4xwc-sg/997d614dffa74732abf89a99759f9230~tplv-aphluv4xwc-resize-jpeg:600:600.jpeg?dr=15584&from=520841845&idc=my&ps=933b5bde&shcp=6c17ea28&shp=1f0b6a75&t=555f072d,1732115826898077119,CoolBoy.PH,儿童时尚,男童服装,3666,"(COD) Summer Boys' T-Shirt Loose Round Neck Short Sleeve Simple Stylish Magical Dirty Braid Trendy Boy Black Dinosaur Cartoon Character Anime Print Fashion Versatile Breathable Comfort Top, Suitable for Ages 90-150 and 3-14",4.6,是,₱154.96-₱269.88,https://affiliate.tiktok.com/api/v1/share/AKgnrp8wcgRq,,,,,,,,,,
,https://p16-oec-va.ibyteimg.com/tos-maliva-i-o3syd03w52-us/340af615a67648a5aa31303611409ed4~tplv-o3syd03w52-resize-jpeg:600:600.jpeg?dr=15584&from=520841845&idc=my&ps=933b5bde&shcp=6c17ea28&shp=1f0b6a75&t=555f072d,1732131608364484031,CoolBoy.PH,儿童时尚,男童服饰,11807,"(COD) Summer Boys' T-Shirt Loose Round Neck Short Sleeve Simple Stylish Magical Dirty Braid Trendy Boy Black Dinosaur Cartoon Character Anime Print Fashion Versatile Breathable Comfort Top, Suitable for Ages 90-150 and 3-14",4.7,是,₱102.96-₱270.30,https://affiliate.tiktok.com/api/v1/share/AKgnrp8EtvkG,,,,,,,,,,
,https://p16-oec-va.ibyteimg.com/tos-maliva-i-o3syd03w52-us/4406bc0f9649493c92001de5258bcdcc~tplv-o3syd03w52-resize-jpeg:600:600.jpeg?dr=15584&from=520841845&idc=my&ps=933b5bde&shcp=6c17ea28&shp=1f0b6a75&t=555f072d,1733138829360858559,CoolBoy.PH,儿童时尚,男童服装,3259,"(COD) Summer Boys' T-Shirt Loose Round Neck Short Sleeve Simple Stylish Magical Dirty Braid Trendy Boy Black Dinosaur Cartoon Character Anime Print Fashion Versatile Breathable Comfort Top, Suitable for Ages 90-150 and 3-14",4.7,是,₱154.96-₱270.30,https://affiliate.tiktok.com/api/v1/share/AKgnplOLLJMw,,,,,,,,,,
,https://p16-oec-va.ibyteimg.com/tos-maliva-i-o3syd03w52-us/1148c4e1f3874e309f6aeee890598e0d~tplv-o3syd03w52-resize-jpeg:600:600.jpeg?dr=15584&from=520841845&idc=my&ps=933b5bde&shcp=6c17ea28&shp=1f0b6a75&t=555f072d,1734287002651821503,CoolBoy.PH,儿童时尚,男童服装,8567,"(COD) Summer Boys' T-Shirt Loose Round Neck Short Sleeve Simple Stylish Magical Dirty Braid Trendy Boy Black Dinosaur Cartoon Character Anime Print Fashion Versatile Breathable Comfort Top, Suitable for Ages 90-150 and 3-14",4.7,是,₱154.96-₱269.88,https://affiliate.tiktok.com/api/v1/share/AKgnrp8FAz3p,,,,,,,,,,
,https://p16-oec-va.ibyteimg.com/tos-maliva-i-o3syd03w52-us/64ed88222b7e4732ae898d6930246f93~tplv-o3syd03w52-resize-jpeg:600:600.jpeg?dr=15584&from=520841845&idc=my&ps=933b5bde&shcp=6c17ea28&shp=1f0b6a75&t=555f072d,1734287014507152831,CoolBoy.PH,儿童时尚,男童服装,2853,"(COD) Summer Boys' T-Shirt Loose Round Neck Short Sleeve Simple Stylish Magical Dirty Braid Trendy Boy Black Dinosaur Cartoon Character Anime Print Fashion Versatile Breathable Comfort Top, Suitable for Ages 90-150 and 3-14",4.6,是,₱154.96-₱270.30,https://affiliate.tiktok.com/api/v1/share/AKgnplOLcVv6,,,,,,,,,,
,https://p16-oec-va.ibyteimg.com/tos-maliva-i-o3syd03w52-us/7716d7cc793c4d5e89211a8008c1f0fe~tplv-o3syd03w52-resize-jpeg:600:600.jpeg?dr=15584&from=520841845&idc=my&ps=933b5bde&shcp=6c17ea28&shp=1f0b6a75&t=555f072d,1734480641108379071,CoolBoy.PH,儿童时尚,男童服装,1153,"(COD) Summer Boys' T-Shirt Loose Round Neck Short Sleeve Simple Stylish Magical Dirty Braid Trendy Boy Black Dinosaur Cartoon Character Anime Print Fashion Versatile Breathable Comfort Top, Suitable for Ages 90-150 and 3-14",4.8,是,₱154.96-₱270.34,https://affiliate.tiktok.com/api/v1/share/AKgnrp8xRq0t,,,,,,,,,,
,https://p16-oec-va.ibyteimg.com/tos-maliva-i-o3syd03w52-us/928fd0513fa6444e89035ef5250940c0~tplv-o3syd03w52-resize-jpeg:600:600.jpeg?dr=15584&from=520841845&idc=my&ps=933b5bde&shcp=6c17ea28&shp=1f0b6a75&t=555f072d,1734493850202047935,CoolBoy.PH,儿童时尚,男童服装,767,"(COD) Summer Boys' T-Shirt Loose Round Neck Short Sleeve Simple Stylish Magical Dirty Braid Trendy Boy Black Dinosaur Cartoon Character Anime Print Fashion Versatile Breathable Comfort Top, Suitable for Ages 90-150 and 3-14",4.5,是,₱154.96-₱270.30,https://affiliate.tiktok.com/api/v1/share/AKgnrp8FRtDb,,,,,,,,,,
,https://p16-oec-va.ibyteimg.com/tos-maliva-i-o3syd03w52-us/47e133d13ad045da85e844bc9c0a950c~tplv-o3syd03w52-resize-jpeg:600:600.jpeg?dr=15584&from=520841845&idc=my&ps=933b5bde&shcp=6c17ea28&shp=1f0b6a75&t=555f072d,1734539787129095615,CoolBoy.PH,儿童时尚,男童服装,1523,"(COD) Summer Boys' T-Shirt Loose Round Neck Short Sleeve Simple Stylish Magical Dirty Braid Trendy Boy Black Dinosaur Cartoon Character Anime Print Fashion Versatile Breathable Comfort Top, Suitable for Ages 90-150 and 3-14",4.7,是,₱154.96-₱269.88,https://affiliate.tiktok.com/api/v1/share/AKgnplOLtVhN,,,,,,,,,,
,https://p16-oec-va.ibyteimg.com/tos-maliva-i-o3syd03w52-us/d2b2bc6e0b0049149efb951d1e858f15~tplv-o3syd03w52-resize-jpeg:600:600.jpeg?dr=15584&from=520841845&idc=my&ps=933b5bde&shcp=6c17ea28&shp=1f0b6a75&t=555f072d,1734602080850052543,CoolBoy.PH,儿童时尚,男童服装,810,"(COD) Summer Boys' T-Shirt Loose Round Neck Short Sleeve Simple Stylish Magical Dirty Braid Trendy Boy Black Dinosaur Cartoon Character Anime Print Fashion Versatile Breathable Comfort Top, Suitable for Ages 90-150 and 3-14",4.7,是,₱154.96-₱270.34,https://affiliate.tiktok.com/api/v1/share/AKgnrp8xipdE,,,,,,,,,,
,https://p16-oec-va.ibyteimg.com/tos-maliva-i-o3syd03w52-us/74f27750990744c1968c45b90618d114~tplv-o3syd03w52-resize-jpeg:600:600.jpeg?dr=15584&from=520841845&idc=my&ps=933b5bde&shcp=6c17ea28&shp=1f0b6a75&t=555f072d,1734661488309863871,CoolBoy.PH,儿童时尚,男童服装,5518,"(COD) Summer Boys' T-Shirt Loose Round Neck Short Sleeve Simple Stylish Magical Dirty Braid Trendy Boy Black Dinosaur Cartoon Character Anime Print Fashion Versatile Breathable Comfort Top, Suitable for Ages 90-150 and 3-14",4.6,是,₱154.96-₱269.88,https://affiliate.tiktok.com/api/v1/share/AKgnplOMAbgp,,,,,,,,,,
,https://p16-oec-va.ibyteimg.com/tos-maliva-i-o3syd03w52-us/90f75d09696740ab8827e5f548973475~tplv-o3syd03w52-resize-jpeg:600:600.jpeg?dr=15584&from=520841845&idc=my&ps=933b5bde&shcp=6c17ea28&shp=1f0b6a75&t=555f072d,1734850636629640639,CoolBoy.PH,儿童时尚,男童服装,1850,"(COD) Summer Boys' T-Shirt Loose Round Neck Short Sleeve Simple Stylish Magical Dirty Braid Trendy Boy Black Dinosaur Cartoon Character Anime Print Fashion Versatile Breathable Comfort Top, Suitable for Ages 90-150 and 3-14",4.7,是,₱154.96-₱270.34,https://affiliate.tiktok.com/api/v1/share/AKgnrp8xzsCC,,,,,,,,,,
,https://p16-oec-va.ibyteimg.com/tos-maliva-i-o3syd03w52-us/b7c0eb23aeb342ccb71358c71c7b1656~tplv-o3syd03w52-resize-jpeg:600:600.jpeg?dr=15584&from=520841845&idc=my&ps=933b5bde&shcp=6c17ea28&shp=1f0b6a75&t=555f072d,1734884688180446655,CoolBoy.PH,儿童时尚,男童服装,514,"(COD) Summer Boys' T-Shirt Loose Round Neck Short Sleeve Simple Stylish Magical Dirty Braid Trendy Boy Black Dinosaur Cartoon Character Anime Print Fashion Versatile Breathable Comfort Top, Suitable for Ages 90-150 and 3-14",4.8,是,₱154.96-₱205.92,https://affiliate.tiktok.com/api/v1/share/AKgnrp8G08bB,,,,,,,,,,
,https://p16-oec-sg.ibyteimg.com/tos-alisg-i-aphluv4xwc-sg/bd8b869168f44564b66ba8e794b845c9~tplv-aphluv4xwc-resize-jpeg:600:600.jpeg?dr=15584&from=520841845&idc=my&ps=933b5bde&shcp=6c17ea28&shp=1f0b6a75&t=555f072d,1736511499444913599,CoolBoy.PH,儿童时尚,男童服装,102,"(COD) Summer Boys' T-Shirt Loose Round Neck Short Sleeve Simple Stylish Magical Dirty Braid Trendy baby tee for women Black Dinosaur Cartoon Character Anime Print Fashion Versatile Breathable Comfort Top, Suitable for 3-14 baby tee for women",4.9,是,₱149.00-₱259.90,https://affiliate.tiktok.com/api/v1/share/ALHZrRQmpOua,,,,,,,,,,
,https://p16-oec-sg.ibyteimg.com/tos-alisg-i-aphluv4xwc-sg/c41e4964a579409692c06bbfce1f097a~tplv-aphluv4xwc-resize-jpeg:600:600.jpeg?dr=15584&from=520841845&idc=my&ps=933b5bde&shcp=6c17ea28&shp=1f0b6a75&t=555f072d,1736775086173881791,CoolBoy.PH,儿童时尚,男童服装,74,"(COD) Summer Boys' T-Shirt Loose Round Neck Short Sleeve Simple Stylish Magical Dirty Braid Trendy Boy Black Dinosaur Cartoon Character Anime Print Fashion Versatile Breathable Comfort Top, Suitable for Ages 90-150 and 3-14Spider-Gwen 1996 Spider-Man Tee",4.4,是,₱149.00-₱259.90,https://affiliate.tiktok.com/api/v1/share/ALHZtHNmhq3W,,,,,,,,,,
,https://p16-oec-sg.ibyteimg.com/tos-alisg-i-aphluv4xwc-sg/86b3e5c4c17c4c8783871740ece304a7~tplv-aphluv4xwc-resize-jpeg:600:600.jpeg?dr=15584&from=520841845&idc=my&ps=933b5bde&shcp=6c17ea28&shp=1f0b6a75&t=555f072d,1736825441476642239,CoolBoy.PH,儿童时尚,男童服装,141,"(COD) Summer Boys' T-Shirt Loose Round Neck Short Sleeve Simple Stylish Magical Dirty Braid Trendy Boy Black Dinosaur Cartoon Character Anime Print Fashion Versatile Breathable Comfort Top, Suitable for Ages 90-150 and 3-14Spidey Graffiti Anime Street Tee",4.8,是,₱149.00-₱259.90,https://affiliate.tiktok.com/api/v1/share/ALHZtHoLZmeC,,,,,,,,,,
,https://p16-oec-sg.ibyteimg.com/tos-alisg-i-aphluv4xwc-sg/a0bc92404a084ded91ee523abbd0cf7b~tplv-aphluv4xwc-resize-jpeg:600:600.jpeg?dr=15584&from=520841845&idc=my&ps=933b5bde&shcp=6c17ea28&shp=1f0b6a75&t=555f072d,1735689543423002495,"ELYZZA
主推",美妆与个护,美容,3675,Elyzza Hydrating Lip Serum Gloss Brighten Lip Even Coverage Brilliant Shine Lychee Pink Cherry Red Diamond Glow,4.8,是,₱159.00-₱329.00,https://affiliate.tiktok.com/api/v1/share/AKr4FZ8TfYhd,,,,,,,,,,
,https://p16-oec-sg.ibyteimg.com/tos-alisg-i-aphluv4xwc-sg/36b16d5b9e3947a080d8a6ec68c38ece~tplv-aphluv4xwc-resize-jpeg:600:600.jpeg?dr=15584&from=520841845&idc=my&ps=933b5bde&shcp=6c17ea28&shp=1f0b6a75&t=555f072d,1736419602104616831,"ELYZZA
主推",美妆与个护,美容,4556,Elyzza Velvet Stay Tinted Brow Gel Waterproof Sweat Resistant 3 Shades Long-Lasting Waterproof Lightweight Brow Setter Eyebrow Makeup Cosmetic,4.6,是,₱130.66-₱239.00,https://affiliate.tiktok.com/api/v1/share/ALMyz0Mmyfw7,,,,,,,,,,
,https://p16-oec-sg.ibyteimg.com/tos-alisg-i-aphluv4xwc-sg/7f5c4365de974d87bd9f76bc532f7862~tplv-aphluv4xwc-resize-jpeg:600:600.jpeg?dr=15584&from=520841845&idc=my&ps=933b5bde&shcp=6c17ea28&shp=1f0b6a75&t=555f072d,1730956185230083967,"ELYZZA
主推",美妆与个护,美容,633745,"[SHIP IN 24 HRS] Elyzza Animal-Inspired Glue-Free Lashes No Need Glue Reusable Eyelash Extension– Lambkin, Hamster, Birdie, 10-12mm Doggy 9-11mm, Foxy, Kitten 9-13mm, Rabbit LC Curl, Natural Self-Adhesive",4.7,是,₱117.26-₱162.73,https://affiliate.tiktok.com/api/v1/share/AKr4AiscPdHP,,,,,,,,,,
,https://p16-oec-sg.ibyteimg.com/tos-alisg-i-aphluv4xwc-sg/32c06cb296264b31a399ec34d3bbf53a~tplv-aphluv4xwc-resize-jpeg:600:600.jpeg?dr=15584&from=520841845&idc=my&ps=933b5bde&shcp=6c17ea28&shp=1f0b6a75&t=555f072d,1732252756054411135,"ELYZZA
主推",美妆与个护,美容,114220,"[SHIP IN 24HRS] Elyzza Anmie Crush Glue-Free Lashes No Need Glue Reusable Eyelash Extension Twilight, Bambi, Dollie, Glimmer, Natural Self-Adhesive Soft Reusable",4.7,是,₱115.84-₱159.00,https://affiliate.tiktok.com/api/v1/share/ALMyxp5Qbamg,,,,,,,,,,
,https://p16-oec-sg.ibyteimg.com/tos-alisg-i-aphluv4xwc-sg/cd5c8c2edda34e0f8c1d0493046043d6~tplv-aphluv4xwc-resize-jpeg:600:600.jpeg?dr=15584&from=520841845&idc=my&ps=933b5bde&shcp=6c17ea28&shp=1f0b6a75&t=555f072d,1734197927270450990,"Organic Skin
主推",美妆与个护,沐浴身体护理,123018,"Organic Skin Japan (Set of 3, Set of 2 and Single)40ml Intensive Whitening Underarm Powder Dry Deodorant Under Arm Deo Roll On",4.8,是,₱159.00-₱299.00,,,,,,,,,,,
,https://p16-oec-sg.ibyteimg.com/tos-alisg-i-aphluv4xwc-sg/0560ba71b33a461aaf442c86140cb208~tplv-aphluv4xwc-resize-jpeg:600:600.jpeg?dr=15584&from=520841845&idc=my&ps=933b5bde&shcp=6c17ea28&shp=1f0b6a75&t=555f072d,1729433873612311342,Organic Skin,美妆与个护,护肤,66800,"OSJ Hydra Porefecting Glass Skin Kit with Toner, Soap, Serum and Face Cream or Cleanser, Toner, Cream and Serum",4.7,是,₱341.90-₱380.00,,,,,,,,,,,
,https://p16-oec-sg.ibyteimg.com/tos-alisg-i-aphluv4xwc-sg/339a65c848414ab59de805c7295db66e~tplv-aphluv4xwc-resize-jpeg:600:600.jpeg?dr=15584&from=520841845&idc=my&ps=933b5bde&shcp=6c17ea28&shp=1f0b6a75&t=555f072d,1731813032144832302,Organic Skin,美妆与个护,护肤,31022,Organic Skin Japan Sun Protect Daily Sunscreen 15ml and Tinted Sunscreen 30ml SPF 55 Sunblock All Skin Type Unscented,4.8,是,₱90.00-₱171.82,,,,,,,,,,,
,https://p16-oec-sg.ibyteimg.com/tos-alisg-i-aphluv4xwc-sg/0fc2b5c91e1c4c76a80fd25abdc8dace~tplv-aphluv4xwc-resize-jpeg:600:600.jpeg?dr=15584&from=520841845&idc=my&ps=933b5bde&shcp=6c17ea28&shp=1f0b6a75&t=555f072d,1729395307914432302,Organic Skin,美妆与个护,沐浴身体护理,402710,Organic Skin Japan Collagen Peptide Intimate Beauty Oil 60ml with Vitamin E for Stretch Marks & Scar Remover Skin Therapy Oil Moisturizer Stretchmarks Sunflower Oil Essential Oil Lighten Scars Remover free shipping on sale items,4.7,是,₱189.52-₱199.00,,,,,,,,,,,
,https://p16-oec-sg.ibyteimg.com/tos-alisg-i-aphluv4xwc-sg/1acafde3a4bd45e189659ff173b20758~tplv-aphluv4xwc-resize-jpeg:600:600.jpeg?dr=15584&from=520841845&idc=my&ps=933b5bde&shcp=6c17ea28&shp=1f0b6a75&t=555f072d,1734425547366958894,Organic Skin,美妆与个护,护肤,726,Organic Skin Japan Youthmode Lacto PDRN Cleanser 50ml,4.9,是,₱144.55,,,,,,,,,,,
,https://p16-oec-sg.ibyteimg.com/tos-alisg-i-aphluv4xwc-sg/023e3903da7946178f64d26bc2e52712~tplv-aphluv4xwc-resize-jpeg:600:600.jpeg?dr=15584&from=520841845&idc=my&ps=933b5bde&shcp=6c17ea28&shp=1f0b6a75&t=555f072d,1734425557926709038,Organic Skin,美妆与个护,护肤,60,Organic Skin Japan Youthmode Lacto PDRN 60ml Serum 20ml,4.8,是,₱408.18,,,,,,,,,,,
,https://p16-oec-sg.ibyteimg.com/tos-alisg-i-aphluv4xwc-sg/027bc6645d854792a3b227c3d7077d27~tplv-aphluv4xwc-resize-jpeg:600:600.jpeg?dr=15584&from=520841845&idc=my&ps=933b5bde&shcp=6c17ea28&shp=1f0b6a75&t=555f072d,1734425595674396462,Organic Skin,美妆与个护,护肤,274,Organic Skin Japan Youthmode Lacto PDRN Toner 60ml,4.9,是,₱299.09,,,,,,,,,,,
,https://p16-oec-sg.ibyteimg.com/tos-alisg-i-aphluv4xwc-sg/4cf159b59ea94fada464886b3b9dfaf4~tplv-aphluv4xwc-resize-jpeg:600:600.jpeg?dr=15584&from=520841845&idc=my&ps=933b5bde&shcp=6c17ea28&shp=1f0b6a75&t=555f072d,1736106605952992771,"Washoo
主推",美妆与个护,沐浴身体护理,19162,"Washoo 100g Men's whitening soap，Fragrance soap Oil control and acne removal, Moisturizing skin Body Care",4.6,是,₱99.00-₱199.00,https://affiliate.tiktok.com/api/v1/share/AKrjedJZGD6W,,,,,,,,,,
,https://p16-oec-sg.ibyteimg.com/tos-alisg-i-aphluv4xwc-sg/1b6c8d4ad3e748bfbf44c5a2d6ee244b~tplv-aphluv4xwc-resize-jpeg:600:600.jpeg?dr=15584&from=520841845&idc=my&ps=933b5bde&shcp=6c17ea28&shp=1f0b6a75&t=555f072d,1736522498071102979,"Washoo
主推",美妆与个护,沐浴身体护理,5678,"Washoo Sulfur Body Lotion – 12H Hydration & Lightweight Moisture Care, Fast Absorbing, Non-Greasy Formula, Helps Improve Rough & Bumpy Skin, Soft & Smooth Skin Feel, Body Care, 200g",4.8,是,₱199.00-₱499.00,https://affiliate.tiktok.com/api/v1/share/AL5O0i0gjK4T,,,,,,,,,,
,https://p16-oec-sg.ibyteimg.com/tos-alisg-i-aphluv4xwc-sg/5f64eb51697a4063a092b7db2ad71f72~tplv-aphluv4xwc-resize-jpeg:600:600.jpeg?dr=15584&from=520841845&idc=my&ps=933b5bde&shcp=6c17ea28&shp=1f0b6a75&t=555f072d,1737478609761830403,"Washoo
主推",美妆与个护,沐浴身体护理,31,"[B2G1] Washoo Tea Tree Sulfur Soap Bar – Deep Cleansing & Oil Control, Powerful Acne Care, Odor Removal, Long-Lasting Premium Floral Scent, Gentle & Non-Drying, Helps Brighten Dark Underarms & Joints, Free Foaming Net – Best Value Skincare Must-Have!",5,是,₱139.00-₱319.00,https://affiliate.tiktok.com/api/v1/share/ALS5aNxwdfia,,,,,,,,,,
,https://p16-oec-sg.ibyteimg.com/tos-alisg-i-aphluv4xwc-sg/59c10f46ee3a40779eeca6fb25c32d30~tplv-aphluv4xwc-resize-jpeg:600:600.jpeg?dr=15584&from=520841845&idc=my&ps=933b5bde&shcp=6c17ea28&shp=1f0b6a75&t=555f072d,1736403642226083331,"Washoo
主推",美妆与个护,沐浴身体护理,6295,"Washoo Sulfur 3-in-1 Hair, Face & Body Wash – Deep Cleansing, Helps Reduce Mites, Back & Body Acne Care, Smooths Rough & Bumpy Skin, Long-Lasting Oil Control, Gentle Moisturizing Formula for Sensitive Skin, Men & Women, 300ml – Healthy Skin Starts Here!",4.7,是,₱199.00-₱439.00,https://affiliate.tiktok.com/api/v1/share/AL0qSBWYdzik,,,,,,,,,,
,https://p16-oec-sg.ibyteimg.com/tos-alisg-i-aphluv4xwc-sg/784e5e14f1274150888b53e4b8a2ec50~tplv-aphluv4xwc-resize-jpeg:600:600.jpeg?dr=15584&from=520841845&idc=my&ps=933b5bde&shcp=6c17ea28&shp=1f0b6a75&t=555f072d,1730844716602197110,"COSOVA
主推",家具,室内家具,83499,COSOVA 【Cloud 】10-Year Warranty! 100% Brand New 8.1-inch High Quality Double Coil Spring Mattress in Single/Double/Queen/King - Classic Comfort for Your FamilyD,4.8,是,"₱4,518.27-₱12,682.70",https://affiliate.tiktok.com/api/v1/share/ALNwwWofkMmX,,,,,,,,,,
,https://p16-oec-sg.ibyteimg.com/tos-alisg-i-aphluv4xwc-sg/428b03b3e0d14b87a3bd9f2e0d0f5585~tplv-aphluv4xwc-resize-jpeg:600:600.jpeg?dr=15584&from=520841845&idc=my&ps=933b5bde&shcp=6c17ea28&shp=1f0b6a75&t=555f072d,1730850468246815862,"COSOVA
主推",家具,室内家具,2946,"COSOVA 【Nova】 Memory Foam Mattress - 8.8 inch Depth - Single/Double/Queen/Family Size - Dustproof, Miteproof, Antibacterial",4.7,是,"₱5,453.64-₱8,999.10",https://affiliate.tiktok.com/api/v1/share/AL62a5bhXtHd,,,,,,,,,,
,https://p16-oec-sg.ibyteimg.com/tos-alisg-i-aphluv4xwc-sg/251ead71827d4179ae805e46fdab0148~tplv-aphluv4xwc-resize-jpeg:600:600.jpeg?dr=15584&from=520841845&idc=my&ps=933b5bde&shcp=6c17ea28&shp=1f0b6a75&t=555f072d,1732446371612689526,"COSOVA
主推",家用纺织,床上用品,4901,"COSOVA 3-in-1 protective pillow Insert for Neck Support - Oil, Saliva & Sweat Resistant, Machine Washable, Moisture-Proof for Students",4.8,是,"₱899.00-₱2,896.00",https://affiliate.tiktok.com/api/v1/share/AL62a6KuiKEZ,,,,,,,,,,
,https://p16-oec-sg.ibyteimg.com/tos-alisg-i-aphluv4xwc-sg/92e7bd7bb4b14913a2c8399bf5d5a76d~tplv-aphluv4xwc-resize-jpeg:600:600.jpeg?dr=15584&from=520841845&idc=my&ps=933b5bde&shcp=6c17ea28&shp=1f0b6a75&t=555f072d,1734839228453717110,COSOVA,居家日用,收纳整理,129,COSOVA Ultra Thin Flip Bucket Shoe Cabinet For Home Use New Small-Sized And Shoe Rack Entrance,4.7,是,"₱2,399.00-₱3,599.00",https://affiliate.tiktok.com/api/v1/share/AL62Y1ASrMK4,,,,,,,,,,
,https://p16-oec-sg.ibyteimg.com/tos-alisg-i-aphluv4xwc-sg/d3363c5cc1934a30a57be32283c29478~tplv-aphluv4xwc-resize-jpeg:600:600.jpeg?dr=15584&from=520841845&idc=my&ps=933b5bde&shcp=6c17ea28&shp=1f0b6a75&t=555f072d,1733013121298367606,COSOVA,家具,室内家具,11463,COSOVA Furniture Folding Sofa Bed Integrated Dual-Purpose Fabric 3-Seater Sofa Set for Small Living Room Available in Different Colors No Cushion,4.8,是,"₱6,441.35-₱29,869.00",https://affiliate.tiktok.com/api/v1/share/ALNwwVeXyuZu,,,,,,,,,,
,https://p16-oec-sg.ibyteimg.com/tos-alisg-i-aphluv4xwc-sg/8674da88fc9741b7a0ceb1ab3574d904~tplv-aphluv4xwc-resize-jpeg:600:600.jpeg?dr=15584&from=520841845&idc=my&ps=933b5bde&shcp=6c17ea28&shp=1f0b6a75&t=555f072d,1736469448284603510,COSOVA,家具,室内家具,941,COSOVA Iron Bed Frame Durable Steel Full Heavy Duty Bed Single/Double Steel Bed Frame HomeClick to Copy,4.8,是,"₱2,599.00-₱5,299.00",https://affiliate.tiktok.com/api/v1/share/ALNwwVeXhtbX,,,,,,,,,,
,https://p16-oec-sg.ibyteimg.com/tos-alisg-i-aphluv4xwc-sg/41a6bd605baa48ffa4eaa218807e88cc~tplv-aphluv4xwc-resize-jpeg:600:600.jpeg?dr=15584&from=520841845&idc=my&ps=933b5bde&shcp=6c17ea28&shp=1f0b6a75&t=555f072d,1733617624066393206,COSOVA,家用纺织,床上用品,1387,COSOVA Slow Rebound Memory Foam Pillow Zero-pressure for Neck Pain Support Soft Hotel Quality Orthopedic for Deep Sleep,4.8,是,"₱1,299.00-₱2,198.00",https://affiliate.tiktok.com/api/v1/share/ALNwur1UBlvx,,,,,,,,,,
,https://p16-oec-sg.ibyteimg.com/tos-alisg-i-aphluv4xwc-sg/5dd0fe671408481b86c6b5e5acfaa727~tplv-aphluv4xwc-resize-jpeg:600:600.jpeg?dr=15584&from=520841845&idc=my&ps=933b5bde&shcp=6c17ea28&shp=1f0b6a75&t=555f072d,1737406110640866422,COSOVA,家用纺织,床上用品,84,COSOVA Ergonomic Bed Pillow 3D Spiral Fiber Neck Support Anti-Sagging Breathable 48x74cm,4.6,是,"₱529.00-₱1,816.00",https://affiliate.tiktok.com/api/v1/share/ALQcEVyvO2ev,,,,,,,,,,
,https://p16-oec-sg.ibyteimg.com/tos-alisg-i-aphluv4xwc-sg/43504a0a9df6468ab000cf4f3486dcae~tplv-aphluv4xwc-resize-jpeg:600:600.jpeg?dr=15584&from=520841845&idc=my&ps=933b5bde&shcp=6c17ea28&shp=1f0b6a75&t=555f072d,1729396069769514200,"Curls By Zenutrients
主推",美妆与个护,护发造型,384881,"Curls by Zenutrients Avocado and Tea Tree Protein-Free Leave-In Conditioner 100mL & 200mL (Curl Define, Anti Frizz, Moisturize & CGM, Haircare)",4.8,是,"₱160.00-₱1,399.00",https://affiliate.tiktok.com/api/v1/share/AKxLFF50fUlf,,,,,,,,,,
,https://p16-oec-sg.ibyteimg.com/tos-alisg-i-aphluv4xwc-sg/8c77aa603c594ea99777be1c00bf47e8~tplv-aphluv4xwc-resize-jpeg:600:600.jpeg?dr=15584&from=520841845&idc=my&ps=933b5bde&shcp=6c17ea28&shp=1f0b6a75&t=555f072d,1729772073559230926,Gugo By Zenutrients,美妆与个护,护发造型,194588,"Zenutrients Gugo Duo Set 150mL (Anti Hairfall Shampoo and Conditioner) (Haircare, Cleansing, Cleanser)",4.7,是,₱235.00,https://affiliate.tiktok.com/api/v1/share/AKwoUFyrZE4V,,,,,,,,,,
,https://p16-oec-sg.ibyteimg.com/tos-alisg-i-aphluv4xwc-sg/77362a7d0ed2469cbc4fb1526308babe~tplv-aphluv4xwc-resize-jpeg:600:600.jpeg?dr=15584&from=520841845&idc=my&ps=933b5bde&shcp=6c17ea28&shp=1f0b6a75&t=555f072d,1731825824922764504,Curls By Zenutrients,美妆与个护,护发造型,60873,"Curls by Zenutrients Avocado and Tea Tree Protein-Free Leave-In Conditioner 100mL (Curl Define, Anti Frizz, Moisturize & CGM, Haircare)",4.7,是,₱215.00,https://affiliate.tiktok.com/api/v1/share/AKxL1uGU6bjd,,,,,,,,,,
,https://p16-oec-sg.ibyteimg.com/tos-alisg-i-aphluv4xwc-sg/c37671e4ebad4bdbb81bf39fe90d3725~tplv-aphluv4xwc-resize-jpeg:600:600.jpeg?dr=15584&from=520841845&idc=my&ps=933b5bde&shcp=6c17ea28&shp=1f0b6a75&t=555f072d,1729771795537103310,Gugo By Zenutrients,美妆与个护,护发造型,11217,Zenutrients Gugo Strengthening Hair Serum (100mL) (Organic) (Anti-Hairfall),4.8,是,₱309.00,https://affiliate.tiktok.com/api/v1/share/AKwoKdMgs2D6,,,,,,,,,,
,https://p16-oec-sg.ibyteimg.com/tos-alisg-i-aphluv4xwc-sg/77b6ae66f4f047969a18d5e8b1d2882e~tplv-aphluv4xwc-resize-jpeg:600:600.jpeg?dr=15584&from=520841845&idc=my&ps=933b5bde&shcp=6c17ea28&shp=1f0b6a75&t=555f072d,1729385530035244494,Gugo By Zenutrients,美妆与个护,护发造型,62376,"Gugo Anti Hairfall Shampoo (100mL, 150mL, 250mL, 500mL, 1L, Haircare, Cleanser, Cleansing)",4.8,是,₱124.00-₱713.00,https://affiliate.tiktok.com/api/v1/share/AKwoUFgKPplD,,,,,,,,,,
,https://p16-oec-sg.ibyteimg.com/tos-alisg-i-aphluv4xwc-sg/747b93848d254ceb99a24c9537db10a6~tplv-aphluv4xwc-resize-jpeg:600:600.jpeg?dr=15584&from=520841845&idc=my&ps=933b5bde&shcp=6c17ea28&shp=1f0b6a75&t=555f072d,1729391193156259278,Gugo By Zenutrients,美妆与个护,护发造型,19988,"Gugo Strengthening Conditioner (100mL, 150mL, 250mL, 500mL, 1L)",4.8,是,₱124.00-₱868.00,https://affiliate.tiktok.com/api/v1/share/AKwoKdMbN7CM,,,,,,,,,,
,https://p16-oec-sg.ibyteimg.com/tos-alisg-i-aphluv4xwc-sg/797c1a07915144e5b34b4b17089e2852~tplv-aphluv4xwc-resize-jpeg:600:600.jpeg?dr=15584&from=520841845&idc=my&ps=933b5bde&shcp=6c17ea28&shp=1f0b6a75&t=555f072d,1729772071273073102,Gugo By Zenutrients,美妆与个护,护发造型,163906,Zenutrients Gugo Duo 250mL Shampoo + 250mL Conditioner (Hairfall Rescue and Hair Regrowth),4.8,是,₱334.00,https://affiliate.tiktok.com/api/v1/share/AKwoUFyev9fx,,,,,,,,,,
,https://p16-oec-sg.ibyteimg.com/tos-alisg-i-aphluv4xwc-sg/cfdbb7b29fa64585816e9c01006acff7~tplv-aphluv4xwc-resize-jpeg:600:600.jpeg?dr=15584&from=520841845&idc=my&ps=933b5bde&shcp=6c17ea28&shp=1f0b6a75&t=555f072d,1729772077036636622,Gugo By Zenutrients,美妆与个护,护发造型,4568,Zenutrients Gugo Duo 1L Shampoo + 1L Conditioner (Hairfall Rescue and Hair Regrowth),4.8,是,"₱1,369.00",https://affiliate.tiktok.com/api/v1/share/AKwoUFgM4DfB,,,,,,,,,,
,https://p16-oec-sg.ibyteimg.com/tos-alisg-i-aphluv4xwc-sg/8679a89e9aa94e36b62295209a250f2a~tplv-aphluv4xwc-resize-jpeg:600:600.jpeg?dr=15584&from=520841845&idc=my&ps=933b5bde&shcp=6c17ea28&shp=1f0b6a75&t=555f072d,1729951207151143374,Gugo By Zenutrients,美妆与个护,护发造型,4568,"Zenutrients Gugo Strengthening Set (Anti-Hairfall Shampoo and Serum, Haircare,Cleansing,Cleanser)",4.8,是,₱614.00,https://affiliate.tiktok.com/api/v1/share/AKwoKdMbdz8B,,,,,,,,,,
,https://p16-oec-sg.ibyteimg.com/tos-alisg-i-aphluv4xwc-sg/5140413ab01648688fec6996535acee6~tplv-aphluv4xwc-resize-jpeg:600:600.jpeg?dr=15584&from=520841845&idc=my&ps=933b5bde&shcp=6c17ea28&shp=1f0b6a75&t=555f072d,1731549255884899790,Gugo By Zenutrients,美妆与个护,护发造型,6585,Zenutrients Gugo Duo 500mL Shampoo + 500mL Conditioner (Hairfall Rescue and Hair Regrowth),4.9,是,₱809.00,https://affiliate.tiktok.com/api/v1/share/AKwoUFyiUchc,,,,,,,,,,
,https://p16-oec-sg.ibyteimg.com/tos-alisg-i-aphluv4xwc-sg/222fa7e8eaef4c608908c540fd4b8f51~tplv-aphluv4xwc-resize-jpeg:600:600.jpeg?dr=15584&from=520841845&idc=my&ps=933b5bde&shcp=6c17ea28&shp=1f0b6a75&t=555f072d,1731717462759540174,Gugo By Zenutrients,美妆与个护,护发造型,63667,Zenutrients Gugo Duo 100mL Shampoo + 100mL Conditioner (Hairfall Rescue and Hair Regrowth),4.7,是,₱159.00,https://affiliate.tiktok.com/api/v1/share/AKwoUFgMLIvR,,,,,,,,,,
,https://p16-oec-sg.ibyteimg.com/tos-alisg-i-aphluv4xwc-sg/0f2c93add3234c6283afb1d61d827614~tplv-aphluv4xwc-resize-jpeg:600:600.jpeg?dr=15584&from=520841845&idc=my&ps=933b5bde&shcp=6c17ea28&shp=1f0b6a75&t=555f072d,1732449136287450574,Gugo By Zenutrients,美妆与个护,护发造型,1152,"Zenutrients Gugo Trio Set 150mL Shampoo & Conditioner + 100mL Serum (Anti Hairfall Shampoo and Conditioner) (Haircare, Cleansing, Cleanser)",4.6,是,₱704.00,https://affiliate.tiktok.com/api/v1/share/AKwoKdMgaqSL,,,,,,,,,,
,https://p16-oec-sg.ibyteimg.com/tos-alisg-i-aphluv4xwc-sg/0233ad9c14f1406096987def4f245a63~tplv-aphluv4xwc-resize-jpeg:600:600.jpeg?dr=15584&from=520841845&idc=my&ps=933b5bde&shcp=6c17ea28&shp=1f0b6a75&t=555f072d,1735114208400147918,Gugo By Zenutrients,美妆与个护,护发造型,105,Gugo by Zenutrients Hair Fall Defense Shampoo + Conditioner (1x250mL Shampoo and 1x150mL Conditioner),4.9,是,₱391.00,https://affiliate.tiktok.com/api/v1/share/AKwoUFypv0Rv,,,,,,,,,,
,https://p16-oec-sg.ibyteimg.com/tos-alisg-i-aphluv4xwc-sg/063bf1931a8e44099edb300c9fe2f30f~tplv-aphluv4xwc-resize-jpeg:600:600.jpeg?dr=15584&from=520841845&idc=my&ps=933b5bde&shcp=6c17ea28&shp=1f0b6a75&t=555f072d,1735114377636906446,Gugo By Zenutrients,美妆与个护,护发造型,125,Gugo by Zenutrients Hair Fall Defense Shampoo + Conditioner (1x150mL Shampoo and 1x100mL Conditioner),4.7,是,₱265.00,https://affiliate.tiktok.com/api/v1/share/AKwoUFgQT2sW,,,,,,,,,,
,https://p16-oec-sg.ibyteimg.com/tos-alisg-i-aphluv4xwc-sg/9c986787cd624682881e1dec0c3bacb7~tplv-aphluv4xwc-resize-jpeg:600:600.jpeg?dr=15584&from=520841845&idc=my&ps=933b5bde&shcp=6c17ea28&shp=1f0b6a75&t=555f072d,1729396068584033496,Curls By Zenutrients,美妆与个护,护发造型,23995,"Curls by Zenutrients Avocado & Tea Tree Protein-Free Conditioner (150mL, 250mL, 500mL, 1L)",4.8,是,₱126.96-₱588.70,https://affiliate.tiktok.com/api/v1/share/AKxL1tcV8X5k,,,,,,,,,,
,https://p16-oec-sg.ibyteimg.com/tos-alisg-i-aphluv4xwc-sg/019ceae7e1f141e1b3a5e917a24fdb35~tplv-aphluv4xwc-resize-jpeg:600:600.jpeg?dr=15584&from=520841845&idc=my&ps=933b5bde&shcp=6c17ea28&shp=1f0b6a75&t=555f072d,1729396068710452440,Curls By Zenutrients,美妆与个护,护发造型,9656,"Curls by Zenutrients Avocado & Tea Tree Protein-Free Deep Conditioner (300mL, 850mL)",4.8,是,₱335.00-₱698.00,https://affiliate.tiktok.com/api/v1/share/AKxLFF4j4LX5,,,,,,,,,,
,https://p16-oec-sg.ibyteimg.com/tos-alisg-i-aphluv4xwc-sg/ebd4220ab69e40aab179dc86ea5c83ee~tplv-aphluv4xwc-resize-jpeg:600:600.jpeg?dr=15584&from=520841845&idc=my&ps=933b5bde&shcp=6c17ea28&shp=1f0b6a75&t=555f072d,1729396068714253528,Curls By Zenutrients,美妆与个护,护发造型,3135,Curls by Zenutrients Ginseng Protein Conditioner 150mL,4.8,是,₱208.00,https://affiliate.tiktok.com/api/v1/share/AKxL1uGIYOGB,,,,,,,,,,
,https://p16-oec-sg.ibyteimg.com/tos-alisg-i-aphluv4xwc-sg/e61dbb6240354a888d615fd27c652f25~tplv-aphluv4xwc-resize-jpeg:600:600.jpeg?dr=15584&from=520841845&idc=my&ps=933b5bde&shcp=6c17ea28&shp=1f0b6a75&t=555f072d,1729396069442161880,Curls By Zenutrients,美妆与个护,护发造型,14282,"Curls by Zenutrients Avocado & Tea Tree Sulfate-Free Shampoo (150mL, 250mL, 500mL, 1L)",4.7,是,₱147.00-₱659.00,https://affiliate.tiktok.com/api/v1/share/AKxL1tcXbzF5,,,,,,,,,,
,https://p16-oec-sg.ibyteimg.com/tos-alisg-i-aphluv4xwc-sg/61340255068842d8865b0d68a5e1fb17~tplv-aphluv4xwc-resize-jpeg:600:600.jpeg?dr=15584&from=520841845&idc=my&ps=933b5bde&shcp=6c17ea28&shp=1f0b6a75&t=555f072d,1729772245879851224,Curls By Zenutrients,美妆与个护,护发造型,20440,Curls by Zenutrients Curl Starter Set (CGM Approved),4.7,是,₱288.00,https://affiliate.tiktok.com/api/v1/share/AKxLFF4kzf4b,,,,,,,,,,
,https://p16-oec-sg.ibyteimg.com/tos-alisg-i-aphluv4xwc-sg/f55002b5a43c46e295911c9e243348cd~tplv-aphluv4xwc-resize-jpeg:600:600.jpeg?dr=15584&from=520841845&idc=my&ps=933b5bde&shcp=6c17ea28&shp=1f0b6a75&t=555f072d,1729772247979952344,Curls By Zenutrients,美妆与个护,护发造型,1214,Curls by Zenutrients All-in Starter Set (CGM Approved),4.6,是,₱450.00,https://affiliate.tiktok.com/api/v1/share/AKxL1uGJvbZ5,,,,,,,,,,
,https://p16-oec-sg.ibyteimg.com/tos-alisg-i-aphluv4xwc-sg/8c4bdf65c0f94ffa9d65b7b26df5b723~tplv-aphluv4xwc-resize-jpeg:600:600.jpeg?dr=15584&from=520841845&idc=my&ps=933b5bde&shcp=6c17ea28&shp=1f0b6a75&t=555f072d,1729772248671226072,Curls By Zenutrients,美妆与个护,护发造型,14094,"Curls by Zenutrients Classic Set (Shampoo,Conditioner,Haircare,Avocado,Tea Tree, Hydrating, Moisturizing, CGM Approved)",4.7,是,₱456.00,https://affiliate.tiktok.com/api/v1/share/AKxL1tcd72N6,,,,,,,,,,
,https://p16-oec-sg.ibyteimg.com/tos-alisg-i-aphluv4xwc-sg/b3379200859e4c57b88a2247029c78b4~tplv-aphluv4xwc-resize-jpeg:600:600.jpeg?dr=15584&from=520841845&idc=my&ps=933b5bde&shcp=6c17ea28&shp=1f0b6a75&t=555f072d,1729772250536773848,Curls By Zenutrients,美妆与个护,护发造型,2930,Curls By Zenutrients Super Set (1L Curls Shampoo & 1L Curls Protein Free Conditioner),4.7,是,"₱1,360.00",https://affiliate.tiktok.com/api/v1/share/AKxLFF4o1BsF,,,,,,,,,,
,https://p16-oec-sg.ibyteimg.com/tos-alisg-i-aphluv4xwc-sg/ced866cdc3614a52ac28e2de2af2650a~tplv-aphluv4xwc-resize-jpeg:600:600.jpeg?dr=15584&from=520841845&idc=my&ps=933b5bde&shcp=6c17ea28&shp=1f0b6a75&t=555f072d,1729772251327531224,Curls By Zenutrients,美妆与个护,护发造型,662,Curls by Zenutrients Protein and Protein-free Set (CGM Approved),4.7,是,₱426.00,https://affiliate.tiktok.com/api/v1/share/AKxL1uGMxCeI,,,,,,,,,,
,https://p16-oec-sg.ibyteimg.com/tos-alisg-i-aphluv4xwc-sg/1ae56fab0f4d4e97a7ba7af83aa921b1~tplv-aphluv4xwc-resize-jpeg:600:600.jpeg?dr=15584&from=520841845&idc=my&ps=933b5bde&shcp=6c17ea28&shp=1f0b6a75&t=555f072d,1729810471425837272,Curls By Zenutrients,美妆与个护,护发造型,7181,"Curls by Zenutrients Treatment Set (Frizz Free, Moisturize, Curl Define, Organic & CGM,Haircare,Conditioner,)",4.9,是,₱484.00,https://affiliate.tiktok.com/api/v1/share/AKxL1tcfJVvJ,,,,,,,,,,
,https://p16-oec-sg.ibyteimg.com/tos-alisg-i-aphluv4xwc-sg/0c7766c69fd245a2919321767e1e8c13~tplv-aphluv4xwc-resize-jpeg:600:600.jpeg?dr=15584&from=520841845&idc=my&ps=933b5bde&shcp=6c17ea28&shp=1f0b6a75&t=555f072d,1731249301920974040,Curls By Zenutrients,美妆与个护,护发造型,13446,"Curls by Zenutrients Full Wash Set (Curl Define, Organic & CGM)",4.8,是,₱704.00,https://affiliate.tiktok.com/api/v1/share/AKxLFF4s94b6,,,,,,,,,,
,https://p16-oec-va.ibyteimg.com/tos-maliva-i-o3syd03w52-us/3e3221829f8c42758246ad069e231b98~tplv-o3syd03w52-resize-jpeg:600:600.jpeg?dr=15584&from=520841845&idc=my&ps=933b5bde&shcp=6c17ea28&shp=1f0b6a75&t=555f072d,1732152778018817240,Curls By Zenutrients,美妆与个护,护发造型,20274,"Curls by Zenutrients Full Wash Set Mini (Curl Define, Organic & CGM)",4.7,是,₱448.00,https://affiliate.tiktok.com/api/v1/share/AKxL1uGRcy1B,,,,,,,,,,
,https://p16-oec-va.ibyteimg.com/tos-maliva-i-o3syd03w52-us/8d6f943f521d498c802a05413bf62677~tplv-o3syd03w52-resize-jpeg:600:600.jpeg?dr=15584&from=520841845&idc=my&ps=933b5bde&shcp=6c17ea28&shp=1f0b6a75&t=555f072d,1732152808431387864,Curls By Zenutrients,美妆与个护,护发造型,3322,"Curls by Zenutrients Travel Set (Frizz Free, Moisturize, Curl Define, Organic & CGM,Haircare,Conditioner)",4.8,是,₱315.00,https://affiliate.tiktok.com/api/v1/share/AKxL1tcjiDno,,,,,,,,,,
,https://p16-oec-va.ibyteimg.com/tos-maliva-i-o3syd03w52-us/e63a5d3c8ad3455ab2640c8c01cb69ca~tplv-o3syd03w52-resize-jpeg:600:600.jpeg?dr=15584&from=520841845&idc=my&ps=933b5bde&shcp=6c17ea28&shp=1f0b6a75&t=555f072d,1732152860343633112,Curls By Zenutrients,美妆与个护,护发造型,4493,Curls by Zenutrients Post Rebond Set (CGM Approved),4.7,是,₱309.00,https://affiliate.tiktok.com/api/v1/share/AKxLFF4vzc4t,,,,,,,,,,
,https://p16-oec-sg.ibyteimg.com/tos-alisg-i-aphluv4xwc-sg/70a94dc6c0834e90b7f8db9ba6306a0b~tplv-aphluv4xwc-resize-jpeg:600:600.jpeg?dr=15584&from=520841845&idc=my&ps=933b5bde&shcp=6c17ea28&shp=1f0b6a75&t=555f072d,1735111805013820632,Curls By Zenutrients,美妆与个护,护发造型,685,Curls by Zenutrients Leave In 400mL + 250mL Conditioner (2x200mL Leave In and 1 150mL Conditioner),4.8,是,₱554.00,https://affiliate.tiktok.com/api/v1/share/AKxL1uGSjDiY,,,,,,,,,,
,https://p16-oec-sg.ibyteimg.com/tos-alisg-i-aphluv4xwc-sg/903d77ba8d13413db8b8dee8099d3ede~tplv-aphluv4xwc-resize-jpeg:600:600.jpeg?dr=15584&from=520841845&idc=my&ps=933b5bde&shcp=6c17ea28&shp=1f0b6a75&t=555f072d,1735112327913309400,Curls By Zenutrients,美妆与个护,护发造型,2060,Curls by Zenutrients Leave In 200mL + 150mL Conditioner (1x200mL Leave In and 1x150mL Conditioner),4.8,是,₱339.00,https://affiliate.tiktok.com/api/v1/share/AKxL1tcnpviM,,,,,,,,,,
,https://p16-oec-sg.ibyteimg.com/tos-alisg-i-aphluv4xwc-sg/61569daad5e1497a8e55fd24c3f7b232~tplv-aphluv4xwc-resize-jpeg:600:600.jpeg?dr=15584&from=520841845&idc=my&ps=933b5bde&shcp=6c17ea28&shp=1f0b6a75&t=555f072d,1735693875213469174,"Mosswood.ph
主推",家具,室内家具,3689,MossWood S1 8 Inch Medium Firm Silent Pocket Spring Mattress Anti Bacterial Budget Foam Rollable Apartment Dorm All Sizes Single Double Queen King Warranty [COD Available],4.9,是,"₱1,999.00-₱6,599.00",https://affiliate.tiktok.com/api/v1/share/AL8AciIK6ohH,,,,,,,,,,
,https://p16-oec-sg.ibyteimg.com/tos-alisg-i-aphluv4xwc-sg/e6c44e597dab46c7a9c9f56244c74dd7~tplv-aphluv4xwc-resize-jpeg:600:600.jpeg?dr=15584&from=520841845&idc=my&ps=933b5bde&shcp=6c17ea28&shp=1f0b6a75&t=555f072d,1735928050359305718,Mosswood.ph,家具,室内家具,151,"MossWood C1 10 Inch Memory Foam Spring Mattress with Ice Silk Fabric Deep Mint Cooling Layer, 30 Years Warranty Available Home Rental Dorm Single/Double/Queen/King Sizes [Free Pillows]",4.8,是,"₱3,999.00-₱9,299.00",https://affiliate.tiktok.com/api/v1/share/AL8Abij203eM,,,,,,,,,,
,https://p16-oec-sg.ibyteimg.com/tos-alisg-i-aphluv4xwc-sg/7a0b97c86cde4f53b625248f88ba2a9d~tplv-aphluv4xwc-resize-jpeg:600:600.jpeg?dr=15584&from=520841845&idc=my&ps=933b5bde&shcp=6c17ea28&shp=1f0b6a75&t=555f072d,1731831790309442956,"shopwithbonita
主推",美妆与个护,沐浴身体护理,1169179,BONITA Tawas Calamansi Persimmon Odor Eliminator + Whitening Soap 80g Natural Deodorant Bar Face & Body Pampaputi ng Kili-kili Niacinamide Brightening & Body Odor Solution Deodorize Antibacterial Daily Sensitive Cleanser Cleansing Skin Repair Smoother,4.7,是,₱69.00,https://affiliate.tiktok.com/api/v1/share/ALLYavwJNgTj,,,,,,,,,,
,https://p16-oec-sg.ibyteimg.com/tos-alisg-i-aphluv4xwc-sg/e8443440aa6341f0be9107d8ccc3d7eb~tplv-aphluv4xwc-resize-jpeg:600:600.jpeg?dr=15584&from=520841845&idc=my&ps=933b5bde&shcp=6c17ea28&shp=1f0b6a75&t=555f072d,1736279035468940684,"shopwithbonita
主推",美妆与个护,沐浴身体护理,11377,"BUY 1 GET 1 BONITA Tawas Kili-Kili Bundle | Tawas Niacinamide 5-in-1 Underarm Brightening Deo Cream 30g + Tawas Calamansi Persimmon Soap Bar 80g | Odor Control, Pampaputi ng Kili-Kili, Body care, Deodorant, Cleanser, non-sticky dark Cleansing, Moisturizer",4.7,是,₱288.00,https://affiliate.tiktok.com/api/v1/share/ALLKRzMv3AQj,,,,,,,,,,
,https://p16-oec-sg.ibyteimg.com/tos-alisg-i-aphluv4xwc-sg/b20a2fa45b0d434d9cfff31657729a8b~tplv-aphluv4xwc-resize-jpeg:600:600.jpeg?dr=15584&from=520841845&idc=my&ps=933b5bde&shcp=6c17ea28&shp=1f0b6a75&t=555f072d,1734376599171073420,"shopwithbonita
主推",美妆与个护,护肤,34915,"Bonita 8x White Boost Underarm Toner 125mL | Niacinamide + Glycolic Acid Brightening Deodorant Toner | Dark Spot Corrector, Odor Control, Smooth & Plump Whitening Kili-Kili Care with Aloe & Hyaluronic Acid 125ml Organic Brightening Skin Repair",4.8,是,₱180.91,https://affiliate.tiktok.com/api/v1/share/ALLKL9U2vOM6,,,,,,,,,,
,https://p16-oec-va.ibyteimg.com/tos-maliva-i-o3syd03w52-us/f8b95716a31b4fbeb8a78206a9f5a7cf~tplv-o3syd03w52-resize-jpeg:600:600.jpeg?dr=15584&from=520841845&idc=my&ps=933b5bde&shcp=6c17ea28&shp=1f0b6a75&t=555f072d,1729386196553993612,shopwithbonita,美妆与个护,沐浴身体护理,122918,"BONITA KOJIC Niacinamide 10x Whitening Soap with Centella Asiatica : 3in1 Benefits Reduce Acne, reduce signs of aging, Protects from Bacteria with Niacinamide ( Body Care Body Wash Cleansing Cleanser Skincare Skin Repair Comfort white sabon legit",4.8,是,₱94.29-₱380.00,https://affiliate.tiktok.com/api/v1/share/ALLZN6yYXzoi,,,,,,,,,,
,https://p16-oec-sg.ibyteimg.com/tos-alisg-i-aphluv4xwc-sg/1b068b06c2804da78e84ad0f9db7a070~tplv-aphluv4xwc-resize-jpeg:600:600.jpeg?dr=15584&from=520841845&idc=my&ps=933b5bde&shcp=6c17ea28&shp=1f0b6a75&t=555f072d,1730900516289676684,shopwithbonita,美妆与个护,沐浴身体护理,13418,"BONITA Kojic Niacinamide Vitamin C Advanced Brightening Serum Lotion 330mL | Arbutin, Aloe Vera, Green Tea | Gentle Daily Moisturizer for Dark Spots, Discoloration, Uneven Dull Skin | Whitening Hydrating Smooth Pampaputi Body Care Moisture Lightweight",4.8,是,₱299.00,https://affiliate.tiktok.com/api/v1/share/ALLKL8yQZoZ7,,,,,,,,,,
,https://p16-oec-sg.ibyteimg.com/tos-alisg-i-aphluv4xwc-sg/344eaba0990f4df7966ca731f634ccaf~tplv-aphluv4xwc-resize-jpeg:600:600.jpeg?dr=15584&from=520841845&idc=my&ps=933b5bde&shcp=6c17ea28&shp=1f0b6a75&t=555f072d,1729716008213776780,shopwithbonita,美妆与个护,沐浴身体护理,357263,"Bonita Sunflower Bakuchiol Inguinal Whitening Cream Plant-Derived | 5x Brightening Singit, Butt, Bikini, Tuhod,leeg Organic FDA Approved Pampaputi & Moisturizing, Moisturizer acne, dark spots scars Body Care Hydrating Kojic Cleansing Moisture Nourishing",4.7,是,₱188.00-₱275.00,https://affiliate.tiktok.com/api/v1/share/ALLKMXSjLPlH,,,,,,,,,,
,https://p16-oec-sg.ibyteimg.com/tos-alisg-i-aphluv4xwc-sg/5c1f18653d2e4d73a42529de01e04967~tplv-aphluv4xwc-resize-jpeg:600:600.jpeg?dr=15584&from=520841845&idc=my&ps=933b5bde&shcp=6c17ea28&shp=1f0b6a75&t=555f072d,1730818036826211724,shopwithbonita,美妆与个护,护肤,4659,"Bonita Niacinamide Tranexamic Brightening Spot Cream for Face - Reduce Dark Spots, Acne and HyperPigmentation - Skincare, Moisturizers, Moisturizing, Whitening Daily Hyaluronic Acid Lighten Lightening Redness Smooth Comfort Smoother Radiant",4.8,是,₱349.00,https://affiliate.tiktok.com/api/v1/share/ALLKL9KFDEb5,,,,,,,,,,
,https://p16-oec-sg.ibyteimg.com/tos-alisg-i-aphluv4xwc-sg/30d1b5255a464e429ca1a807f74d5bc4~tplv-aphluv4xwc-resize-jpeg:600:600.jpeg?dr=15584&from=520841845&idc=my&ps=933b5bde&shcp=6c17ea28&shp=1f0b6a75&t=555f072d,1736079686130632076,shopwithbonita,美妆与个护,沐浴身体护理,5235,"BONITA Tawas Niacinamide 5-in-1 Underarm Brightening Deo Cream 30g | Tawas Cream Alpha Arbutin, Glutathione & Vit E | Odor Control, Non-Sticky Gel-Cream Body Care Moisturizer Hydrating Skin Repair Moisture deodorant reduce body odor kili-kili Cosmetic",4.6,是,₱199.00,https://affiliate.tiktok.com/api/v1/share/ALLKQna3kgp8,,,,,,,,,,
,https://p16-oec-sg.ibyteimg.com/tos-alisg-i-aphluv4xwc-sg/8fd7cc719e4e427782486086d78a440b~tplv-aphluv4xwc-resize-jpeg:600:600.jpeg?dr=15584&from=520841845&idc=my&ps=933b5bde&shcp=6c17ea28&shp=1f0b6a75&t=555f072d,1730174044042856844,shopwithbonita,美妆与个护,护肤,26167,"BONITA Tinted Glow Screen SPF 50 PA++++ Broad Spectrum 4-in-1 Sunscreen, Moisturizer, Primer, Skin Firming | Niacinamide, Bakuchiol, Ceramide | Hydrating, Anti-Aging, Skin Barrier Repair Daily Use Moisture Facial Skincare Skin Repair Hydrate face Comfort",4.8,是,₱200.00,https://affiliate.tiktok.com/api/v1/share/ALLKL9Tt1dGV,,,,,,,,,,
,https://p16-oec-sg.ibyteimg.com/tos-alisg-i-aphluv4xwc-sg/8b2a30b9bff8428f859118e3c34c0a5f~tplv-aphluv4xwc-resize-jpeg:600:600.jpeg?dr=15584&from=520841845&idc=my&ps=933b5bde&shcp=6c17ea28&shp=1f0b6a75&t=555f072d,1730929636114270604,shopwithbonita,美妆与个护,护肤,47565,"BONITA Vitamin C Serum Sunscreen SPF 50 PA++++ Daily Use Facial,Neck &Body 4-in-1 UV Protection Anti-Aging Brightening Sun Protection Sensitive Organic Lightweight Niacinamide Skincare Repair Moisturizer Hydrating Moisture Comfort Hydrate Aloe Aloevera",4.8,是,₱180.91,https://affiliate.tiktok.com/api/v1/share/ALLKL8yQ1Zr0,,,,,,,,,,
,https://p16-oec-sg.ibyteimg.com/tos-alisg-i-aphluv4xwc-sg/8ed178e4ed3c4491897f6354a47acc65~tplv-aphluv4xwc-resize-jpeg:600:600.jpeg?dr=15584&from=520841845&idc=my&ps=933b5bde&shcp=6c17ea28&shp=1f0b6a75&t=555f072d,1733124753666770316,shopwithbonita,美妆与个护,沐浴身体护理,26677,BONITA Stretch Marks Butter Cream Pampaputi | Whitening & 48H Moisturizing Body Care Daily Skin Repair Aloe Moisturizer Moisturization Niacinamide Radiant Shea Moisture Cosmetic Lotions,4.7,是,₱188.00,https://affiliate.tiktok.com/api/v1/share/ALLKL9TyFX0r,,,,,,,,,,
,https://p16-oec-sg.ibyteimg.com/tos-alisg-i-aphluv4xwc-sg/32956b6208f3412b8e767b0b5e592ebb~tplv-aphluv4xwc-resize-jpeg:600:600.jpeg?dr=15584&from=520841845&idc=my&ps=933b5bde&shcp=6c17ea28&shp=1f0b6a75&t=555f072d,1733399875540059532,shopwithbonita,美妆与个护,护肤,8321,"BONITA Vitamin C+ Arbutin Serum 30ml Advanced Brightening for Dark Spots, Acne, Melasma, Glass Skin | With Alpha Arbutin, Tranexamic Acid ,Centella Asiatica | Pampaputi, Anti-aging, moisturizing UV protection for all skin types",4.8,是,₱266.97,https://affiliate.tiktok.com/api/v1/share/ALLKL9KFlJ6N,,,,,,,,,,
,https://p16-oec-sg.ibyteimg.com/tos-alisg-i-aphluv4xwc-sg/5285632d301743c9b351218dd7d95234~tplv-aphluv4xwc-resize-jpeg:600:600.jpeg?dr=15584&from=520841845&idc=my&ps=933b5bde&shcp=6c17ea28&shp=1f0b6a75&t=555f072d,1733441299715818892,shopwithbonita,美妆与个护,护肤,2713,BONITA Niacinamide Milk 5X Ceramide Exosome Serum Arbutin Skin Repair Hydrating • Pore-Refining • Soothing • Barrier Care • Brightening Hydrate Moisture Cleansing Daily Milky Radiance Moisturizer Moisturizer Sensitive Rice Restore Redness Discoloration,4.9,是,₱349.00,https://affiliate.tiktok.com/api/v1/share/ALLKLPXSauZo,,,,,,,,,,
,https://p16-oec-sg.ibyteimg.com/tos-alisg-i-aphluv4xwc-sg/f8e6fc7813704a57b3213937c6d2db2f~tplv-aphluv4xwc-resize-jpeg:600:600.jpeg?dr=15584&from=520841845&idc=my&ps=933b5bde&shcp=6c17ea28&shp=1f0b6a75&t=555f072d,1734223239740818828,shopwithbonita,美妆与个护,护肤,502,"BONITA 7x Ceramide 8D Hyaluronic Soothing Gel Moisturizer 50g for Face & Body | Deep Hydration, Skin Barrier Repair, Non-Greasy for Sensitive Skin Hyaluronic Hyaluronic Acid Lightweight Moisture Aloe Aloevera Vegan Niacinamide Redness",4.9,是,₱349.00,https://affiliate.tiktok.com/api/v1/share/ALLKMHBTjE0j,,,,,,,,,,
,https://p16-oec-sg.ibyteimg.com/tos-alisg-i-aphluv4xwc-sg/f54d393e645b40549bcf4a30ff31fe5d~tplv-aphluv4xwc-resize-jpeg:600:600.jpeg?dr=15584&from=520841845&idc=my&ps=933b5bde&shcp=6c17ea28&shp=1f0b6a75&t=555f072d,1729389636979756428,shopwithbonita,美妆与个护,沐浴身体护理,729196,"BONITA Sunflower Oil SPF 30 Collagen Firming 100ML Organic FDA approved | Pampaputi, Natural whitening, Hydrating, Moisturizer face & body care & massage oil Comfort Cosmetic Moisture Skincare Essential Oil BUY 1 GET 1 Scent aroma anti-aging",4.8,是,₱113.64-₱244.55,https://affiliate.tiktok.com/api/v1/share/ALLKLnF1Fm3i,,,,,,,,,,
,https://p16-oec-sg.ibyteimg.com/tos-alisg-i-aphluv4xwc-sg/1f7a98e833314ddfa4df519c6473a0be~tplv-aphluv4xwc-resize-jpeg:600:600.jpeg?dr=15584&from=520841845&idc=my&ps=933b5bde&shcp=6c17ea28&shp=1f0b6a75&t=555f072d,1729397741999852940,shopwithbonita,美妆与个护,沐浴身体护理,3077194,"Bonita Himalayan Pink Salt Oil SPF 30 Organic Face & Body Care & massage oil Comfort, Hydrating, Skin Toning, Cleanser, Moisture Skincare aroma Hydrate Moisturizer Moisturize VANILLA Cosmetic Non-sticky Acne Blemishes Pampaputi itch dry skin lightweight",4.8,是,₱149.00-₱288.00,https://affiliate.tiktok.com/api/v1/share/ALLKLmajrlIi,,,,,,,,,,
,https://p16-oec-sg.ibyteimg.com/tos-alisg-i-aphluv4xwc-sg/acd724f0c17b4e8896337afbac80ff9a~tplv-aphluv4xwc-resize-jpeg:600:600.jpeg?dr=15584&from=520841845&idc=my&ps=933b5bde&shcp=6c17ea28&shp=1f0b6a75&t=555f072d,1734224034216904076,shopwithbonita,美妆与个护,沐浴身体护理,5340,"BONITA Ceramide Collagen Intense Moisturizing Lotion deeply hydrates dry skin | 7 Ceramides, Collagen & 8D Hyaluronic Acid. Supports skin barrier, locks in moisture, smooths rough patches, firms skin, brightens, soothes Body Care Moisturizer Moisturizer",4.9,是,₱349.00,https://affiliate.tiktok.com/api/v1/share/ALLYavwJ6Vn9,,,,,,,,,,
,https://p16-oec-sg.ibyteimg.com/tos-alisg-i-aphluv4xwc-sg/cbdba52f9823464e95ac2fe5d5c58b52~tplv-aphluv4xwc-resize-jpeg:600:600.jpeg?dr=15584&from=520841845&idc=my&ps=933b5bde&shcp=6c17ea28&shp=1f0b6a75&t=555f072d,1731675136754419084,shopwithbonita,美妆与个护,护肤,117864,"BONITA 20X Brightening Boost Toner 120 ml Organic with Niacinamide, 7X Ceramides, Alpha Arbutin, Vitamin C, Peptides | Fades Acne Marks, Evens Skin Tone, Calming Redness | Hydrating & Gentle for Sensitive Skin | Glass Skin Glow Daily Repair Soothing",4.8,是,₱191.00,https://affiliate.tiktok.com/api/v1/share/ALLYawBxn76z,,,,,,,,,,
,https://p16-oec-sg.ibyteimg.com/tos-alisg-i-aphluv4xwc-sg/e3a8ba3287764856b9a578c68e377e69~tplv-aphluv4xwc-resize-jpeg:600:600.jpeg?dr=15584&from=520841845&idc=my&ps=933b5bde&shcp=6c17ea28&shp=1f0b6a75&t=555f072d,1732746112528778636,shopwithbonita,美妆与个护,护肤,44501,"BONITA Botanical Glycolic Acid Toner 7% AHA + Niacinamide Gentle Exfoliating Brightening Toner for Dark Spots, Acne Marks, Discoloration, Uneven Skin, Pink Glow, Hydrating, Sensitive Skin, Daily Use, Aloe, Skin Repair Moisture Moisturizer Hydrate",4.7,是,₱193.00,https://affiliate.tiktok.com/api/v1/share/ALLYawQQmmPa,,,,,,,,,,
,https://p16-oec-sg.ibyteimg.com/tos-alisg-i-aphluv4xwc-sg/00ae3dc6ff984f24b25db34360115ba3~tplv-aphluv4xwc-resize-jpeg:600:600.jpeg?dr=15584&from=520841845&idc=my&ps=933b5bde&shcp=6c17ea28&shp=1f0b6a75&t=555f072d,1734161296683992460,shopwithbonita,美妆与个护,沐浴身体护理,19728,"BONITA Himalayan Body Lotion 250mL Niacinamide + Ceramides + Hyaluronic Brightening,Barrier Care Moisture Moisturize Body Care Whitening Daily Intensive Lightweight Moisturizer Aloevera Hydrating Sensitive Soothing Skin Repair Sensitive Perfume Scented",4.8,是,₱245.72,https://affiliate.tiktok.com/api/v1/share/ALJfPGgFy0PA,,,,,,,,,,
,https://p16-oec-sg.ibyteimg.com/tos-alisg-i-aphluv4xwc-sg/4cddaa5e64a34bbea62d296c6ef45c84~tplv-aphluv4xwc-resize-jpeg:600:600.jpeg?dr=15584&from=520841845&idc=my&ps=933b5bde&shcp=6c17ea28&shp=1f0b6a75&t=555f072d,1729656747690199436,shopwithbonita,美妆与个护,沐浴身体护理,766244,"BONITA Himalayan Pink Salt Soap Organic 80g Face & Body Pampaputi Brightening Moisturizing Sabon for Dark Spots, Melasma, Acne Marks, Pimples & Itchy Skin Gentle Daily Exfoliating Hydrating Cleanser Sensitive Skin Shea Rice Cleansing Moisturizer Moisture",4.8,是,₱75.00-₱175.00,https://affiliate.tiktok.com/api/v1/share/ALLYe9af2uj7,,,,,,,,,,
,https://p16-oec-sg.ibyteimg.com/tos-alisg-i-aphluv4xwc-sg/6a8ed0bdae4145009c7d75a0b111ae0e~tplv-aphluv4xwc-resize-jpeg:600:600.jpeg?dr=15584&from=520841845&idc=my&ps=933b5bde&shcp=6c17ea28&shp=1f0b6a75&t=555f072d,1737140302107935750,"cocofood 
主推",食品饮料,零食,15333,COCO Japanese peanuts Garlic flavor Pack - 500g - Perfect for Party Catch-up Share snacks,4.8,是,₱135.00,https://affiliate.tiktok.com/api/v1/share/ALM1Qd4wDRQS,,,,,,,,,,
,https://p16-oec-sg.ibyteimg.com/tos-alisg-i-aphluv4xwc-sg/d978eca09b6b4694af40235b70ec144a~tplv-aphluv4xwc-resize-jpeg:600:600.jpeg?dr=15584&from=520841845&idc=my&ps=933b5bde&shcp=6c17ea28&shp=1f0b6a75&t=555f072d,1735860631633954428,"cocofood-Mindanao
主推",食品饮料,饮料,6685,"【BUY 1 TAKE 1】COCO KING Nata De Coco Drink 450g | Lychee, Strawberry & Grape | Refreshing Coconut Jelly Fruit Drink | Delicious Chilled Beverage for Family, School & Office | TikTok Shop Exclusive | Ships from Mindanao",4.8,是,₱85.00,https://affiliate.tiktok.com/api/v1/share/ALNKCtDbUccV,,,,,,,,,,
,https://p16-oec-sg.ibyteimg.com/tos-alisg-i-aphluv4xwc-sg/c428eca26367499d9778b7ffe940800c~tplv-aphluv4xwc-resize-jpeg:600:600.jpeg?dr=15584&from=520841845&idc=my&ps=933b5bde&shcp=6c17ea28&shp=1f0b6a75&t=555f072d,1736873160415347718,"cocofood 
主推",食品饮料,零食,299,COCO Chicken Leg Chocolate 50g per pcs- Chicken leg shape chocolate Snack Dessert Snack Dessert fun class office travel snack,4.9,是,₱99.00,https://affiliate.tiktok.com/api/v1/share/ALM1NLap1CzC,,,,,,,,,,
,https://p16-oec-sg.ibyteimg.com/tos-alisg-i-aphluv4xwc-sg/e48f20e72e56411189c01cd2752cc2ba~tplv-aphluv4xwc-resize-jpeg:600:600.jpeg?dr=15584&from=520841845&idc=my&ps=933b5bde&shcp=6c17ea28&shp=1f0b6a75&t=555f072d,1731057586098767878,"cocofood 
主推",食品饮料,零食,156635,【BUY 1 TAKE 1】COCO 3D Mini Soft Candy eyeball/ Duck /Earth/ Strawberry/Watermelon HALLOWEEN candy Prank fudge Holiday candy,4.7,是,₱180.00,https://affiliate.tiktok.com/api/v1/share/ALXVr8VYkg1L,,,,,,,,,,
,https://p16-oec-sg.ibyteimg.com/tos-alisg-i-aphluv4xwc-sg/6853b3e242944d3792d1ba94611c10cc~tplv-aphluv4xwc-resize-jpeg:600:600.jpeg?dr=15584&from=520841845&idc=my&ps=933b5bde&shcp=6c17ea28&shp=1f0b6a75&t=555f072d,1737724454281970694,cocofood,食品饮料,零食,13,"COCO handmade cakes - Original cake 120g / Triangle cake 100g Chocolate / Red Velvet / Barley Leaves. Cake, snack, pastry, breakfast cake.",0,是,"₱64.00-₱1,949.00",https://affiliate.tiktok.com/api/v1/share/ALXVr7uY1Pf4,,,,,,,,,,
,https://p16-oec-sg.ibyteimg.com/tos-alisg-i-aphluv4xwc-sg/3db0025f2bcf4a1485f5e128abd4817d~tplv-aphluv4xwc-resize-jpeg:600:600.jpeg?dr=15584&from=520841845&idc=my&ps=933b5bde&shcp=6c17ea28&shp=1f0b6a75&t=555f072d,1729397874758683654,cocofood,食品饮料,零食,36804,COCO Monster Eyeball/pumpkin head Fluorescent Lollipop Halloween Special Offer-30pcs per inner Candy Snack,4.9,是,₱134.99,https://affiliate.tiktok.com/api/v1/share/ALXVr8y7uWGT,,,,,,,,,,
,https://p16-oec-sg.ibyteimg.com/tos-alisg-i-aphluv4xwc-sg/d110babf88e8484a90f43e40a3883a77~tplv-aphluv4xwc-resize-jpeg:600:600.jpeg?dr=15584&from=520841845&idc=my&ps=933b5bde&shcp=6c17ea28&shp=1f0b6a75&t=555f072d,1731076191378376710,cocofood,食品饮料,零食,9754,COCO Halloween Cartoon lollipop 30PCS per box Holiday Snacks - Sharing Pack,4.8,是,₱136.00,https://affiliate.tiktok.com/api/v1/share/ALXVr7uYIOAT,,,,,,,,,,
,https://p16-oec-sg.ibyteimg.com/tos-alisg-i-aphluv4xwc-sg/fc581268b1dd40af8e9024882e502cde~tplv-aphluv4xwc-resize-jpeg:600:600.jpeg?dr=15584&from=520841845&idc=my&ps=933b5bde&shcp=6c17ea28&shp=1f0b6a75&t=555f072d,1737075766188278790,cocofood,食品饮料,零食,6,COCO Himalayan Salt Candy 36% real fruit juice 18G X10pcs per box 180g |Sharing Bag/Post-exercise vitamin and salt supplement/Party candy|Share container,0,是,₱329.00,https://affiliate.tiktok.com/api/v1/share/ALM1Mu7luamz,,,,,,,,,,
,https://p16-oec-sg.ibyteimg.com/tos-alisg-i-aphluv4xwc-sg/8e628b1695b6428dadfdf0f02ca0b5f1~tplv-aphluv4xwc-resize-jpeg:600:600.jpeg?dr=15584&from=520841845&idc=my&ps=933b5bde&shcp=6c17ea28&shp=1f0b6a75&t=555f072d,1730304856285415430,cocofood,食品饮料,饮料,246940,【BUY 1 TAKE 1】COCO KING Nata De Coco Drink 450g | Fruity Flavors | Lychee&Strawberry|Grapes,4.8,是,₱83.00,https://affiliate.tiktok.com/api/v1/share/ALSt2UFz6jD9,,,,,,,,,,
,https://p16-oec-sg.ibyteimg.com/tos-alisg-i-aphluv4xwc-sg/484d0595282c4e19a1e39a66aa115126~tplv-aphluv4xwc-resize-jpeg:600:600.jpeg?dr=15584&from=520841845&idc=my&ps=933b5bde&shcp=6c17ea28&shp=1f0b6a75&t=555f072d,1729382550484454406,cocofood,食品饮料,零食,235581,"COCO | Premium Chocolate Almond, Weight per inner 88 grams - Gourmet Indulging Treat for Chocolate Lovers, Perfect for Sweet Tooth Cravings | Enjoy in Snack Breaks or Special Occasions, Guaranteed Freshness & Timely Delivery. Dessert Flavor Bonbon",4.6,是,₱74.99,https://affiliate.tiktok.com/api/v1/share/ALM1QGzDPNv5,,,,,,,,,,
,https://p16-oec-sg.ibyteimg.com/tos-alisg-i-aphluv4xwc-sg/7735da7b13ac4978ac157304590f6e6e~tplv-aphluv4xwc-resize-jpeg:600:600.jpeg?dr=15584&from=520841845&idc=my&ps=933b5bde&shcp=6c17ea28&shp=1f0b6a75&t=555f072d,1729382553092852742,cocofood,食品饮料,零食,1482503,COCO Sunflower Seeds Pack - 500g Caramel/Spiced Sunflower Seeds - Perfect for Party Catch-up Share snacks,4.8,是,₱124.30,https://affiliate.tiktok.com/api/v1/share/ALM1NLajF3Ss,,,,,,,,,,
,https://p16-oec-sg.ibyteimg.com/tos-alisg-i-aphluv4xwc-sg/e82bb5ca05414c2eae5e883b5f3dcc29~tplv-aphluv4xwc-resize-jpeg:600:600.jpeg?dr=15584&from=520841845&idc=my&ps=933b5bde&shcp=6c17ea28&shp=1f0b6a75&t=555f072d,1729382553930271750,cocofood,食品饮料,零食,177858,coco Mico Chocolate Biscuit Sandwich Cream 376 gram-75 Pcs per pack Snack,4.8,是,₱89.50,https://affiliate.tiktok.com/api/v1/share/ALM1MOGPz89k,,,,,,,,,,
,https://p16-oec-sg.ibyteimg.com/tos-alisg-i-aphluv4xwc-sg/cbc86a078cfc482bbbc28b23c01bd544~tplv-aphluv4xwc-resize-jpeg:600:600.jpeg?dr=15584&from=520841845&idc=my&ps=933b5bde&shcp=6c17ea28&shp=1f0b6a75&t=555f072d,1729382554748554246,cocofood,食品饮料,零食,138380,"COCO Assorted Macarons - Variety Pack, 376g Box, 60 Pieces of French-inspired Indulgence Snack Cookie Biscuits Birthday",4.8,是,₱88.00,https://affiliate.tiktok.com/api/v1/share/ALM1QGzF3TS5,,,,,,,,,,
,https://p16-oec-sg.ibyteimg.com/tos-alisg-i-aphluv4xwc-sg/59e60cf00587463b98f223965faaf7be~tplv-aphluv4xwc-resize-jpeg:600:600.jpeg?dr=15584&from=520841845&idc=my&ps=933b5bde&shcp=6c17ea28&shp=1f0b6a75&t=555f072d,1729388812235869190,cocofood,食品饮料,零食,1356567,coco energy fruity chewy milk candy-30 tubes 5pcs candy in a tube-New packaging of the paper box-FOUR flavors grapes strawberry pineapple blueberry cola Snack Sweet Candies Soft Bonbon,4.7,是,₱87.74-₱176.42,https://affiliate.tiktok.com/api/v1/share/ALM1NLak4CkE,,,,,,,,,,
,https://p16-oec-sg.ibyteimg.com/tos-alisg-i-aphluv4xwc-sg/55ebc12c42a24c6ea64c1b857343705e~tplv-aphluv4xwc-resize-jpeg:600:600.jpeg?dr=15584&from=520841845&idc=my&ps=933b5bde&shcp=6c17ea28&shp=1f0b6a75&t=555f072d,1729622879526750214,cocofood,食品饮料,零食,232729,"COCO Blasting Ice Cream Cone Chocolate - 25-27 Piece Pack, 300G -two flavors Strawberry Chocolate Snack Dessert Bonbon",4.8,是,₱129.25,https://affiliate.tiktok.com/api/v1/share/ALM1MOGQoJKV,,,,,,,,,,
,https://p16-oec-sg.ibyteimg.com/tos-alisg-i-aphluv4xwc-sg/3b0c5deb31274ab5a7f68089106927ae~tplv-aphluv4xwc-resize-jpeg:600:600.jpeg?dr=15584&from=520841845&idc=my&ps=933b5bde&shcp=6c17ea28&shp=1f0b6a75&t=555f072d,1729622882903558150,cocofood,食品饮料,零食,230588,COCO Creambar Chocolate 300g - 25-28 Piece per Pack - Perfect for Celebrations-three flavors Chocolate Strawberry Matcha Dessert Snack Bonbon,4.8,是,₱129.25,https://affiliate.tiktok.com/api/v1/share/ALM1QGzFsatc,,,,,,,,,,
,https://p16-oec-sg.ibyteimg.com/tos-alisg-i-aphluv4xwc-sg/0627ec4e0d9045c987934746ad49cb17~tplv-aphluv4xwc-resize-jpeg:600:600.jpeg?dr=15584&from=520841845&idc=my&ps=933b5bde&shcp=6c17ea28&shp=1f0b6a75&t=555f072d,1729622896253175814,cocofood,食品饮料,零食,689952,"Coco Pudding Candy - Strawberry,Grape,Mango,Mangosteen,Durian,Passion Fruit - Fun & Tasty Treat - 80pcs in 368g Jar Snack Sweet Candies Bonbon",4.8,是,₱91.51,https://affiliate.tiktok.com/api/v1/share/ALM1NLakLLqK,,,,,,,,,,
,https://p16-oec-sg.ibyteimg.com/tos-alisg-i-aphluv4xwc-sg/c8d1012457fc40bfa77e67ef47bae8e9~tplv-aphluv4xwc-resize-jpeg:600:600.jpeg?dr=15584&from=520841845&idc=my&ps=933b5bde&shcp=6c17ea28&shp=1f0b6a75&t=555f072d,1729647020459198470,cocofood,食品饮料,零食,206592,COCO PARTY LOLLIPOP 30pcs per inner cola/fries/donut/icecream Shape Snack Candy Sweet Bonbon Candies,4.8,是,₱125.48-₱128.31,https://affiliate.tiktok.com/api/v1/share/ALM1MOGR5MIZ,,,,,,,,,,
,https://p16-oec-sg.ibyteimg.com/tos-alisg-i-aphluv4xwc-sg/a024e50e335c46a3bdc0808a4cda9193~tplv-aphluv4xwc-resize-jpeg:600:600.jpeg?dr=15584&from=520841845&idc=my&ps=933b5bde&shcp=6c17ea28&shp=1f0b6a75&t=555f072d,1729771515561216006,cocofood,食品饮料,零食,369447,COCO Candy Sour Head Chewy Candy 30pcs Per Inner Box | Mix Flavour Snack Bonbon,4.8,是,₱133.65-₱137.39,https://affiliate.tiktok.com/api/v1/share/ALM1QGzG9deT,,,,,,,,,,
,https://p16-oec-sg.ibyteimg.com/tos-alisg-i-aphluv4xwc-sg/6e8d056d22564313998be67975e3c87f~tplv-aphluv4xwc-resize-jpeg:600:600.jpeg?dr=15584&from=520841845&idc=my&ps=933b5bde&shcp=6c17ea28&shp=1f0b6a75&t=555f072d,1730251042587969542,cocofood,食品饮料,零食,214794,COCO Sour Gummy Assorted Flavor Taste Upgrade Square or star choose | 30packs Per Inner|,4.8,是,₱134.91-₱145.00,https://affiliate.tiktok.com/api/v1/share/ALM1NLalzhzZ,,,,,,,,,,
,https://p16-oec-sg.ibyteimg.com/tos-alisg-i-aphluv4xwc-sg/48623ca485d84d8b9cf02e745e0fe2f1~tplv-aphluv4xwc-resize-jpeg:600:600.jpeg?dr=15584&from=520841845&idc=my&ps=933b5bde&shcp=6c17ea28&shp=1f0b6a75&t=555f072d,1730320474950830086,cocofood,食品饮料,零食,222203,COCO Sour Tongue Crunchy Candy 30's Per Box | Sour&Sweet | Colorful,4.8,是,₱133.65-₱137.39,https://affiliate.tiktok.com/api/v1/share/ALM1MOGRMKHY,,,,,,,,,,
,https://p16-oec-sg.ibyteimg.com/tos-alisg-i-aphluv4xwc-sg/1014ec2357274a7d93637b8728c67fcc~tplv-aphluv4xwc-resize-jpeg:600:600.jpeg?dr=15584&from=520841845&idc=my&ps=933b5bde&shcp=6c17ea28&shp=1f0b6a75&t=555f072d,1730487224117069830,cocofood,食品饮料,零食,345505,【BUY 1 TAKE 1】COCO Sour Fruits Beans Chewy Candy 12pack Per Inner Box,4.8,是,₱111.22-₱115.89,https://affiliate.tiktok.com/api/v1/share/ALM1QGzGQsbQ,,,,,,,,,,
,https://p16-oec-sg.ibyteimg.com/tos-alisg-i-aphluv4xwc-sg/829f1668b6564f7bb535c204b8038bab~tplv-aphluv4xwc-resize-jpeg:600:600.jpeg?dr=15584&from=520841845&idc=my&ps=933b5bde&shcp=6c17ea28&shp=1f0b6a75&t=555f072d,1730567873576928262,cocofood,食品饮料,零食,63282,COCO Super Sour Hard Candy 30pcs Per Inner Box,4.8,是,₱143.00-₱147.00,https://affiliate.tiktok.com/api/v1/share/ALM1NLamGhPM,,,,,,,,,,
,https://p16-oec-sg.ibyteimg.com/tos-alisg-i-aphluv4xwc-sg/6470b7d39e3d42b286612b4d6366bbc8~tplv-aphluv4xwc-resize-jpeg:600:600.jpeg?dr=15584&from=520841845&idc=my&ps=933b5bde&shcp=6c17ea28&shp=1f0b6a75&t=555f072d,1731820801816822790,cocofood,食品饮料,零食,567669,COCO Smoke popping candy Absorbable jelly smoothie 30 pieces per box Three flavors-Strawberries / Grapes / Cola tastes better when refrigerated,4.8,是,₱114.96-₱117.76,https://affiliate.tiktok.com/api/v1/share/ALM1MOGRuHRi,,,,,,,,,,
,https://p16-oec-sg.ibyteimg.com/tos-alisg-i-aphluv4xwc-sg/02d23036e374438fb107d11a30a96243~tplv-aphluv4xwc-resize-jpeg:600:600.jpeg?dr=15584&from=520841845&idc=my&ps=933b5bde&shcp=6c17ea28&shp=1f0b6a75&t=555f072d,1733528444228699142,cocofood,食品饮料,零食,23725,[WOW Sulit rush deal] COCO 【BUY 1 TAKE 1】 Cool Mint Candy Mixed Fruit Flavor 150G about 150pcs |Sharing Bag/Good For LoopBag/Party|Fruity,4.9,是,₱77.00-₱467.00,https://affiliate.tiktok.com/api/v1/share/ALM1QGzNJAhB,,,,,,,,,,
,https://p16-oec-sg.ibyteimg.com/tos-alisg-i-aphluv4xwc-sg/ea6b1acece73420b842794dca077898e~tplv-aphluv4xwc-resize-jpeg:600:600.jpeg?dr=15584&from=520841845&idc=my&ps=933b5bde&shcp=6c17ea28&shp=1f0b6a75&t=555f072d,1734744312105894918,cocofood,食品饮料,零食,58829,"【BUY 1 TAKE 1】[TikTok Shop Exclusive]COCO Potato Chips Beef in sauce/Cheese/Chicken Scallion/Nori/Shrimp Flavor 18G , 18G X 10pcs per bag |Tsitsirya (Junk food) |Ready To Eat |Spicy&Crispy| Instant",4.8,是,₱100.00,https://affiliate.tiktok.com/api/v1/share/ALM1NLandokO,,,,,,,,,,
,https://p16-oec-sg.ibyteimg.com/tos-alisg-i-aphluv4xwc-sg/f01f7ed865b542e3aae116bf49c741ef~tplv-aphluv4xwc-resize-jpeg:600:600.jpeg?dr=15584&from=520841845&idc=my&ps=933b5bde&shcp=6c17ea28&shp=1f0b6a75&t=555f072d,1736040593571742726,cocofood,食品饮料,零食,2899,"【BUY 3 TAKE 3】COCO Kiss Sugar Free Tablet Candy 12G per Pcs Grapes/ LIME / Passion/ Cola fresh-breath lozenges, lemon fruit throat-soothing snacks, and mouth-scented pressed candies",4.8,是,₱46.00-₱229.00,https://affiliate.tiktok.com/api/v1/share/ALM1MOGTYbFa,,,,,,,,,,
,https://p16-oec-sg.ibyteimg.com/tos-alisg-i-aphluv4xwc-sg/caa4365870b4485fbf80b32abe57c777~tplv-aphluv4xwc-resize-jpeg:600:600.jpeg?dr=15584&from=520841845&idc=my&ps=933b5bde&shcp=6c17ea28&shp=1f0b6a75&t=555f072d,1736505424278356998,cocofood,食品饮料,零食,2862,COCO Peelova gummy candy Peelable candy Grape/Lychee/Strawberry flavor 388G The soft Gummy candy coating surrounds the rich-flavored jam Party - Office - Travel - Snacks for Leisure,4.7,是,₱199.00,https://affiliate.tiktok.com/api/v1/share/ALM1QGzOxLY2,,,,,,,,,,
,https://p16-oec-sg.ibyteimg.com/tos-alisg-i-aphluv4xwc-sg/75b2ebeb8efa4d6dabf9c0d63b3dda6b~tplv-aphluv4xwc-resize-jpeg:600:600.jpeg?dr=15584&from=520841845&idc=my&ps=933b5bde&shcp=6c17ea28&shp=1f0b6a75&t=555f072d,1735361082042582652,cocofood-Mindanao,食品饮料,零食,1302,"COCO Sunflower Seeds 500g – Caramel & Spiced Flavors | Fun Snack for Parties, Catch-ups & Sharing | Ships from Mindanao",4.7,是,₱135.00,https://affiliate.tiktok.com/api/v1/share/ALNKBZyA5JfI,,,,,,,,,,
,https://p16-oec-sg.ibyteimg.com/tos-alisg-i-aphluv4xwc-sg/b1ee51d5e0dd419aac00047ce5108ff8~tplv-aphluv4xwc-resize-jpeg:600:600.jpeg?dr=15584&from=520841845&idc=my&ps=933b5bde&shcp=6c17ea28&shp=1f0b6a75&t=555f072d,1735361083980678780,cocofood-Mindanao,食品饮料,零食,1264,"COCO Colorful Plum 408g – Mixed & Blueberry Flavors | Fun Snack for Sharing, Office, or On-the-Go | Ships from Mindanao",4.7,是,₱125.00,https://affiliate.tiktok.com/api/v1/share/ALNKCtMbz3Td,,,,,,,,,,
,https://p16-oec-sg.ibyteimg.com/tos-alisg-i-aphluv4xwc-sg/9d2799b240ee4195b471c78fcc653c0d~tplv-aphluv4xwc-resize-jpeg:600:600.jpeg?dr=15584&from=520841845&idc=my&ps=933b5bde&shcp=6c17ea28&shp=1f0b6a75&t=555f072d,1735361153843562108,cocofood-Mindanao,食品饮料,零食,2769,"[BUY 1 TAKE 1] COCO Potato Chips 18g x 10pcs – 5 Flavors (Beef in Sauce, Cheese, Chicken Scallion, Nori, Shrimp) | Spicy & Crispy Junk Food Snack | Ready to Eat | Ships from Mindanao",4.8,是,₱109.00,https://affiliate.tiktok.com/api/v1/share/ALNKCtDZZFUW,,,,,,,,,,
,https://p16-oec-sg.ibyteimg.com/tos-alisg-i-aphluv4xwc-sg/bb2be54f940d44f9a89e1d60c6914947~tplv-aphluv4xwc-resize-jpeg:600:600.jpeg?dr=15584&from=520841845&idc=my&ps=933b5bde&shcp=6c17ea28&shp=1f0b6a75&t=555f072d,1735363529501607548,cocofood-Mindanao,食品饮料,零食,854,"[BUY 1 TAKE 1] COCO Krunch Chocolate 350+70g / 170g – Crunchy Cereal Snack in 3 Flavors (Choco, Matcha, Pistachio) | Perfect for Sharing in Large Jar | Ships from Mindanao",4.5,是,₱82.50-₱298.00,https://affiliate.tiktok.com/api/v1/share/ALNKBZyBSXcD,,,,,,,,,,
,https://p16-oec-sg.ibyteimg.com/tos-alisg-i-aphluv4xwc-sg/cb18690b046643258abc34ae7f3ce52f~tplv-aphluv4xwc-resize-jpeg:600:600.jpeg?dr=15584&from=520841845&idc=my&ps=933b5bde&shcp=6c17ea28&shp=1f0b6a75&t=555f072d,1735558747166770812,cocofood-Mindanao,食品饮料,零食,5060,"[BUY 1 TAKE 1] COCO Juice Candy 320g – Assorted Flavors, Soft & Fruity Treats for Party, Office, Travel | Ships from Mindanao",4.8,是,₱165.00,https://affiliate.tiktok.com/api/v1/share/ALNKCtMcFttF,,,,,,,,,,
,https://p16-oec-sg.ibyteimg.com/tos-alisg-i-aphluv4xwc-sg/92ee022167e041398e32ce66799cfbc9~tplv-aphluv4xwc-resize-jpeg:600:600.jpeg?dr=15584&from=520841845&idc=my&ps=933b5bde&shcp=6c17ea28&shp=1f0b6a75&t=555f072d,1735558875182564988,cocofood-Mindanao,食品饮料,零食,418,COCO Heart Chocolate - 100 pcs per jar -Random color jar shipment-Chocolate Snack sharing party holiday gift,4.9,是,₱109.00,https://affiliate.tiktok.com/api/v1/share/ALNKCtDawZdQ,,,,,,,,,,
,https://p16-oec-sg.ibyteimg.com/tos-alisg-i-aphluv4xwc-sg/d4de5f095bb44a2ab44fa7d654e81861~tplv-aphluv4xwc-resize-jpeg:600:600.jpeg?dr=15584&from=520841845&idc=my&ps=933b5bde&shcp=6c17ea28&shp=1f0b6a75&t=555f072d,1735558984382645884,cocofood-Mindanao,食品饮料,零食,764,"COCO Sour Chewy Candy 30pcs – Mixed Flavors Snack Bonbons | Ready to Enjoy, Ships from Mindanao",4.8,是,₱145.00-₱159.00,https://affiliate.tiktok.com/api/v1/share/ALNKBZyBjh92,,,,,,,,,,
,https://p16-oec-sg.ibyteimg.com/tos-alisg-i-aphluv4xwc-sg/fa9c3bafa56644c5bbad6b55355b55d2~tplv-aphluv4xwc-resize-jpeg:600:600.jpeg?dr=15584&from=520841845&idc=my&ps=933b5bde&shcp=6c17ea28&shp=1f0b6a75&t=555f072d,1735558998037464700,cocofood-Mindanao,食品饮料,零食,431,"[BUY 1 TAKE 1] COCO I-Choco Cup – Chocolate & Biscuit Sticks, 10pcs | Sweet Treats for Snacks | Ships from Mindanao",4.7,是,₱125.00,https://affiliate.tiktok.com/api/v1/share/ALNKCtMddOk4,,,,,,,,,,
,https://p16-oec-sg.ibyteimg.com/tos-alisg-i-aphluv4xwc-sg/33fa43ae82be4d7bb918d28e26a7e2a8~tplv-aphluv4xwc-resize-jpeg:600:600.jpeg?dr=15584&from=520841845&idc=my&ps=933b5bde&shcp=6c17ea28&shp=1f0b6a75&t=555f072d,1735559023690876540,cocofood-Mindanao,食品饮料,零食,953,"[BUY 1 TAKE 1] COCO Sour Fruits Beans Chewy Candy 12pcs – Fruity Fun Treats, Ready to Enjoy | Ships from Mindanao",4.9,是,₱121.00-₱139.00,https://affiliate.tiktok.com/api/v1/share/ALNKCtDbDjOg,,,,,,,,,,
,https://p19-oec-sg.ibyteimg.com/tos-alisg-i-aphluv4xwc-sg/6cb2f8c8d7a54b2da4108f12f002d43e~tplv-aphluv4xwc-resize-jpeg:600:600.jpeg?dr=15584&from=520841845&idc=my&ps=933b5bde&shcp=6c17ea28&shp=1f0b6a75&t=555f072d,1735559045326669436,cocofood-Mindanao,食品饮料,零食,79,"COCO Squeeze Candies 150g – 30 Pieces of Bursting Fruit Flavors (Grape, Strawberry, Apple) | Fun & Sweet Snack Treats | Ships from Mindanao",5,是,₱198.00,https://affiliate.tiktok.com/api/v1/share/ALNKBZyD6gLP,,,,,,,,,,
,https://p16-oec-sg.ibyteimg.com/tos-alisg-i-aphluv4xwc-sg/a803cfd09bff4440a042428f5ade1148~tplv-aphluv4xwc-resize-jpeg:600:600.jpeg?dr=15584&from=520841845&idc=my&ps=933b5bde&shcp=6c17ea28&shp=1f0b6a75&t=555f072d,1735675151630960252,cocofood-Mindanao,食品饮料,零食,57,"[TikTok Shop Exclusive] COCO BUY 1 TAKE 1 Colorful Plum 408g– Mixed & Blueberry Flavors | Fun Snack for Sharing, Office, or On-the-Go | Ships from Mindanao",4.7,是,₱250.00,https://affiliate.tiktok.com/api/v1/share/ALNKCtMduQCv,,,,,,,,,,
,https://p16-oec-sg.ibyteimg.com/tos-alisg-i-aphluv4xwc-sg/e9507bfd6ee64ea5b717802fe7ecb798~tplv-aphluv4xwc-resize-jpeg:600:600.jpeg?dr=15584&from=520841845&idc=my&ps=933b5bde&shcp=6c17ea28&shp=1f0b6a75&t=555f072d,1735862093748536956,cocofood-Mindanao,食品饮料,零食,33,"COCO Premium Cream Bar Chocolate Candy 1kg Box | 80-90pcs Chocolate Bonbon | Individually Wrapped Sweet Dessert Snack | Perfect Gift for Christmas, Parties & Sharing | Long Shelf Life | TikTok Shop Exclusive",5,是,₱378.00,https://affiliate.tiktok.com/api/v1/share/ALNKBZyDNvu4,,,,,,,,,,
,https://p16-oec-sg.ibyteimg.com/tos-alisg-i-aphluv4xwc-sg/90e435e1f5104ea8b4a8b20931bdf536~tplv-aphluv4xwc-resize-jpeg:600:600.jpeg?dr=15584&from=520841845&idc=my&ps=933b5bde&shcp=6c17ea28&shp=1f0b6a75&t=555f072d,1735892677966595708,cocofood-Mindanao,食品饮料,零食,3969,"Coco Cheese Cube Candy 100pcs Jar - Assorted Chocolate Strawberry Milk Yogurt Flavors, Sweet Snack Candy, Kids Favorite, Party Candy, Pasalubong, School Snacks, Individually Wrapped | Mindanao Ship",4.5,是,₱99.00,https://affiliate.tiktok.com/api/v1/share/ALNKCtMeBJDX,,,,,,,,,,
,https://p16-oec-sg.ibyteimg.com/tos-alisg-i-aphluv4xwc-sg/09e917ddc7cf410b99e5f02a556b4f0e~tplv-aphluv4xwc-resize-jpeg:600:600.jpeg?dr=15584&from=520841845&idc=my&ps=933b5bde&shcp=6c17ea28&shp=1f0b6a75&t=555f072d,1735897570704787068,cocofood-Mindanao,食品饮料,零食,301,COCO fruity chewy milk candy Acrylic box -30 tubes 5pcs candy in a tube-New packaging of the paper box-Six flavors grapes/ strawberry/ pineapple/ blueberry/ cola /Yogurt Snack Sweet Candies Soft Bonbon,4.7,是,₱115.00-₱189.00,https://affiliate.tiktok.com/api/v1/share/ALNKCtDcs0O9,,,,,,,,,,
,https://p16-oec-sg.ibyteimg.com/tos-alisg-i-aphluv4xwc-sg/9070459313f4418d91971a44abdf1c48~tplv-aphluv4xwc-resize-jpeg:600:600.jpeg?dr=15584&from=520841845&idc=my&ps=933b5bde&shcp=6c17ea28&shp=1f0b6a75&t=555f072d,1736342077704210044,cocofood-Mindanao,食品饮料,零食,2511,COCO Sour Juice QQ Gummy 18g x 30pcs Jar | Assorted Flavor Fruit Jelly Candy | Blueberry Strawberry Grape Apple Lemon Chewy Sweet Snack | Soft Bonbon Candy for Kids Party Gift Sharing | Random New/Old Packaging | Ships from Mindanao,4.7,是,₱127.00-₱139.00,https://affiliate.tiktok.com/api/v1/share/ALNKBZyDeqAj,,,,,,,,,,
,https://p16-oec-sg.ibyteimg.com/tos-alisg-i-aphluv4xwc-sg/e72cdf8d7eea405aba0c9e10d7691e75~tplv-aphluv4xwc-resize-jpeg:600:600.jpeg?dr=15584&from=520841845&idc=my&ps=933b5bde&shcp=6c17ea28&shp=1f0b6a75&t=555f072d,1736342624106677884,cocofood-Mindanao,食品饮料,零食,4,"COCO Kiss Sugar Free Candy 12g x 20pcs x 12 Inner | Fresh Breath Lozenges with Grape, Lime, Passion Fruit & Cola Flavors | Fruity Pressed Mint Candy Snack | Refreshing Mouth Freshener | Party Sharing Treat & Gift Idea | Ships from Mindanao",5,是,₱219.00,https://affiliate.tiktok.com/api/v1/share/ALNKCtMfYb7n,,,,,,,,,,
,https://p16-oec-sg.ibyteimg.com/tos-alisg-i-aphluv4xwc-sg/a2ecb7d202774dc1a2001474b3966ee8~tplv-aphluv4xwc-resize-jpeg:600:600.jpeg?dr=15584&from=520841845&idc=my&ps=933b5bde&shcp=6c17ea28&shp=1f0b6a75&t=555f072d,1736786348927911548,cocofood-Mindanao,食品饮料,零食,46,COCO Valentine's Day Truffle chocolate 160G Bucket |Chocolate Flavor| Snack Office - friend - Travel - Gather for dinner - Snacks for relaxation,5,是,₱119.00,https://affiliate.tiktok.com/api/v1/share/ALNKCtDd92he,,,,,,,,,,
,https://p16-oec-sg.ibyteimg.com/tos-alisg-i-aphluv4xwc-sg/690c5a97c9224249b19c9ee46362ea56~tplv-aphluv4xwc-resize-jpeg:600:600.jpeg?dr=15584&from=520841845&idc=my&ps=933b5bde&shcp=6c17ea28&shp=1f0b6a75&t=555f072d,1736786349092996732,cocofood-Mindanao,食品饮料,零食,19,【BUY 1 TAKE 1】COCO Triangle Wafer Biscuit COCOA Flavor/White chocolate flavor 55g per pack-Snack -chocolate -cookies,4.2,是,₱99.00,https://affiliate.tiktok.com/api/v1/share/ALNKBZyF2BDL,,,,,,,,,,
,https://p16-oec-sg.ibyteimg.com/tos-alisg-i-aphluv4xwc-sg/35255c4d37164776ae22c48ec6f50e14~tplv-aphluv4xwc-resize-jpeg:600:600.jpeg?dr=15584&from=520841845&idc=my&ps=933b5bde&shcp=6c17ea28&shp=1f0b6a75&t=555f072d,1736786419487704700,cocofood-Mindanao,食品饮料,零食,220,Adorable Blasting coconut flavor 300 gram - 25-27 Piece Pack-coconut ice cream chocolate cone-chocolate snack,4.7,是,₱88.00,https://affiliate.tiktok.com/api/v1/share/ALNKCtMfpZay,,,,,,,,,,
,https://p16-oec-sg.ibyteimg.com/tos-alisg-i-aphluv4xwc-sg/6ea577963596407498bc2d060dd7e14c~tplv-aphluv4xwc-resize-jpeg:600:600.jpeg?dr=15584&from=520841845&idc=my&ps=933b5bde&shcp=6c17ea28&shp=1f0b6a75&t=555f072d,1736786681478547068,cocofood-Mindanao,食品饮料,零食,1,【BUY 2 TAKE 2】Korean lmported Haa VeganCertified Snack Namkwang Seasoned Nori Seaweed 3 pcs per pack 4grams each Individual packaging With rice/ parties /watch movies share snacks,0,是,₱215.00-₱425.00,https://affiliate.tiktok.com/api/v1/share/ALNKB09zP7hr,,,,,,,,,,
,https://p16-oec-sg.ibyteimg.com/tos-alisg-i-aphluv4xwc-sg/0ac966d3fbf847529d1a72687a576d80~tplv-aphluv4xwc-resize-jpeg:600:600.jpeg?dr=15584&from=520841845&idc=my&ps=933b5bde&shcp=6c17ea28&shp=1f0b6a75&t=555f072d,1736786721091651196,cocofood-Mindanao,食品饮料,零食,11,"COCO | Everyday Mix Nuts - 200 Grams | Assorted Nuts Including Peanuts, Almonds, Cashew, and More | Healthy Snack | Ideal for On-the-Go Nutrition | 1 Year Shelf Life Protein",5,是,₱159.00,https://affiliate.tiktok.com/api/v1/share/ALNKB0QawP7h,,,,,,,,,,
,https://p16-oec-sg.ibyteimg.com/tos-alisg-i-aphluv4xwc-sg/0ad131a7580d4248b5d86d87043f6616~tplv-aphluv4xwc-resize-jpeg:600:600.jpeg?dr=15584&from=520841845&idc=my&ps=933b5bde&shcp=6c17ea28&shp=1f0b6a75&t=555f072d,1736855931341604476,cocofood-Mindanao,食品饮料,零食,13,【BUY 1 TAKE 1】COCO Strawberry freeze-dried chocolate Cocoa flavor/ Matcha Flavor 60g per pack-Snack -chocolate,4.3,是,₱159.00,https://affiliate.tiktok.com/api/v1/share/ALNKB09zgGxc,,,,,,,,,,
,https://p16-oec-sg.ibyteimg.com/tos-alisg-i-aphluv4xwc-sg/3c3256a728fd41a598fdd08ad6ca54af~tplv-aphluv4xwc-resize-jpeg:600:600.jpeg?dr=15584&from=520841845&idc=my&ps=933b5bde&shcp=6c17ea28&shp=1f0b6a75&t=555f072d,1737036139195303548,cocofood-Mindanao,食品饮料,零食,95,COCO Blasting Ice Cream Cone 1KG | Chocolate & Strawberry Flavors | Crunchy Cone with Creamy Filling | Individually Wrapped Snack | Perfect for Sharing & Parties | mindanao,4.9,是,₱378.00,https://affiliate.tiktok.com/api/v1/share/ALNKB0QcJRrD,,,,,,,,,,
,https://p16-oec-sg.ibyteimg.com/tos-alisg-i-aphluv4xwc-sg/096f9dc922a942abb5a4b970f8a73f05~tplv-aphluv4xwc-resize-jpeg:600:600.jpeg?dr=15584&from=520841845&idc=my&ps=933b5bde&shcp=6c17ea28&shp=1f0b6a75&t=555f072d,1732154982359336123,"Neulight Shop
主推",居家日用,家庭清洁用品,14012,APEX Dishwashing Bar Anti-bac / Lemon 220g – Kitchen Cleaning Soap for Grease & Utensils,4.8,是,₱29.40-₱126.00,https://affiliate.tiktok.com/api/v1/share/AL9RvqmneXXS,,,,,,,,,,
,https://p16-oec-sg.ibyteimg.com/tos-alisg-i-aphluv4xwc-sg/b8fed3f190f041e5bf1a14adcb5c0abd~tplv-aphluv4xwc-resize-jpeg:600:600.jpeg?dr=15584&from=520841845&idc=my&ps=933b5bde&shcp=6c17ea28&shp=1f0b6a75&t=555f072d,1731419234338440379,"Neulight Shop
主推",食品饮料,主食调料,10748,Susan Baker Vegetable Oil 500ml/1L/2L/3L – Multi-Purpose Healthy Cooking Oil for Home & Commercial Use,4.8,是,₱108.15-₱563.85,https://affiliate.tiktok.com/api/v1/share/AL9Rvr5hd41O,,,,,,,,,,
,https://p16-oec-sg.ibyteimg.com/tos-alisg-i-aphluv4xwc-sg/7cef12add6e64be5b0069070b12cdb80~tplv-aphluv4xwc-resize-jpeg:600:600.jpeg?dr=15584&from=520841845&idc=my&ps=933b5bde&shcp=6c17ea28&shp=1f0b6a75&t=555f072d,1730182831206402122,Gina Juices PH,食品饮料,即食食品,4362,Gina Mango Tapioca (Mango Sago) Ready to Eat 260g (1 Can with Spoon),4.8,是,₱76.64-₱390.58,https://affiliate.tiktok.com/api/v1/share/ALA57xEKxevV,,,,,,,,,,
,https://p16-oec-sg.ibyteimg.com/tos-alisg-i-aphluv4xwc-sg/1decdc33db684230a606a24e690ba898~tplv-aphluv4xwc-resize-jpeg:600:600.jpeg?dr=15584&from=520841845&idc=my&ps=933b5bde&shcp=6c17ea28&shp=1f0b6a75&t=555f072d,1731151074072429755,Neulight Shop,居家日用,家庭护理用品,1579,Susan Baker CHINESE GREEN TEA Bags 50 sachets – Bulk Hot & Iced Tea Brewing Pack,4.8,是,₱186.90,https://affiliate.tiktok.com/api/v1/share/AL9Rvr5ZvVQS,,,,,,,,,,
,https://p16-oec-sg.ibyteimg.com/tos-alisg-i-aphluv4xwc-sg/fb3bd087ec3c4debb0e629dad8715c8c~tplv-aphluv4xwc-resize-jpeg:600:600.jpeg?dr=15584&from=520841845&idc=my&ps=933b5bde&shcp=6c17ea28&shp=1f0b6a75&t=555f072d,1732489080827905211,Neulight Shop,居家日用,家庭清洁用品,417,"APEX All-Purpose Detergent Powder 500g/1kg – Powerful Cleaning for Clothes, Floors & More",4.9,是,₱76.65-₱138.60,https://affiliate.tiktok.com/api/v1/share/AL9S1k3U2iWS,,,,,,,,,,
,https://p16-oec-sg.ibyteimg.com/tos-alisg-i-aphluv4xwc-sg/1921e1db143f4209ac2fdf218dd3baae~tplv-aphluv4xwc-resize-jpeg:600:600.jpeg?dr=15584&from=520841845&idc=my&ps=933b5bde&shcp=6c17ea28&shp=1f0b6a75&t=555f072d,1736749437507437755,Neulight Shop,母婴用品,婴儿护理,75,Apex Detergent Powder Solar Bleach Washing Machine Laundry Powder 100g 500g 1kg 2kg,5,是,₱10.92-₱242.97,https://affiliate.tiktok.com/api/v1/share/ALNHScNc1LL6,,,,,,,,,,
,https://p16-oec-sg.ibyteimg.com/tos-alisg-i-aphluv4xwc-sg/946f9679baed484e9d4f27d1bee45a47~tplv-aphluv4xwc-resize-jpeg:600:600.jpeg?dr=15584&from=520841845&idc=my&ps=933b5bde&shcp=6c17ea28&shp=1f0b6a75&t=555f072d,1732066151988823227,Neulight Shop,食品饮料,主食调料,1680,"Susan Baker Canola Oil 1L/2L/3L – Light Cooking Oil for Everyday Use, Frying & Baking",4.8,是,₱205.80-₱617.40,https://affiliate.tiktok.com/api/v1/share/AL9Rvr5m1jm5,,,,,,,,,,
,https://p16-oec-sg.ibyteimg.com/tos-alisg-i-aphluv4xwc-sg/eb1dcd0844aa4a99a7b849e4a782c677~tplv-aphluv4xwc-resize-jpeg:600:600.jpeg?dr=15584&from=520841845&idc=my&ps=933b5bde&shcp=6c17ea28&shp=1f0b6a75&t=555f072d,1731150901457683643,Neulight Shop,食品饮料,主食与烹饪调味,159,Susan Baker CHINESE GREEN TEA Bags 25 sachets – Bulk Hot & Iced Tea Brewing Pack,5,是,₱108.15-₱519.75,https://affiliate.tiktok.com/api/v1/share/AL9Rvqmc6NUc,,,,,,,,,,
,https://p16-oec-sg.ibyteimg.com/tos-alisg-i-aphluv4xwc-sg/ceb6635dc8114373b4d0994e14f92fec~tplv-aphluv4xwc-resize-jpeg:600:600.jpeg?dr=15584&from=520841845&idc=my&ps=933b5bde&shcp=6c17ea28&shp=1f0b6a75&t=555f072d,1731150914602173627,Neulight Shop,食品饮料,主食与烹饪调味,973,Susan Baker CHINESE GREEN TEA Bags 100 sachets – Bulk Hot & Iced Tea Brewing Pack,4.9,是,₱332.85,https://affiliate.tiktok.com/api/v1/share/AL9Rvr5ZedrU,,,,,,,,,,
,https://p16-oec-sg.ibyteimg.com/tos-alisg-i-aphluv4xwc-sg/55dc0cdc6da14753ab657d2cf3421021~tplv-aphluv4xwc-resize-jpeg:600:600.jpeg?dr=15584&from=520841845&idc=my&ps=933b5bde&shcp=6c17ea28&shp=1f0b6a75&t=555f072d,1731150914724791483,Neulight Shop,食品饮料,主食与烹饪调味,46,"Susan Baker CEYLON TEA Bags 50 sachets – Black Tea Orange Pekoe Leaves for Teapot, Mug Brewing",5,是,₱184.80,https://affiliate.tiktok.com/api/v1/share/AL9RvqmgEBwn,,,,,,,,,,
,https://p16-oec-sg.ibyteimg.com/tos-alisg-i-aphluv4xwc-sg/a822552b89ad4e87b187fc562c16d500~tplv-aphluv4xwc-resize-jpeg:600:600.jpeg?dr=15584&from=520841845&idc=my&ps=933b5bde&shcp=6c17ea28&shp=1f0b6a75&t=555f072d,1731151074308228283,Neulight Shop,食品饮料,即食食品,31,"Susan Baker CEYLON TEA Bags 25 sachets – Black Tea Orange Pekoe Leaves for Teapot, Mug Brewing",5,是,₱106.05-₱509.25,https://affiliate.tiktok.com/api/v1/share/AL9RvqmgVA4D,,,,,,,,,,
,https://p16-oec-sg.ibyteimg.com/tos-alisg-i-aphluv4xwc-sg/9816c0287e1344649f13ee133b86b8ce~tplv-aphluv4xwc-resize-jpeg:600:600.jpeg?dr=15584&from=520841845&idc=my&ps=933b5bde&shcp=6c17ea28&shp=1f0b6a75&t=555f072d,1731151095926129851,Neulight Shop,食品饮料,即食食品,11,"Susan Baker CEYLON TEA Bags 10 sachets – Black Tea Orange Pekoe Leaves for Teapot, Mug Brewing",0,是,₱45.15-₱204.75,https://affiliate.tiktok.com/api/v1/share/AL9Rvr5dV7Ok,,,,,,,,,,
,https://p16-oec-sg.ibyteimg.com/tos-alisg-i-aphluv4xwc-sg/7ecbd7939c824af29fe8c8220e73e5c8~tplv-aphluv4xwc-resize-jpeg:600:600.jpeg?dr=15584&from=520841845&idc=my&ps=933b5bde&shcp=6c17ea28&shp=1f0b6a75&t=555f072d,1731151099322795195,Neulight Shop,食品饮料,即食食品,64,"Susan Baker CEYLON TEA Bags 100 sachets – Black Tea Orange Pekoe Leaves for Teapot, Mug Brewing",4.7,是,₱327.60,https://affiliate.tiktok.com/api/v1/share/AL9RvqmgmGne,,,,,,,,,,
,https://p16-oec-sg.ibyteimg.com/tos-alisg-i-aphluv4xwc-sg/1c6529db4a9846938cbac633b9c79fe7~tplv-aphluv4xwc-resize-jpeg:600:600.jpeg?dr=15584&from=520841845&idc=my&ps=933b5bde&shcp=6c17ea28&shp=1f0b6a75&t=555f072d,1731151101350479035,Neulight Shop,食品饮料,主食与烹饪调味,47,Susan Baker CHINESE GREEN TEA Bags 10 sachets – Bulk Hot & Iced Tea Herbal Brewing Pack,5,是,₱55.65,https://affiliate.tiktok.com/api/v1/share/AL9Rvr5h4lyY,,,,,,,,,,
,https://p16-oec-sg.ibyteimg.com/tos-alisg-i-aphluv4xwc-sg/1a8852f4695d4ceea56ecc58e1fe05c8~tplv-aphluv4xwc-resize-jpeg:600:600.jpeg?dr=15584&from=520841845&idc=my&ps=933b5bde&shcp=6c17ea28&shp=1f0b6a75&t=555f072d,1731243118042514619,Neulight Shop,食品饮料,主食调料,187,"Susan Baker CRUNCHY Peanut Butter 340 g / 453 g – Chunky Spread Palaman for Snacks, Toast & Bread",4.7,是,₱166.95-₱264.60,https://affiliate.tiktok.com/api/v1/share/AL9RvqmkM2ts,,,,,,,,,,
,https://p16-oec-sg.ibyteimg.com/tos-alisg-i-aphluv4xwc-sg/2fdb12eb0f4c4fb6a18b558be2290f3b~tplv-aphluv4xwc-resize-jpeg:600:600.jpeg?dr=15584&from=520841845&idc=my&ps=933b5bde&shcp=6c17ea28&shp=1f0b6a75&t=555f072d,1731243174052725947,Neulight Shop,食品饮料,主食调料,81,Susan Baker Sunflower Cooking Oil 500 ml / 1 L – Healthy Low Cholesterol Oil for Frying & Baking,4.9,是,₱187.95-₱669.90,https://affiliate.tiktok.com/api/v1/share/AL9Rvr5hLq9W,,,,,,,,,,
,https://p16-oec-sg.ibyteimg.com/tos-alisg-i-aphluv4xwc-sg/21e6abe9b72a4a20b82ee2f71ec57876~tplv-aphluv4xwc-resize-jpeg:600:600.jpeg?dr=15584&from=520841845&idc=my&ps=933b5bde&shcp=6c17ea28&shp=1f0b6a75&t=555f072d,1731243289520014523,Neulight Shop,食品饮料,主食调料,213,"Susan Baker CREAMY Peanut Butter 340g / 453g – Smooth Spread Palaman for Bread, Baking & Cooking",4.6,是,₱166.95-₱264.60,https://affiliate.tiktok.com/api/v1/share/AL9Rvqmkd3tN,,,,,,,,,,
,https://p16-oec-sg.ibyteimg.com/tos-alisg-i-aphluv4xwc-sg/a670a75753c042a289578086d2c9d9b8~tplv-aphluv4xwc-resize-jpeg:600:600.jpeg?dr=15584&from=520841845&idc=my&ps=933b5bde&shcp=6c17ea28&shp=1f0b6a75&t=555f072d,1731419257369691323,Neulight Shop,食品饮料,主食调料,414,Susan Baker Pure Edible Oil 500ml/1L/2L – Vegetable Cooking Oil for Frying with Low Cholesterol,4.9,是,₱109.20-₱367.50,https://affiliate.tiktok.com/api/v1/share/AL9Rvqmku6C5,,,,,,,,,,
,https://p16-oec-sg.ibyteimg.com/tos-alisg-i-aphluv4xwc-sg/6098cfee67d34f418d11e7c8d27ab621~tplv-aphluv4xwc-resize-jpeg:600:600.jpeg?dr=15584&from=520841845&idc=my&ps=933b5bde&shcp=6c17ea28&shp=1f0b6a75&t=555f072d,1731691395005973691,Neulight Shop,食品饮料,即食食品,33,Susan Baker Canned Green Peas 155 g / 226 g – Ready-to-Use Easy Cook Pantry Vegetables for Cooking,5,是,₱24.15-₱147.00,https://affiliate.tiktok.com/api/v1/share/AL9Rvr5hu5y3,,,,,,,,,,
,https://p16-oec-sg.ibyteimg.com/tos-alisg-i-aphluv4xwc-sg/f33fc10850934e55a2019b513ec20801~tplv-aphluv4xwc-resize-jpeg:600:600.jpeg?dr=15584&from=520841845&idc=my&ps=933b5bde&shcp=6c17ea28&shp=1f0b6a75&t=555f072d,1731977511815775419,Neulight Shop,食品饮料,即食食品,9,"Susan Baker Whole Kernel Corn 425g Can–Canned Sweet Corn for Cooking, Salads & Side Dishes",3,是,₱58.80-₱273.00,https://affiliate.tiktok.com/api/v1/share/AL9RvqmmYHcf,,,,,,,,,,
,https://p16-oec-sg.ibyteimg.com/tos-alisg-i-aphluv4xwc-sg/5c5156cf7f904d65b5f430b70a825f17~tplv-aphluv4xwc-resize-jpeg:600:600.jpeg?dr=15584&from=520841845&idc=my&ps=933b5bde&shcp=6c17ea28&shp=1f0b6a75&t=555f072d,1731977627133772987,Neulight Shop,食品饮料,即食食品,18,"Susan Baker Egg Noodles 250g/1kg–Dry Noodles for Stir-Fry, Soup, Pancit & Everyday Filipino Recipes",5,是,₱55.65-₱180.60,https://affiliate.tiktok.com/api/v1/share/AL9Rvr5lTaxf,,,,,,,,,,
,https://p16-oec-sg.ibyteimg.com/tos-alisg-i-aphluv4xwc-sg/7c333148faaf48419b133698803650fd~tplv-aphluv4xwc-resize-jpeg:600:600.jpeg?dr=15584&from=520841845&idc=my&ps=933b5bde&shcp=6c17ea28&shp=1f0b6a75&t=555f072d,1731977788103427259,Neulight Shop,食品饮料,主食调料,26,"Susan Baker Sotanghon Noodles 100g/500g/1kg–Glass Vermicelli for Ginisang, Soup Dishes & Stir-Fry",4.5,是,₱35.70-₱227.85,https://affiliate.tiktok.com/api/v1/share/AL9RvqmnNS2L,,,,,,,,,,
,https://p16-oec-sg.ibyteimg.com/tos-alisg-i-aphluv4xwc-sg/5c6e99204f674488ac2ae772d4326a43~tplv-aphluv4xwc-resize-jpeg:600:600.jpeg?dr=15584&from=520841845&idc=my&ps=933b5bde&shcp=6c17ea28&shp=1f0b6a75&t=555f072d,1732421757354149051,Neulight Shop,,,519,"Susan Baker Japanese Sencha Green Tea Bags – 10s/25s Premium Quality, Digestive & Antioxidants",4.7,是,₱74.55-₱139.65,https://affiliate.tiktok.com/api/v1/share/AL9S1kMDZFxN,,,,,,,,,,
,https://p16-oec-sg.ibyteimg.com/tos-alisg-i-aphluv4xwc-sg/280da02d17964d3997577652a3eb6671~tplv-aphluv4xwc-resize-jpeg:600:600.jpeg?dr=15584&from=520841845&idc=my&ps=933b5bde&shcp=6c17ea28&shp=1f0b6a75&t=555f072d,1732479488283477179,Neulight Shop,食品饮料,主食调料,25,"Susan Baker Corn Oil 1L / 2L – Cholesterol-Free, Heart-Healthy Cooking Oil for Frying & Baking",5,是,₱268.80-₱510.30,https://affiliate.tiktok.com/api/v1/share/AL9S1k3MtXgS,,,,,,,,,,
,https://p16-oec-sg.ibyteimg.com/tos-alisg-i-aphluv4xwc-sg/3cac1349568b45d1b6103074262e3652~tplv-aphluv4xwc-resize-jpeg:600:600.jpeg?dr=15584&from=520841845&idc=my&ps=933b5bde&shcp=6c17ea28&shp=1f0b6a75&t=555f072d,1732479992807851195,Neulight Shop,食品饮料,主食调料,6,"Susan Baker Soya Cooking Oil 1L / 2L – Plant-Based Soy Bean Oil for Frying, Grilling & Vegan Recipes",0,是,₱242.55-₱464.10,https://affiliate.tiktok.com/api/v1/share/AL9S2srpnWvV,,,,,,,,,,
,https://p16-oec-sg.ibyteimg.com/tos-alisg-i-aphluv4xwc-sg/ed8669fba38c445a8b60e1481758855e~tplv-aphluv4xwc-resize-jpeg:600:600.jpeg?dr=15584&from=520841845&idc=my&ps=933b5bde&shcp=6c17ea28&shp=1f0b6a75&t=555f072d,1732480218278560955,Neulight Shop,食品饮料,即食食品,24,"Susan Baker Premium Vermicelli (Sotanghon) 250g / 500g – Crystal-Clear, Long-Strand, Restaurant-Grade Noodles for Special Dishes",5,是,₱98.70-₱189.00,https://affiliate.tiktok.com/api/v1/share/AL9S1kMM5oXa,,,,,,,,,,
,https://p16-oec-sg.ibyteimg.com/tos-alisg-i-aphluv4xwc-sg/0e90377f9c684b0ea05940f5f6444e60~tplv-aphluv4xwc-resize-jpeg:600:600.jpeg?dr=15584&from=520841845&idc=my&ps=933b5bde&shcp=6c17ea28&shp=1f0b6a75&t=555f072d,1732489658132038843,Neulight Shop,食品饮料,即食食品,23,"Susan Baker Canned Whole Button Mushroom 284g/400g/850g – Premium Quality, Ready to Cook",5,是,₱67.20-₱148.05,https://affiliate.tiktok.com/api/v1/share/AL9S2srwOrOf,,,,,,,,,,
,https://p16-oec-sg.ibyteimg.com/tos-alisg-i-aphluv4xwc-sg/14762d67d0484fec8ee36ba3814f3a5a~tplv-aphluv4xwc-resize-jpeg:600:600.jpeg?dr=15584&from=520841845&idc=my&ps=933b5bde&shcp=6c17ea28&shp=1f0b6a75&t=555f072d,1732490035265766587,Neulight Shop,食品饮料,即食食品,6,"Susan Baker Whole Young Corn 425g – Crisp, Canned, Sweet & Ready to Cook!",0,是,₱80.85-₱383.25,https://affiliate.tiktok.com/api/v1/share/AL9S1kMU49uo,,,,,,,,,,
,https://p16-oec-sg.ibyteimg.com/tos-alisg-i-aphluv4xwc-sg/80a316bf3a614e13adc6c3ca02fce8d7~tplv-aphluv4xwc-resize-jpeg:600:600.jpeg?dr=15584&from=520841845&idc=my&ps=933b5bde&shcp=6c17ea28&shp=1f0b6a75&t=555f072d,1732490045724394683,Neulight Shop,食品饮料,即食食品,6,"Susan Baker Cream Style Corn 425g – Smooth, Sweet & Ready to Serve",5,是,₱60.90-₱283.50,https://affiliate.tiktok.com/api/v1/share/AL9S1k3UJi8x,,,,,,,,,,
,https://p16-oec-sg.ibyteimg.com/tos-alisg-i-aphluv4xwc-sg/6392b7be537c41e5909b9da6daf4d87a~tplv-aphluv4xwc-resize-jpeg:600:600.jpeg?dr=15584&from=520841845&idc=my&ps=933b5bde&shcp=6c17ea28&shp=1f0b6a75&t=555f072d,1732490420625835195,Neulight Shop,食品饮料,即食食品,19,"Susan Baker Canned Button Mushroom (Sliced) 400g / 850g – Ready-to-Cook, Rich in Flavor",5,是,₱76.65-₱141.75,https://affiliate.tiktok.com/api/v1/share/AL9S2ss3GzVa,,,,,,,,,,
,https://p16-oec-va.ibyteimg.com/tos-maliva-i-o3syd03w52-us/e9d5bc04c456433291b0b1521c4e60d0~tplv-o3syd03w52-resize-jpeg:600:600.jpeg?dr=15584&from=520841845&idc=my&ps=933b5bde&shcp=6c17ea28&shp=1f0b6a75&t=555f072d,1731076470451505339,Neulight Shop,手机数码,手机配件,611,NeuLight Origami MagSafe Phone Stand for iPhone and Android,4,是,₱262.50,https://affiliate.tiktok.com/api/v1/share/AL9Rvr5VFf8v,,,,,,,,,,
,https://p16-oec-sg.ibyteimg.com/tos-alisg-i-aphluv4xwc-sg/8dd7482a4cfd4090a89f09978a9dd487~tplv-aphluv4xwc-resize-jpeg:600:600.jpeg?dr=15584&from=520841845&idc=my&ps=933b5bde&shcp=6c17ea28&shp=1f0b6a75&t=555f072d,1733904213798978747,Neulight Shop,家装建材,电气设备,335,ROTO Heavy Duty Extension Cord 2-Gang Power Strip 3M/5M 10A 250V Long Electrical Wire Home Office,4.8,是,₱106.05-₱645.75,https://affiliate.tiktok.com/api/v1/share/AL9S1kMawc1b,,,,,,,,,,
,https://p16-oec-sg.ibyteimg.com/tos-alisg-i-aphluv4xwc-sg/1adb61dff7f846298cc61dd24a79151f~tplv-aphluv4xwc-resize-jpeg:600:600.jpeg?dr=15584&from=520841845&idc=my&ps=933b5bde&shcp=6c17ea28&shp=1f0b6a75&t=555f072d,1733904274581521595,Neulight Shop,手机数码,音视频设备,107,ROTO Heavy Duty Extension Cord 3-Gang Power Strip 3M/5M 10A 250V Long Electrical Wire Home Office,4.9,是,₱128.10-₱756.00,https://affiliate.tiktok.com/api/v1/share/AL9S1k3XtQVT,,,,,,,,,,
,https://p16-oec-sg.ibyteimg.com/tos-alisg-i-aphluv4xwc-sg/aa6ed95a534148139fe09e369da2ce33~tplv-aphluv4xwc-resize-jpeg:600:600.jpeg?dr=15584&from=520841845&idc=my&ps=933b5bde&shcp=6c17ea28&shp=1f0b6a75&t=555f072d,1734591665696900283,Neulight Shop,,,6,NeuLight MagSafe Grip Stand with Card Holder | Non-Slip Silicone Magnetic Phone Stand for iPhone MagSafe,5,是,₱546.00,https://affiliate.tiktok.com/api/v1/share/AL9S2ss3Y2mx,,,,,,,,,,
,https://p16-oec-sg.ibyteimg.com/tos-alisg-i-aphluv4xwc-sg/1bb9f13e529a45fe9d91911677b3d28f~tplv-aphluv4xwc-resize-jpeg:600:600.jpeg?dr=15584&from=520841845&idc=my&ps=933b5bde&shcp=6c17ea28&shp=1f0b6a75&t=555f072d,1735244465187685563,Neulight Shop,居家日用,家庭清洁用品,0,Fino 1-Ply Bathroom Tissue 20 GSM 1/4/9 Rolls – Soft Sulit Toilet Paper,0,是,₱24.15-₱165.90,https://affiliate.tiktok.com/api/v1/share/AL9S1kMjT7Kk,,,,,,,,,,
,https://p16-oec-sg.ibyteimg.com/tos-alisg-i-aphluv4xwc-sg/7fb946e540cd457dbfb0c7502d2513db~tplv-aphluv4xwc-resize-jpeg:600:600.jpeg?dr=15584&from=520841845&idc=my&ps=933b5bde&shcp=6c17ea28&shp=1f0b6a75&t=555f072d,1735244802149090491,Neulight Shop,居家日用,家庭清洁用品,2,Fino Eco-Friendly 2-Ply Bathroom Tissue 1/4/9 Rolls – Soft Thick Sulit,5,是,₱18.90-₱116.55,https://affiliate.tiktok.com/api/v1/share/AL9S1k3a5k5n,,,,,,,,,,
,https://p16-oec-sg.ibyteimg.com/tos-alisg-i-aphluv4xwc-sg/9b7d3da1deff4312bd5d261029bbc83e~tplv-aphluv4xwc-resize-jpeg:600:600.jpeg?dr=15584&from=520841845&idc=my&ps=933b5bde&shcp=6c17ea28&shp=1f0b6a75&t=555f072d,1735246583217816763,Neulight Shop,美妆与个护,美容,0,Fino Cotton Buds 50 Tips Ziplock – Hygienic Cotton Swabs Travel Pack,0,是,₱18.90-₱73.50,https://affiliate.tiktok.com/api/v1/share/AL9S2ss4N9bN,,,,,,,,,,
,https://p16-oec-sg.ibyteimg.com/tos-alisg-i-aphluv4xwc-sg/662fe899aa2348d6b94069630753dba8~tplv-aphluv4xwc-resize-jpeg:600:600.jpeg?dr=15584&from=520841845&idc=my&ps=933b5bde&shcp=6c17ea28&shp=1f0b6a75&t=555f072d,1735247660124898491,Neulight Shop,,,1,Cotton Blooms Cotton Rolls 12g – Soft Medical Cotton for Skin & First Aid,5,是,₱17.85-₱68.25,https://affiliate.tiktok.com/api/v1/share/AL9S1kMkI64y,,,,,,,,,,
,https://p16-oec-sg.ibyteimg.com/tos-alisg-i-aphluv4xwc-sg/7271ef51d42d4411b2df09e6f0a1318f~tplv-aphluv4xwc-resize-jpeg:600:600.jpeg?dr=15584&from=520841845&idc=my&ps=933b5bde&shcp=6c17ea28&shp=1f0b6a75&t=555f072d,1735247974985598139,Neulight Shop,美妆与个护,美容,2,Cotton Blooms Cotton Buds 80 Tips – Soft Safe Cotton Swabs Daily Use,5,是,₱23.10-₱94.50,https://affiliate.tiktok.com/api/v1/share/AL9S1k3auzSH,,,,,,,,,,
,https://p16-oec-sg.ibyteimg.com/tos-alisg-i-aphluv4xwc-sg/349c91d3ada0482da74e916abc118efe~tplv-aphluv4xwc-resize-jpeg:600:600.jpeg?dr=15584&from=520841845&idc=my&ps=933b5bde&shcp=6c17ea28&shp=1f0b6a75&t=555f072d,1735249031093847227,Neulight Shop,美妆与个护,美容,7,Cotton Blooms Cotton Buds 200 Tips Ziplock – Family Pack Cotton Swabs,5,是,₱37.80-₱168.00,https://affiliate.tiktok.com/api/v1/share/AL9S2ssGC9M5,,,,,,,,,,
,https://p16-oec-sg.ibyteimg.com/tos-alisg-i-aphluv4xwc-sg/20da4588418f4401bdc68c462067a80a~tplv-aphluv4xwc-resize-jpeg:600:600.jpeg?dr=15584&from=520841845&idc=my&ps=933b5bde&shcp=6c17ea28&shp=1f0b6a75&t=555f072d,1735249395363513531,Neulight Shop,美妆与个护,护肤,21,Cotton Blooms Cotton Balls 40 pcs – Soft Absorbent Cotton for Skin Care,3.3,是,₱22.05-₱89.25,https://affiliate.tiktok.com/api/v1/share/AL9S1kMnrkeI,,,,,,,,,,
,https://p16-oec-sg.ibyteimg.com/tos-alisg-i-aphluv4xwc-sg/b71586dcb20145f684af4e38e2779442~tplv-aphluv4xwc-resize-jpeg:600:600.jpeg?dr=15584&from=520841845&idc=my&ps=933b5bde&shcp=6c17ea28&shp=1f0b6a75&t=555f072d,1735252686475461819,Neulight Shop,,,0,Fino Interfolded Paper Towel 175 Sheets Eco-Friendly – Absorbent Hand Towel,0,是,₱65.10-₱304.50,https://affiliate.tiktok.com/api/v1/share/AL9S1k3eUVIF,,,,,,,,,,
,https://p16-oec-sg.ibyteimg.com/tos-alisg-i-aphluv4xwc-sg/378483b99dda439eb3a399715779b7ad~tplv-aphluv4xwc-resize-jpeg:600:600.jpeg?dr=15584&from=520841845&idc=my&ps=933b5bde&shcp=6c17ea28&shp=1f0b6a75&t=555f072d,1735252826442007739,Neulight Shop,,,1,Fino Cotton Balls 50 pcs – Soft Absorbent Cotton for Baby Skin Care,0,是,₱28.35-₱120.75,https://affiliate.tiktok.com/api/v1/share/AL9S36cIVpEe,,,,,,,,,,
,https://p16-oec-sg.ibyteimg.com/tos-alisg-i-aphluv4xwc-sg/cf1f586ef22549df8d82dcb12a6f5f5e~tplv-aphluv4xwc-resize-jpeg:600:600.jpeg?dr=15584&from=520841845&idc=my&ps=933b5bde&shcp=6c17ea28&shp=1f0b6a75&t=555f072d,1735252918340977851,Neulight Shop,,,2,Susan Baker Pieces & Stems Mushroom 400g/850g – Canned Mushrooms for Cooking,0,是,₱75.60-₱666.75,https://affiliate.tiktok.com/api/v1/share/AL9S1FOrZPBr,,,,,,,,,,
,https://p16-oec-sg.ibyteimg.com/tos-alisg-i-aphluv4xwc-sg/c4876abfe8ec4484b84dc14529e21338~tplv-aphluv4xwc-resize-jpeg:600:600.jpeg?dr=15584&from=520841845&idc=my&ps=933b5bde&shcp=6c17ea28&shp=1f0b6a75&t=555f072d,1734516210584224842,Gina Juices PH,食品饮料,饮料,35,"6x Gina Juices TropiCool Summer Bundle (Mango Nectar, Calamansi Juice, Guyabano Nectar, Pineapple Juice, Tropical Fruit Juice) - TikTok Shop Exclusive",5,是,₱392.46,https://affiliate.tiktok.com/api/v1/share/AL9S36cImoD8,,,,,,,,,,
,https://p16-oec-sg.ibyteimg.com/tos-alisg-i-aphluv4xwc-sg/f936268fc6dd4e46a2594b636099f94f~tplv-aphluv4xwc-resize-jpeg:600:600.jpeg?dr=15584&from=520841845&idc=my&ps=933b5bde&shcp=6c17ea28&shp=1f0b6a75&t=555f072d,1734611733372699722,Gina Juices PH,食品饮料,饮料,12,Gina Mango Lovers Summer Bundle – 4 Pack Mango Juice Drinks (Mango Tapioca & Mango Nectar),4,是,₱333.38,https://affiliate.tiktok.com/api/v1/share/AL9S1FOv8wsm,,,,,,,,,,
,https://p16-oec-sg.ibyteimg.com/tos-alisg-i-aphluv4xwc-sg/7cef12add6e64be5b0069070b12cdb80~tplv-aphluv4xwc-resize-jpeg:600:600.jpeg?dr=15584&from=520841845&idc=my&ps=933b5bde&shcp=6c17ea28&shp=1f0b6a75&t=555f072d,1735710753723155530,Gina Juices PH,食品饮料,即食食品,8,[Aeriel Exlclusive] + Gina Mango Tapioca (Mango Sago) Ready to Eat 260g (1 Can with Spoon),0,是,₱105.00-₱502.00,https://affiliate.tiktok.com/api/v1/share/AL9S36cJ3y1n,,,,,,,,,,
,https://p16-oec-sg.ibyteimg.com/tos-alisg-i-aphluv4xwc-sg/6668b91638eb45ebb0fcf2da91638003~tplv-aphluv4xwc-resize-jpeg:600:600.jpeg?dr=15584&from=520841845&idc=my&ps=933b5bde&shcp=6c17ea28&shp=1f0b6a75&t=555f072d,1730172408070178890,Gina Juices PH,食品饮料,饮料,402,Gina Mango Nectar Juice 1 Liter (1L) in Tetra Pak Package (1 Pack),4.8,是,"₱206.00-₱1,008.00",https://affiliate.tiktok.com/api/v1/share/ALA57xEBszXI,,,,,,,,,,
,https://p16-oec-sg.ibyteimg.com/tos-alisg-i-aphluv4xwc-sg/ffaa3d55c55b49f8a0a70fd2de798170~tplv-aphluv4xwc-resize-jpeg:600:600.jpeg?dr=15584&from=520841845&idc=my&ps=933b5bde&shcp=6c17ea28&shp=1f0b6a75&t=555f072d,1730172601866422346,Gina Juices PH,食品饮料,饮料,188,Gina Mango Nectar Juice 240mL (1 Can) - Refreshing Fruit Drink,4.7,是,₱72.00-₱334.00,https://affiliate.tiktok.com/api/v1/share/ALA5Bre0tEpT,,,,,,,,,,
,https://p16-oec-sg.ibyteimg.com/tos-alisg-i-aphluv4xwc-sg/66791e777d2b4e4994610ad433bd9159~tplv-aphluv4xwc-resize-jpeg:600:600.jpeg?dr=15584&from=520841845&idc=my&ps=933b5bde&shcp=6c17ea28&shp=1f0b6a75&t=555f072d,1730172691273779274,Gina Juices PH,食品饮料,饮料,102,Gina Mango Nectar Juice 340mL (1 Can) - Refreshing Sweet Fruit Drink,5,是,₱87.00-₱412.00,https://affiliate.tiktok.com/api/v1/share/ALA57xEC9rGz,,,,,,,,,,
,https://p16-oec-sg.ibyteimg.com/tos-alisg-i-aphluv4xwc-sg/44309db11ccb4defbcf68e457717b70e~tplv-aphluv4xwc-resize-jpeg:600:600.jpeg?dr=15584&from=520841845&idc=my&ps=933b5bde&shcp=6c17ea28&shp=1f0b6a75&t=555f072d,1730172812626004042,Gina Juices PH,食品饮料,饮料,36,Iba (by Gina) Mango Juice Drink 240mL (1 Can),4.7,是,₱62.00-₱283.00,https://affiliate.tiktok.com/api/v1/share/ALA5Bre1AMet,,,,,,,,,,
,https://p16-oec-sg.ibyteimg.com/tos-alisg-i-aphluv4xwc-sg/93c0900df46547b8abe65ee39008628b~tplv-aphluv4xwc-resize-jpeg:600:600.jpeg?dr=15584&from=520841845&idc=my&ps=933b5bde&shcp=6c17ea28&shp=1f0b6a75&t=555f072d,1730172819428378698,Gina Juices PH,食品饮料,饮料,24,Luzona Mango Juice Drink 240mL (1 Can) - Refreshing Fruit Beverage,4.9,是,₱63.00-₱289.00,https://affiliate.tiktok.com/api/v1/share/ALA57xECQvmb,,,,,,,,,,
,https://p16-oec-sg.ibyteimg.com/tos-alisg-i-aphluv4xwc-sg/dfe7d210d2ef4709bce7a527dd0c8d7b~tplv-aphluv4xwc-resize-jpeg:600:600.jpeg?dr=15584&from=520841845&idc=my&ps=933b5bde&shcp=6c17ea28&shp=1f0b6a75&t=555f072d,1730172865594820682,Gina Juices PH,食品饮料,饮料,29,1x Gina Pineapple Juice 250mL (Unsweetened),5,是,₱85.00-₱401.00,https://affiliate.tiktok.com/api/v1/share/ALA5Bre1RH5c,,,,,,,,,,
,https://p16-oec-sg.ibyteimg.com/tos-alisg-i-aphluv4xwc-sg/696893aa69594f6a96180bd1640a577b~tplv-aphluv4xwc-resize-jpeg:600:600.jpeg?dr=15584&from=520841845&idc=my&ps=933b5bde&shcp=6c17ea28&shp=1f0b6a75&t=555f072d,1730172877856999498,Gina Juices PH,食品饮料,饮料,219,Gina Guyabano Nectar Juice 240mL (1 Can),4.8,是,₱77.00-₱362.00,https://affiliate.tiktok.com/api/v1/share/ALA57xECi0Dw,,,,,,,,,,
,https://p16-oec-sg.ibyteimg.com/tos-alisg-i-aphluv4xwc-sg/95bb36a4e61746ba917e703fd4aaad21~tplv-aphluv4xwc-resize-jpeg:600:600.jpeg?dr=15584&from=520841845&idc=my&ps=933b5bde&shcp=6c17ea28&shp=1f0b6a75&t=555f072d,1730172917612054602,Gina Juices PH,食品饮料,饮料,21,Gina Tropical Fruit Juice 240mL (1 Can) - Refreshing Drink,4.3,是,₱62.00-₱283.00,https://affiliate.tiktok.com/api/v1/share/ALA5Bre9Pf2p,,,,,,,,,,
,https://p16-oec-sg.ibyteimg.com/tos-alisg-i-aphluv4xwc-sg/f42721e90fff41d28c72843f1734a038~tplv-aphluv4xwc-resize-jpeg:600:600.jpeg?dr=15584&from=520841845&idc=my&ps=933b5bde&shcp=6c17ea28&shp=1f0b6a75&t=555f072d,1730172928180127818,Gina Juices PH,食品饮料,饮料,10,Gina Guava Juice Drink 240mL (1 Can) - Refreshing Beverage,0,是,₱72.00-₱334.00,https://affiliate.tiktok.com/api/v1/share/ALA57xECzAVj,,,,,,,,,,
,https://p16-oec-sg.ibyteimg.com/tos-alisg-i-aphluv4xwc-sg/cfdbe27527be45b38b7912ce026d39a1~tplv-aphluv4xwc-resize-jpeg:600:600.jpeg?dr=15584&from=520841845&idc=my&ps=933b5bde&shcp=6c17ea28&shp=1f0b6a75&t=555f072d,1730172964876159050,Gina Juices PH,食品饮料,饮料,146,Gina Calamansi Juice Drink 250mL (1 Can),4.9,是,₱58.00-₱266.00,https://affiliate.tiktok.com/api/v1/share/ALA5BreAEppa,,,,,,,,,,
,https://p16-oec-sg.ibyteimg.com/tos-alisg-i-aphluv4xwc-sg/1284784305c9438c86d74410c5cfdeda~tplv-aphluv4xwc-resize-jpeg:600:600.jpeg?dr=15584&from=520841845&idc=my&ps=933b5bde&shcp=6c17ea28&shp=1f0b6a75&t=555f072d,1735360074805052728,"DR WOW PH
主推",鞋靴,鞋配件,709,"Dr.WOW Supplies Premium Nano Magic Sponge – 2x Compressive Design, Cleans with Water Only (No Detergent), Durable Multi-Purpose Shoe Cleaner",4.4,是,₱113.18-₱425.78,https://affiliate.tiktok.com/api/v1/share/ALMIZoBaFpEQ,,,,,,,,,,
,https://p16-oec-sg.ibyteimg.com/tos-alisg-i-aphluv4xwc-sg/4ef4b5b901bb4f698202fed85254633d~tplv-aphluv4xwc-resize-jpeg:600:600.jpeg?dr=15584&from=520841845&idc=my&ps=933b5bde&shcp=6c17ea28&shp=1f0b6a75&t=555f072d,1735378332817392952,DR WOW PH,居家日用,家庭清洁用品,120,Magic Nano Sponge – Removes Tough Grease With Water Only Cleaning,4.4,是,₱133.25-₱155.35,https://affiliate.tiktok.com/api/v1/share/ALMIbA7WVDu0,,,,,,,,,,
,https://p16-oec-sg.ibyteimg.com/tos-alisg-i-aphluv4xwc-sg/ac3eb453083647e28682ee468f16f1c3~tplv-aphluv4xwc-resize-jpeg:600:600.jpeg?dr=15584&from=520841845&idc=my&ps=933b5bde&shcp=6c17ea28&shp=1f0b6a75&t=555f072d,1735338074913146168,DR WOW PH,居家日用,家庭清洁用品,564,Sensitive Temperature Cleaning Cloth — Non damaging for kitchen and home surfaces; durable even at low temperatures,4.5,是,₱72.00-₱209.40,https://affiliate.tiktok.com/api/v1/share/ALMIbA7WE3Z4,,,,,,,,,,
,https://p16-oec-sg.ibyteimg.com/tos-alisg-i-aphluv4xwc-sg/2628883cd72a48fdba60d1c2c773147b~tplv-aphluv4xwc-resize-jpeg:600:600.jpeg?dr=15584&from=520841845&idc=my&ps=933b5bde&shcp=6c17ea28&shp=1f0b6a75&t=555f072d,1735431390554457400,DR WOW PH,工具五金,五金工具,10,"Nanomagic Sponge Scrubber Pads, Magic Eraser Style Cleaning Sponge For Kitchen Pots & Pans, Abrasive Scouring Block To Remove Grease, Stains, Rust & Burnt Food, Heavy Duty Scrub Sponge",5,是,₱50.39,https://affiliate.tiktok.com/api/v1/share/ALMIb9hd9cfU,,,,,,,,,,
,https://p16-oec-sg.ibyteimg.com/tos-alisg-i-aphluv4xwc-sg/a849f153f728469fa9fd083bc6b5ca3e~tplv-aphluv4xwc-resize-jpeg:600:600.jpeg?dr=15584&from=520841845&idc=my&ps=933b5bde&shcp=6c17ea28&shp=1f0b6a75&t=555f072d,1735345740683052344,DR WOW PH,居家日用,家庭清洁用品,0,Disposable Kitchen Sink Strainer Blocks Food Residue & Prevents Clogging,0,是,₱280.12,https://affiliate.tiktok.com/api/v1/share/ALMIb9hcsWtc,,,,,,,,,,
,https://p16-oec-sg.ibyteimg.com/tos-alisg-i-aphluv4xwc-sg/c11628675be84cefb7b48743f6f08d31~tplv-aphluv4xwc-resize-jpeg:600:600.jpeg?dr=15584&from=520841845&idc=my&ps=933b5bde&shcp=6c17ea28&shp=1f0b6a75&t=555f072d,1730802723857008394,"SANIBEAUTE
主推",美妆与个护,护肤,7237,SANIBEAUTÉ 60mL HYPOCHLOROUS ACID FACIAL SPRAY (PACK OF 3),4.8,是,₱278.88,https://affiliate.tiktok.com/api/v1/share/ALMtJTxVrH9g,,,,,,,,,,
,https://p16-oec-sg.ibyteimg.com/tos-alisg-i-aphluv4xwc-sg/421aa4ecde614a0984acb87d0ce6ceb5~tplv-aphluv4xwc-resize-jpeg:600:600.jpeg?dr=15584&from=520841845&idc=my&ps=933b5bde&shcp=6c17ea28&shp=1f0b6a75&t=555f072d,1730718082476836618,SANIBEAUTE,美妆与个护,护肤,21318,"Hypochlorous Acid Sanibeauté Facial Spray 60mL Anti-Acne, Calms Redness, Soothes Irritation, Repairs Skin",4.7,是,₱299.00,https://affiliate.tiktok.com/api/v1/share/ALMtK09YItFo,,,,,,,,,,
,https://p16-oec-sg.ibyteimg.com/tos-alisg-i-aphluv4xwc-sg/92c354ca1e50414cb45f693ea6f4b62a~tplv-aphluv4xwc-resize-jpeg:600:600.jpeg?dr=15584&from=520841845&idc=my&ps=933b5bde&shcp=6c17ea28&shp=1f0b6a75&t=555f072d,1730802975963252490,SANIBEAUTE,美妆与个护,护肤,452,SANIBEAUTÉ 60 ML HYPOCHLOROUS ACID FACIAL SPRAY (PACK OF 5),4.9,是,₱939.10,https://affiliate.tiktok.com/api/v1/share/ALMtK09Ya1Qz,,,,,,,,,,
,https://p16-oec-sg.ibyteimg.com/tos-alisg-i-aphluv4xwc-sg/e5aaca097abd4e0c938cd3cf1ee98f72~tplv-aphluv4xwc-resize-jpeg:600:600.jpeg?dr=15584&from=520841845&idc=my&ps=933b5bde&shcp=6c17ea28&shp=1f0b6a75&t=555f072d,1735141818453952352,"Cozy Room
主推",女士内衣,女士内衣,6296,2 Pcs Women's Plus-Size Knitted Sleeveless 2 in 1 Pajama Set Women's Camisole Tank Top Shorts Pajamas Womenswear Nightwear Loungewear Cherry Soft,4.6,是,₱48.75-₱318.72,https://affiliate.tiktok.com/api/v1/share/ALNEMtTw6oqq,,,,,,,,,,
,https://p16-oec-sg.ibyteimg.com/tos-alisg-i-aphluv4xwc-sg/9ab049fdbe424fac91246477055f68ab~tplv-aphluv4xwc-resize-jpeg:600:600.jpeg?dr=15584&from=520841845&idc=my&ps=933b5bde&shcp=6c17ea28&shp=1f0b6a75&t=555f072d,1734709393166141280,"Cozy Room
主推",女士内衣,女士睡衣家居服,4152,BestSeller Elegant Dress Women's Sleeveless Spaghetti Strap Sleep Skirt Lace Comfy Loungewear Nightwear Womenswear Minimalist,4.7,是,₱186.10-₱189.99,https://affiliate.tiktok.com/api/v1/share/ALNEMtTvpkC0,,,,,,,,,,
,https://p16-oec-sg.ibyteimg.com/tos-alisg-i-aphluv4xwc-sg/7a0b329908144f57b24cc013638238ed~tplv-aphluv4xwc-resize-jpeg:600:600.jpeg?dr=15584&from=520841845&idc=my&ps=933b5bde&shcp=6c17ea28&shp=1f0b6a75&t=555f072d,1736736508140488544,"Cozy Room
主推",女士内衣,女士睡衣家居服,1683,Cotton Vneck Cardigan Fashion Nightgown Bathrobe Plus Size Maternity Sleepwear Womenswear Loungewear,4.7,是,₱179.84,https://affiliate.tiktok.com/api/v1/share/ALNEMtTwerUt,,,,,,,,,,
,https://p16-oec-sg.ibyteimg.com/tos-alisg-i-aphluv4xwc-sg/c1f7beee8bdf42e6abbc396f292ede67~tplv-aphluv4xwc-resize-jpeg:600:600.jpeg?dr=15584&from=520841845&idc=my&ps=933b5bde&shcp=6c17ea28&shp=1f0b6a75&t=555f072d,1731844671305320288,"Cozy Room
主推",箱包,旅行箱,33952,Travel Bag Women Men Korean Large Capacity Sports Travel Backpack Hand bag,4.8,是,₱139.42-₱204.59,https://affiliate.tiktok.com/api/v1/share/ALNELU2KpGsa,,,,,,,,,,
,https://p16-oec-sg.ibyteimg.com/tos-alisg-i-aphluv4xwc-sg/26ba6db37bf0419eab05391f3d7be83b~tplv-aphluv4xwc-resize-jpeg:600:600.jpeg?dr=15584&from=520841845&idc=my&ps=933b5bde&shcp=6c17ea28&shp=1f0b6a75&t=555f072d,1736062175970428768,Cozy Room,女士内衣,女士睡衣家居服,3090,3 in 1 Popular Korean Casual Button Sleepwear Pajama Nightwear Comfortable Short Sleeved Indoor Homewear Nightwear for Women,4.7,是,₱199.26-₱229.44,https://affiliate.tiktok.com/api/v1/share/ALNELU2LvepV,,,,,,,,,,
,https://p16-oec-sg.ibyteimg.com/tos-alisg-i-aphluv4xwc-sg/ed411b2428494dc88155a12bc11a6d3f~tplv-aphluv4xwc-resize-jpeg:600:600.jpeg?dr=15584&from=520841845&idc=my&ps=933b5bde&shcp=6c17ea28&shp=1f0b6a75&t=555f072d,1733934426279937888,Cozy Room,女士内衣,女士睡衣家居服,4477,3 in 1 Button Sleepwear Korean Pajama Nightwear Loose Homewear For Women Womenswear Loungewear,4.6,是,₱201.52,https://affiliate.tiktok.com/api/v1/share/ALNEMtTvYuf4,,,,,,,,,,
,https://p16-oec-sg.ibyteimg.com/tos-alisg-i-aphluv4xwc-sg/d99d1cb23c214cb6b4d14ebee905c67b~tplv-aphluv4xwc-resize-jpeg:600:600.jpeg?dr=15584&from=520841845&idc=my&ps=933b5bde&shcp=6c17ea28&shp=1f0b6a75&t=555f072d,1734708945735288672,Cozy Room,女士内衣,女士睡衣家居服,1541,2 Pcs Sling Pajamas Women's 2 in 1 love Butterfly Home Wear Printed Pajamas Set Nightwear Loungewear Womenswear Clothes,4.5,是,₱124.83-₱269.74,https://affiliate.tiktok.com/api/v1/share/ALNELU2L6LHr,,,,,,,,,,
,https://p16-oec-sg.ibyteimg.com/tos-alisg-i-aphluv4xwc-sg/ca9920d1f20f4a0e864c38327f67acbc~tplv-aphluv4xwc-resize-jpeg:600:600.jpeg?dr=15584&from=520841845&idc=my&ps=933b5bde&shcp=6c17ea28&shp=1f0b6a75&t=555f072d,1735078088173127520,Cozy Room,女士内衣,女士内衣,1989,Seamless Full Cup Bra for Big Bust Anti-Sagging Adjustable Bra Sponge Pad Large Size Lingerie,4.4,是,₱127.88-₱279.62,https://affiliate.tiktok.com/api/v1/share/ALNELU2LNUR1,,,,,,,,,,
,https://p16-oec-sg.ibyteimg.com/tos-alisg-i-aphluv4xwc-sg/3d0b010145154197811717ef99a23692~tplv-aphluv4xwc-resize-jpeg:600:600.jpeg?dr=15584&from=520841845&idc=my&ps=933b5bde&shcp=6c17ea28&shp=1f0b6a75&t=555f072d,1735218432054953824,Cozy Room,女士内衣,女士睡衣家居服,3082,Pajamas Women's Suspender Chest Pad Sweet Loose Nightdress Womenswear Nightwear Loungewear Pjs Sleeveless Summer Lingerie,4.5,是,₱199.62-₱438.00,https://affiliate.tiktok.com/api/v1/share/ALNELU2LePp0,,,,,,,,,,
,https://p16-oec-sg.ibyteimg.com/tos-alisg-i-aphluv4xwc-sg/18aae0de9fcc4df582703ef9af46ce8a~tplv-aphluv4xwc-resize-jpeg:600:600.jpeg?dr=15584&from=520841845&idc=my&ps=933b5bde&shcp=6c17ea28&shp=1f0b6a75&t=555f072d,1735259828800620384,Cozy Room,女士内衣,女士睡衣家居服,991,Loungewear 2 IN 1 Terno Pajamas for Women V-neck Ice Silk Sleepwear Comfortable Homewear Womenswear Pjs Longsleeve Vneck,4,是,₱229.36-₱234.36,https://affiliate.tiktok.com/api/v1/share/ALNEMtTwNtzz,,,,,,,,,,
,https://p16-oec-sg.ibyteimg.com/tos-alisg-i-aphluv4xwc-sg/f4cc721ad25845248b481edeaaa4bbf0~tplv-aphluv4xwc-resize-jpeg:600:600.jpeg?dr=15584&from=520841845&idc=my&ps=933b5bde&shcp=6c17ea28&shp=1f0b6a75&t=555f072d,1731721236858636092,-Deja Vu-,女士内衣,女士睡衣家居服,8887,3-in-1 Pajama Set With Built-in Chest Pad Women's Summer Short-Sleeve Top + Shorts + Pants Cotton Loungewear Pantulog Sleepwear Pjs Womenswear Homewear Trouser,4.7,是,₱269.36-₱269.74,https://affiliate.tiktok.com/api/v1/share/ALNEMtTuSWHc,,,,,,,,,,
,https://p16-oec-sg.ibyteimg.com/tos-alisg-i-aphluv4xwc-sg/a605427b1cfc469badd8bb116b1e914e~tplv-aphluv4xwc-resize-jpeg:600:600.jpeg?dr=15584&from=520841845&idc=my&ps=933b5bde&shcp=6c17ea28&shp=1f0b6a75&t=555f072d,1731724493444384572,-Deja Vu-,女士内衣,女士睡衣家居服,253349,Padded Pajamas Babae Plus Size Pajamas Cute Fashion Pajamas Summer Padded Pajamas Babae #C Loungewear Nightwear Pjs Lingerie Womenswear,4.6,是,₱129.84-₱169.28,https://affiliate.tiktok.com/api/v1/share/ALNELU2K0KZB,,,,,,,,,,
,https://p16-oec-sg.ibyteimg.com/tos-alisg-i-aphluv4xwc-sg/80407eb43a1646ee94641f0612fc75ee~tplv-aphluv4xwc-resize-jpeg:600:600.jpeg?dr=15584&from=520841845&idc=my&ps=933b5bde&shcp=6c17ea28&shp=1f0b6a75&t=555f072d,1732466277792712508,-Deja Vu-,女士内衣,女士睡衣家居服,19854,2 in 1 Women's Summer Pajama Set With Chest Pads Antibacterial Loungewear For Adult Sleepwear Homewear Womenswear,4.6,是,₱199.00-₱219.74,https://affiliate.tiktok.com/api/v1/share/ALNEMtTujZmi,,,,,,,,,,
,https://p16-oec-sg.ibyteimg.com/tos-alisg-i-aphluv4xwc-sg/c2d15f46b0d6469c9985204aff5d0513~tplv-aphluv4xwc-resize-jpeg:600:600.jpeg?dr=15584&from=520841845&idc=my&ps=933b5bde&shcp=6c17ea28&shp=1f0b6a75&t=555f072d,1735031307101112124,-Deja Vu-,女士内衣,女士睡衣家居服,2418,Women's Sweet Cartoon Suspender Pajamas With Chest Pad Loose Sleeveless Nightdress sleeptight pink nightgown Womenswear Nightwear Loungewear Pjs Homewear,4.7,是,₱199.74-₱229.74,https://affiliate.tiktok.com/api/v1/share/ALNELU2KHNJv,,,,,,,,,,
,https://p16-oec-sg.ibyteimg.com/tos-alisg-i-aphluv4xwc-sg/d5d39b9530cc4bfaae1d77552edb34d9~tplv-aphluv4xwc-resize-jpeg:600:600.jpeg?dr=15584&from=520841845&idc=my&ps=933b5bde&shcp=6c17ea28&shp=1f0b6a75&t=555f072d,1735185765698078524,-Deja Vu-,女士内衣,女士睡衣家居服,899,2 IN 1 Terno Pajamas for Women V-neck Sleepwear Comfortable Homewear Super Comfortable Soft Loungewear Longsleeve Womenswear,4.3,是,₱229.74-₱234.36,https://affiliate.tiktok.com/api/v1/share/ALNEMtTv0mmg,,,,,,,,,,
,https://p16-oec-sg.ibyteimg.com/tos-alisg-i-aphluv4xwc-sg/375effa5e14449588159ef5c88199925~tplv-aphluv4xwc-resize-jpeg:600:600.jpeg?dr=15584&from=520841845&idc=my&ps=933b5bde&shcp=6c17ea28&shp=1f0b6a75&t=555f072d,1735784761378113340,-Deja Vu-,女士内衣,女士睡衣家居服,383,3 in 1 Casual Soft Comfy Button Design Sleepwear Pajama Nightwear Stylish Korean Style Short Sleeved Loose Homewear Loungewear for Women,4.6,是,₱229.71-₱478.00,https://affiliate.tiktok.com/api/v1/share/ALNELU2KYOMT,,,,,,,,,,
,https://p16-oec-sg.ibyteimg.com/tos-alisg-i-aphluv4xwc-sg/8aadb0f5241d45c394134f1a9482e014~tplv-aphluv4xwc-resize-jpeg:600:600.jpeg?dr=15584&from=520841845&idc=my&ps=933b5bde&shcp=6c17ea28&shp=1f0b6a75&t=555f072d,1736218647582705468,-Deja Vu-,女士内衣,女士睡衣家居服,352,Women Daster Sleep Dress V Neck Front Open Cardigan Loose Oversized Soft Cotton Breathable Casual Home Night Wear Ladies Loungewear,4.7,是,₱186.16,https://affiliate.tiktok.com/api/v1/share/ALNEMtTvHmK8,,,,,,,,,,
,https://p16-oec-sg.ibyteimg.com/tos-alisg-i-aphluv4xwc-sg/d5206d372df646399365d02ea882a74d~tplv-aphluv4xwc-resize-jpeg:600:600.jpeg?dr=15584&from=520841845&idc=my&ps=933b5bde&shcp=6c17ea28&shp=1f0b6a75&t=555f072d,1736892080172532945,"Romand Philippines Store
主推",美妆与个护,美容,14422,rom&nd THE JUICY LASTING TINT | Glossy Hydrating Lip Tint | Long-Lasting & Moisturizing,4.8,是,₱396.00,https://affiliate.tiktok.com/api/v1/share/ALNwCLneZZk2,,,,,,,,,,
,https://p16-oec-sg.ibyteimg.com/tos-alisg-i-aphluv4xwc-sg/31d8140909e74989aba0695bfd0fc526~tplv-aphluv4xwc-resize-jpeg:600:600.jpeg?dr=15584&from=520841845&idc=my&ps=933b5bde&shcp=6c17ea28&shp=1f0b6a75&t=555f072d,1736895694466024657,"Romand Philippines Store
主推",美妆与个护,美容,1408,"rom&nd Juicy Flash Lip Oil | High Gloss, Deeply Hydrating Lip Treatment | Korean Makeup Lip Oil",5,是,₱396.00,https://affiliate.tiktok.com/api/v1/share/ALNwCMvKGswt,,,,,,,,,,
,https://p16-oec-sg.ibyteimg.com/tos-alisg-i-aphluv4xwc-sg/bfb86e9fb9dd4023bde57743e53164dd~tplv-aphluv4xwc-resize-jpeg:600:600.jpeg?dr=15584&from=520841845&idc=my&ps=933b5bde&shcp=6c17ea28&shp=1f0b6a75&t=555f072d,1736894673349674193,"Romand Philippines Store
主推",美妆与个护,美容,5211,"rom&nd Better than Cheek | Pore-Blurring Matte Blush, Smooth Powder | Korean Makeup Cheek",4.8,是,₱373.00,https://affiliate.tiktok.com/api/v1/share/ALNwCLnf7lrc,,,,,,,,,,
,https://p16-oec-sg.ibyteimg.com/tos-alisg-i-aphluv4xwc-sg/631d863c9a294b38965be339b41c907f~tplv-aphluv4xwc-resize-jpeg:600:600.jpeg?dr=15584&from=520841845&idc=my&ps=933b5bde&shcp=6c17ea28&shp=1f0b6a75&t=555f072d,1734535327526520017,"Romand Philippines Store
主推",美妆与个护,美容,2031,[rom&nd] rom&nd Glasting Color Gloss 8 colors,4.9,是,₱396.00,https://affiliate.tiktok.com/api/v1/share/ALNwCMvJRitF,,,,,,,,,,
,https://p16-oec-sg.ibyteimg.com/tos-alisg-i-aphluv4xwc-sg/62a9f5da7a7f451f9d9ac28448cb33ff~tplv-aphluv4xwc-resize-jpeg:600:600.jpeg?dr=15584&from=520841845&idc=my&ps=933b5bde&shcp=6c17ea28&shp=1f0b6a75&t=555f072d,1736893774344586449,"Romand Philippines Store
主推",美妆与个护,美容,5392,rom&nd Blur Fudge Tint | Fudge spreading on your lips!,4.8,是,₱392.00,https://affiliate.tiktok.com/api/v1/share/ALNwCMvK02Qm,,,,,,,,,,
,https://p16-oec-sg.ibyteimg.com/tos-alisg-i-aphluv4xwc-sg/8ff731fc18554e56ac39d715eb4ff39e~tplv-aphluv4xwc-resize-jpeg:600:600.jpeg?dr=15584&from=520841845&idc=my&ps=933b5bde&shcp=6c17ea28&shp=1f0b6a75&t=555f072d,1736893251497133265,Romand Philippines Store,美妆与个护,美容,598,rom&nd Better than Palette | Soft Matte & Glitter Eye Palette | Korean Makeup Eyeshadow,4.9,是,₱921.00-₱929.00,https://affiliate.tiktok.com/api/v1/share/ALNwCMot00O0,,,,,,,,,,
,https://p16-oec-sg.ibyteimg.com/tos-alisg-i-aphluv4xwc-sg/eef8afa725b240c6b13ce654d6b52ab0~tplv-aphluv4xwc-resize-jpeg:600:600.jpeg?dr=15584&from=520841845&idc=my&ps=933b5bde&shcp=6c17ea28&shp=1f0b6a75&t=555f072d,1736894768284861649,Romand Philippines Store,美妆与个护,美容,70,rom&nd Han All Eyepou Liner | Waterproof Long-Lasting Eyeliner,4.7,是,₱573.00,https://affiliate.tiktok.com/api/v1/share/ALNwCMotH29e,,,,,,,,,,
,https://p16-oec-sg.ibyteimg.com/tos-alisg-i-aphluv4xwc-sg/50189ad2f4c34ec59010fda11c0a42eb~tplv-aphluv4xwc-resize-jpeg:600:600.jpeg?dr=15584&from=520841845&idc=my&ps=933b5bde&shcp=6c17ea28&shp=1f0b6a75&t=555f072d,1736980262311789777,Romand Philippines Store,美妆与个护,美容,106,rom&nd Lip Bundle | Juicy lasting Tint+Better Than Cheek,4.8,是,₱663.00,https://affiliate.tiktok.com/api/v1/share/ALNwCLnfOkM1,,,,,,,,,,
,https://p16-oec-sg.ibyteimg.com/tos-alisg-i-aphluv4xwc-sg/6c4aeb9a997e44cdbae3535327dc25af~tplv-aphluv4xwc-resize-jpeg:600:600.jpeg?dr=15584&from=520841845&idc=my&ps=933b5bde&shcp=6c17ea28&shp=1f0b6a75&t=555f072d,1736980769549550801,Romand Philippines Store,美妆与个护,美容,162,rom&nd Lip Bundle | Best the Juicy Lasting Tint Bundle,5,是,₱700.00,https://affiliate.tiktok.com/api/v1/share/ALNwCMotp7X9,,,,,,,,,,
,https://p16-oec-sg.ibyteimg.com/tos-alisg-i-aphluv4xwc-sg/97e738ed5cf74585aba6566fa65750d8~tplv-aphluv4xwc-resize-jpeg:600:600.jpeg?dr=15584&from=520841845&idc=my&ps=933b5bde&shcp=6c17ea28&shp=1f0b6a75&t=555f072d,1736980815668151505,Romand Philippines Store,美妆与个护,美容,56,rom&nd Lip Bundle | Blur Budge Tint + The Juicy Lasting Tint Bundle,4.8,是,₱697.00,https://affiliate.tiktok.com/api/v1/share/ALNwCMvKp95K,,,,,,,,,,
,https://p16-oec-sg.ibyteimg.com/tos-alisg-i-aphluv4xwc-sg/0af84b7b7c584175ab33af1bd804b245~tplv-aphluv4xwc-resize-jpeg:600:600.jpeg?dr=15584&from=520841845&idc=my&ps=933b5bde&shcp=6c17ea28&shp=1f0b6a75&t=555f072d,1736981061115151569,Romand Philippines Store,美妆与个护,美容,252,rom&nd Beauty Kit | Better than Palette + Better than Cheek + Juicy Lip Oil Bundle,4.9,是,"₱1,477.00",https://affiliate.tiktok.com/api/v1/share/ALNwCLnffqvB,,,,,,,,,,
,https://p16-oec-sg.ibyteimg.com/tos-alisg-i-aphluv4xwc-sg/a706b1dbf441478688103267f774887f~tplv-aphluv4xwc-resize-jpeg:600:600.jpeg?dr=15584&from=520841845&idc=my&ps=933b5bde&shcp=6c17ea28&shp=1f0b6a75&t=555f072d,1737053384878884277,"NIUMO Digital-PH
主推",手机数码,手机配件,417,"NIUMO Official Store X9 “CHUANG” Charging Kit, Combo Set, GaN Fast Charging na Mababang Init, 4-in-1 Multi-Port Fast Charger, Compatible sa iPhone, Huawei, vivo, OPPO at lahat ng Android devices, Suporta sa lahat ng fast charging protocols.",4,是,₱299.00,https://affiliate.tiktok.com/api/v1/share/ALPRdKW2Emcx,,,,,,,,,,
,https://p16-oec-sg.ibyteimg.com/tos-alisg-i-aphluv4xwc-sg/426fc7c1a8ae443c80b189fde2517951~tplv-aphluv4xwc-resize-jpeg:600:600.jpeg?dr=15584&from=520841845&idc=my&ps=933b5bde&shcp=6c17ea28&shp=1f0b6a75&t=555f072d,1731192891604436405,"NIUMO Digital-PH
主推",手机数码,手机配件,75191,【24h Ship】NIUMO 4 in 1 LED Fast Charging Cable 240W 1.2M Multifunction Alloy USB Type-C Lightning Port Super Fast Charging for iPhone and Android,4.4,是,₱129.00,https://affiliate.tiktok.com/api/v1/share/ALPRdXWskrTk,,,,,,,,,,
,https://p16-oec-sg.ibyteimg.com/tos-alisg-i-aphluv4xwc-sg/a2df9dd71977435095537c6a89862c37~tplv-aphluv4xwc-resize-jpeg:600:600.jpeg?dr=15584&from=520841845&idc=my&ps=933b5bde&shcp=6c17ea28&shp=1f0b6a75&t=555f072d,1732803388248393141,NIUMO Digital-PH,手机数码,手机配件,8420,【24h Ship】NIUMO 240W 4-in-1 Spring Fast Charging Cable 2M Safety Durable Muti function Perfume Zinc Alloy PD27w USB Type-C Lightning for iPhone Android Laptop,4.8,是,₱209.00-₱239.00,https://affiliate.tiktok.com/api/v1/share/ALPRdKW1xlXB,,,,,,,,,,
,https://p16-oec-sg.ibyteimg.com/tos-alisg-i-aphluv4xwc-sg/10a1677f8dae408a9c7e21a56684bec0~tplv-aphluv4xwc-resize-jpeg:600:600.jpeg?dr=15584&from=520841845&idc=my&ps=933b5bde&shcp=6c17ea28&shp=1f0b6a75&t=555f072d,1736960707158967733,NIUMO Digital-PH,手机数码,手机配件,0,NIUMO-X3 – 240W Super Fast Charging 4-in-1 Liquid Silicone Cable + Transparent Case + Breathing Light with Aroma | One Cable for All Devices | Smart Protection System for Battery Care | Supports CarPlay + CarLife,0,是,₱239.00,https://affiliate.tiktok.com/api/v1/share/ALPRd7TAbBo4,,,,,,,,,,
,https://p16-oec-sg.ibyteimg.com/tos-alisg-i-aphluv4xwc-sg/aa9f81a3f80743e08841e68e3607bec0~tplv-aphluv4xwc-resize-jpeg:600:600.jpeg?dr=15584&from=520841845&idc=my&ps=933b5bde&shcp=6c17ea28&shp=1f0b6a75&t=555f072d,1737477046478472446,Olzz Wellness PH,健康保健,营养保健,10,OLZZ White Kidney Bean Chewable Tablets | Daily Carb Support | Pre + Probiotics | Milk Flavor | 30 Tablets,5,是,"₱499.00-₱1,299.00",https://affiliate.tiktok.com/api/v1/share/ALSCBErmgTlo,,,,,,,,,,
,https://p16-oec-sg.ibyteimg.com/tos-alisg-i-aphluv4xwc-sg/686e09bed4564a7185c0b20ce3949fe5~tplv-aphluv4xwc-resize-jpeg:600:600.jpeg?dr=15584&from=520841845&idc=my&ps=933b5bde&shcp=6c17ea28&shp=1f0b6a75&t=555f072d,1730679924066388418,"Sip2Glow PH
主推",健康保健,营养保健,42097,"【 Sip2Glow 】Advanced Collagen Drink with Korean Collagen Tripeptide, GABA & Vitamin C | Passion Fruit | Mango | Lychee | Health & Beauty | Anti-Aging | Ready-To-Sip Supplement for Skin, Hair, Nails & Joint Health",4.9,是,₱374.00,https://affiliate.tiktok.com/api/v1/share/ALSsfHDkzTBh,,,,,,,,,,
,https://p16-oec-sg.ibyteimg.com/tos-alisg-i-aphluv4xwc-sg/b4b98637aa544efb84477a8ef5f4da0e~tplv-aphluv4xwc-resize-jpeg:600:600.jpeg?dr=15584&from=520841845&idc=my&ps=933b5bde&shcp=6c17ea28&shp=1f0b6a75&t=555f072d,1731403258119947714,Sip2Glow PH,健康保健,营养保健,5793,"【 Sip2Glow 】Advanced Brightening Drink with White Tomato, Glutathione, Niacinamide & Hyaluronic Acid | Pineapple Flavor | Health & Beauty | 4-in-1 Skin Brightening for Glass Skin | Ready-To-Sip Supplement for Dewy, Glowy and Hydrated Skin",4.8,是,₱374.00,https://affiliate.tiktok.com/api/v1/share/ALSsfHQ7MgNi,,,,,,,,,,
,https://p16-oec-sg.ibyteimg.com/tos-alisg-i-aphluv4xwc-sg/774536b71b8d436189991a44ea0cefae~tplv-aphluv4xwc-resize-jpeg:600:600.jpeg?dr=15584&from=520841845&idc=my&ps=933b5bde&shcp=6c17ea28&shp=1f0b6a75&t=555f072d,1732719771562968514,Sip2Glow PH,健康保健,营养保健,4590,【 SipBiotics 】 56 Billion Multi-Strain Probiotics | Synbiotic Formula Prebiotic + Probiotic | Multi-Strain Strength | Ultra High Potency | Gut Barrier Repair | Anti-Inflammatory Action | Immune Regulation,4.8,是,₱449.00,https://affiliate.tiktok.com/api/v1/share/ALSsaQRuHlH7,,,,,,,,,,
,https://p16-oec-sg.ibyteimg.com/tos-alisg-i-aphluv4xwc-sg/3f7c874338e34c698e80e754ba6b3953~tplv-aphluv4xwc-resize-jpeg:600:600.jpeg?dr=15584&from=520841845&idc=my&ps=933b5bde&shcp=6c17ea28&shp=1f0b6a75&t=555f072d,1731403454876321218,Sip2Glow PH,健康保健,营养保健,14659,"【 Sip2Glow | BUY 3 GET 1 】Advanced Brightening Drink with White Tomato, Glutathione, Niacinamide & Hyaluronic Acid | Pineapple Flavor | Health & Beauty | 4-in-1 Skin Brightening for Glass Skin | Ready-To-Sip Supplement for Dewy, Glowy and Hydrated Skin",4.8,是,"₱1,141.91",https://affiliate.tiktok.com/api/v1/share/ALSsfHQ75bBW,,,,,,,,,,
,https://p16-oec-sg.ibyteimg.com/tos-alisg-i-aphluv4xwc-sg/fa5c6c54e6464952a488bddca0db23be~tplv-aphluv4xwc-resize-jpeg:600:600.jpeg?dr=15584&from=520841845&idc=my&ps=933b5bde&shcp=6c17ea28&shp=1f0b6a75&t=555f072d,1730570658713011650,Sip2Glow PH,健康保健,营养保健,51711,"【 Sip2Glow | BUY 3 GET 1 】Advanced Collagen Drink with Korean Collagen Tripeptide, GABA & Vitamin C | Passion Fruit | Mango | Lychee Flavor | Health & Beauty | Anti-Aging | Ready-To-Sip Supplement for Skin, Hair, Nails & Joint Health",4.9,是,"₱1,141.91-₱1,145.00",https://affiliate.tiktok.com/api/v1/share/ALSsaQRtjeCw,,,,,,,,,,
,https://p16-oec-sg.ibyteimg.com/tos-alisg-i-aphluv4xwc-sg/f0481af096574db7a1fe13d1ffb22b90~tplv-aphluv4xwc-resize-jpeg:600:600.jpeg?dr=15584&from=520841845&idc=my&ps=933b5bde&shcp=6c17ea28&shp=1f0b6a75&t=555f072d,1737617947381236760,"Tiny Cuddle Co.
主推",居家日用,节日派对用品,0,【COD】12PCS Christmas Ball Ornaments Set | Christmas Tree Decorations Glossy & Glitter Baubles 4CM 5CM 6CM Holiday Decor,0,是,₱140.00-₱300.00,https://affiliate.tiktok.com/api/v1/share/ALUljevtcAcp,,,,,,,,,,
,https://p16-oec-sg.ibyteimg.com/tos-alisg-i-aphluv4xwc-sg/f3279b238eb14766a0dfc284ba97beb0~tplv-aphluv4xwc-resize-jpeg:600:600.jpeg?dr=15584&from=520841845&idc=my&ps=933b5bde&shcp=6c17ea28&shp=1f0b6a75&t=555f072d,1736631969672037396,NoteLab,居家日用,节日派对用品,6,【COD】12PCS Christmas Ball Ornaments Set | Christmas Tree Decorations Glossy & Glitter Baubles 4CM 5CM 6CM Holiday Decor,0,是,₱70.00-₱150.00,https://affiliate.tiktok.com/api/v1/share/ALTjnkVWKupI,,,,,,,,,,
,https://p16-oec-sg.ibyteimg.com/tos-alisg-i-aphluv4xwc-sg/968055090e4345d7ae13320ffe177a62~tplv-aphluv4xwc-resize-jpeg:600:600.jpeg?dr=15584&from=520841845&idc=my&ps=933b5bde&shcp=6c17ea28&shp=1f0b6a75&t=555f072d,1736652353400636436,NoteLab,居家日用,节日派对用品,25,【COD】Snow Tip Christmas Tree with Pine Cones & Red Berries | Premium Artificial Christmas Tree Full PVC Branches Holiday Decorations,0,是,"₱1,360.00-₱4,400.00",https://affiliate.tiktok.com/api/v1/share/ALUm1tEVmxjE,,,,,,,,,,
,https://p16-oec-sg.ibyteimg.com/tos-alisg-i-aphluv4xwc-sg/abf2dda46a844bf28ba9ce75cba549ee~tplv-aphluv4xwc-resize-jpeg:600:600.jpeg?dr=15584&from=520841845&idc=my&ps=933b5bde&shcp=6c17ea28&shp=1f0b6a75&t=555f072d,1731487255321151198,LittleKnight,儿童时尚,男童服装,2839,cargo short pants for kids boys 4-15 years old straight 4 pockets/fashion toddler casual,4.7,是,₱247.50-₱252.00,https://affiliate.tiktok.com/api/v1/share/ALVUrZzpK9x2,,,,,,,,,,
,https://p16-oec-sg.ibyteimg.com/tos-alisg-i-aphluv4xwc-sg/05f5a737d4d24189af581ca0f292da18~tplv-aphluv4xwc-resize-jpeg:600:600.jpeg?dr=15584&from=520841845&idc=my&ps=933b5bde&shcp=6c17ea28&shp=1f0b6a75&t=555f072d,1731964189934847710,LittleKnight,运动户外,运动服饰,166,jogger pants for kids teens boy 4-15+ years old 2 pocket children pants for boys,4.2,是,₱228.80,https://affiliate.tiktok.com/api/v1/share/ALVUoR5gcLVW,,,,,,,,,,
,https://p16-oec-sg.ibyteimg.com/tos-alisg-i-aphluv4xwc-sg/a2b69c9b63514584bfae046345e06656~tplv-aphluv4xwc-resize-jpeg:600:600.jpeg?dr=15584&from=520841845&idc=my&ps=933b5bde&shcp=6c17ea28&shp=1f0b6a75&t=555f072d,1732140315258423006,LittleKnight,儿童时尚,男童服装,1854,【COD】Baggy Casual Pants For Kids Boys Solid Color Street Style High Waist Wide Leg Teenagers,4.3,是,₱329.00,https://affiliate.tiktok.com/api/v1/share/ALVUrZzq9TzA,,,,,,,,,,
,https://p16-oec-sg.ibyteimg.com/tos-alisg-i-aphluv4xwc-sg/dc854701f058412ab1c915f814315c9c~tplv-aphluv4xwc-resize-jpeg:600:600.jpeg?dr=15584&from=520841845&idc=my&ps=933b5bde&shcp=6c17ea28&shp=1f0b6a75&t=555f072d,1737303477858305758,LittleKnight,男士内衣,男士上衣,1,【BUY1 TAKE1】[COD]Unisex Waterproof T-Shirt | Oil & Stain Resistant White Casual Tee | Couple Matching Shirt S-2XL,0,是,₱140.00-₱300.00,https://affiliate.tiktok.com/api/v1/share/ALVUoR5jdmLt,,,,,,,,,,
,https://p16-oec-sg.ibyteimg.com/tos-alisg-i-aphluv4xwc-sg/789f52a51bc64e4ea26f59cd6ac0e437~tplv-aphluv4xwc-resize-jpeg:600:600.jpeg?dr=15584&from=520841845&idc=my&ps=933b5bde&shcp=6c17ea28&shp=1f0b6a75&t=555f072d,1729742795610884414,kkskysolarlight,家装建材,照明灯具,232653,【BUY 1 TAKE 1】KKSKY BRAND Party Event 10 Meter 100 LED Outdoor Party Garland Waterproof Plug / Battery /New Year Home Decoration Fairy / happybirthdayledlightset bending decor vintage christmas lights rgb wall led light led light,4.5,是,₱149.00-₱318.00,https://affiliate.tiktok.com/api/v1/share/ALU4NVBXrZx1,,,,,,,,,,
,https://p16-oec-sg.ibyteimg.com/tos-alisg-i-aphluv4xwc-sg/af7d63e09261411891d6f155ab9698cc~tplv-aphluv4xwc-resize-jpeg:600:600.jpeg?dr=15584&from=520841845&idc=my&ps=933b5bde&shcp=6c17ea28&shp=1f0b6a75&t=555f072d,1732491131879195966,kkskysolarlight,居家日用,节日派对用品,12058,KKSKY BRAND Party Event 10 Meter 100 LED SOLAR Outdoor Party Garland Waterproof Plug / Battery /New Year Home Decoration Fairy / happybirthdayledlightset bending decor vintage christmas lights rgb wall led light led light,4.2,是,₱179.00-₱589.00,https://affiliate.tiktok.com/api/v1/share/ALU4J9BjOtJM,,,,,,,,,,
,https://p16-oec-sg.ibyteimg.com/tos-alisg-i-aphluv4xwc-sg/eca7a983738e48599cd5ca77bfc19909~tplv-aphluv4xwc-resize-jpeg:600:600.jpeg?dr=15584&from=520841845&idc=my&ps=933b5bde&shcp=6c17ea28&shp=1f0b6a75&t=555f072d,1732657059751495200,"COSCH Auto Care
主推",汽车与摩托车,洗车保养,91730,COSCH Motorcycle Helmet Cleaner Spray 450ml Rainy Season Essential Antibacterial Deodorizer Disinfectant Foam for Inner Padding Car interior and seat cleaning Kills Germs 99% Fresh Scent,4.7,是,₱166.00-₱188.00,https://affiliate.tiktok.com/api/v1/share/ALV94W7aMBG5,,,,,,,,,,
,https://p16-oec-sg.ibyteimg.com/tos-alisg-i-aphluv4xwc-sg/5aca5ad004654a519ebfdef0c32006df~tplv-aphluv4xwc-resize-jpeg:600:600.jpeg?dr=15584&from=520841845&idc=my&ps=933b5bde&shcp=6c17ea28&shp=1f0b6a75&t=555f072d,1734566874735543840,"COSCH Auto Care
主推",汽车与摩托车,洗车保养,55692,COSCH RUBBER PLASTIC RENEWAL AGENT Car Interior Oxidation Repair Motorcycle Plastic Restorer Back To Black Gloss Cleaning Auto Polish Repair Coating 260ML,4.8,是,₱166.00-₱188.00,https://affiliate.tiktok.com/api/v1/share/ALV91t2MsiWh,,,,,,,,,,
,https://p16-oec-sg.ibyteimg.com/tos-alisg-i-aphluv4xwc-sg/2da60641e9d746b0abc4debce303814f~tplv-aphluv4xwc-resize-jpeg:600:600.jpeg?dr=15584&from=520841845&idc=my&ps=933b5bde&shcp=6c17ea28&shp=1f0b6a75&t=555f072d,1732580971370350228,"SELCS SPORTS PH
主推",运动户外,运动服饰,60286,SELCS Women's Tops Everyday Yoga Shirts Sportswear Casual Sports in Purple Black Pink White Comfortable Versatile Design for Active Lifestyle,4.7,是,₱189.00-₱449.00,https://affiliate.tiktok.com/api/v1/share/ALVCqaUOPSEq,,,,,,,,,,
,https://p16-oec-sg.ibyteimg.com/tos-alisg-i-aphluv4xwc-sg/ba0399aaaa01400fa4dc13e24e9a4c0a~tplv-aphluv4xwc-resize-jpeg:600:600.jpeg?dr=15584&from=520841845&idc=my&ps=933b5bde&shcp=6c17ea28&shp=1f0b6a75&t=555f072d,1734229065184282144,COSCH Auto Care,汽车与摩托车,室内配饰,12206,COSCH Coconut Fleece Car Fragrance Long-Lasting Deodorizing Freshens Air Air Freshener for Living Room Bedroom Bathroom and Car,4.1,是,₱108.00-₱118.00,https://affiliate.tiktok.com/api/v1/share/ALV8qfxmXUtR,,,,,,,,,,
,https://p16-oec-sg.ibyteimg.com/tos-alisg-i-aphluv4xwc-sg/a56e565fa3f44ce397e37680a0738dbd~tplv-aphluv4xwc-resize-jpeg:600:600.jpeg?dr=15584&from=520841845&idc=my&ps=933b5bde&shcp=6c17ea28&shp=1f0b6a75&t=555f072d,1734438905000658464,COSCH Auto Care,汽车与摩托车,室内配饰,3304,COSCH Car Aromatherapy Air Freshener for Bathroom Living Room and Vehicle Long-Lasting Natural Plant Essential Oils 0 Alcohol Non-Irritating,4.3,是,₱168.00,https://affiliate.tiktok.com/api/v1/share/ALV8uJg5l3ia,,,,,,,,,,
,https://p16-oec-sg.ibyteimg.com/tos-alisg-i-aphluv4xwc-sg/32b1211cbd6d481db581e1163ab355be~tplv-aphluv4xwc-resize-jpeg:600:600.jpeg?dr=15584&from=520841845&idc=my&ps=933b5bde&shcp=6c17ea28&shp=1f0b6a75&t=555f072d,1732713964522997280,COSCH Auto Care,汽车与摩托车,洗车保养,20932,"COSCH Motorcycle Chain Cleaning Spray 450ml Quick Effect - Removes Dirt and Grease, Anti-Corrosion, Suitable for Motorcycle Maintenance - Chain Lubricant, Easy to Use",4.7,是,₱168.00-₱188.00,https://affiliate.tiktok.com/api/v1/share/ALV94W7a55VK,,,,,,,,,,
,https://p16-oec-sg.ibyteimg.com/tos-alisg-i-aphluv4xwc-sg/ae4ca654c828442e898f0eb9c11ae9d6~tplv-aphluv4xwc-resize-jpeg:600:600.jpeg?dr=15584&from=520841845&idc=my&ps=933b5bde&shcp=6c17ea28&shp=1f0b6a75&t=555f072d,1734351129922274848,COSCH Auto Care,汽车与摩托车,洗车保养,7352,"COSCH Professional 2-in-1 Chain Care set Clean Lubricate Protect - for Motorcycle Chains Gears Car & Motorcycle Parts - Removes Dirt and Grease, Anti-Corrosion, Suitable forMotorcycle Maintenance - Chain Lubricant, Easy to Use",4.8,是,₱318.00,https://affiliate.tiktok.com/api/v1/share/ALV8qfxmoZZW,,,,,,,,,,
,https://p16-oec-sg.ibyteimg.com/tos-alisg-i-aphluv4xwc-sg/7e4a867d25a9401db89bf4b4c507b995~tplv-aphluv4xwc-resize-jpeg:600:600.jpeg?dr=15584&from=520841845&idc=my&ps=933b5bde&shcp=6c17ea28&shp=1f0b6a75&t=555f072d,1736103405894665760,COSCH Auto Care,汽车与摩托车,洗车保养,3095,COSCH 60ml*6 Fuel Treatment Carburetor cleaner reduces carbon buildup enhancing fuel efficiency and performance suitable for gasoline,4.6,是,₱178.00-₱346.00,https://affiliate.tiktok.com/api/v1/share/ALV90A8OwXl6,,,,,,,,,,
,https://p16-oec-sg.ibyteimg.com/tos-alisg-i-aphluv4xwc-sg/ba9d60ee094642549b6d9a8a3265d77c~tplv-aphluv4xwc-resize-jpeg:600:600.jpeg?dr=15584&from=520841845&idc=my&ps=933b5bde&shcp=6c17ea28&shp=1f0b6a75&t=555f072d,1736892244029310496,COSCH Auto Care,汽车与摩托车,洗车保养,17,COSCH Fuel System Cleaner Fuel Injector Cleaner Carbon Remover Catalytic Converter Cleaner Engine Additive for Gasoline Cars,4.2,是,₱178.00,https://affiliate.tiktok.com/api/v1/share/ALV90BwEcpvg,,,,,,,,,,
,https://p16-oec-sg.ibyteimg.com/tos-alisg-i-aphluv4xwc-sg/773bb187c2904feb97f0948c3b6c3b7e~tplv-aphluv4xwc-resize-jpeg:600:600.jpeg?dr=15584&from=520841845&idc=my&ps=933b5bde&shcp=6c17ea28&shp=1f0b6a75&t=555f072d,1733011763202983456,COSCH Auto Care,汽车与摩托车,洗车保养,13805,COSCH Fast Acting Penetrating Oil 450ML - Multi Use Rust Remover & Lubricant for Rusty Parts - Loosen Stuck Nuts Bolts for Maintenance Philippines,4.5,是,₱158.00-₱178.00,https://affiliate.tiktok.com/api/v1/share/ALV91t2Mbfrd,,,,,,,,,,
,https://p16-oec-sg.ibyteimg.com/tos-alisg-i-aphluv4xwc-sg/b0bf278e8e504b73b7750c7509397e7d~tplv-aphluv4xwc-resize-jpeg:600:600.jpeg?dr=15584&from=520841845&idc=my&ps=933b5bde&shcp=6c17ea28&shp=1f0b6a75&t=555f072d,1737145084386772512,COSCH Auto Care,汽车与摩托车,洗车保养,7,COSCH Maxiclean Air Conditioner Cleaner 360ml - Rich Dense Foam for Deep Cleaning & Health Protection,5,是,₱199.00-₱221.00,https://affiliate.tiktok.com/api/v1/share/ALV8s5cGvAe6,,,,,,,,,,
,https://p16-oec-sg.ibyteimg.com/tos-alisg-i-aphluv4xwc-sg/7cd70b2d7e2f49d6b763bf170e681fd9~tplv-aphluv4xwc-resize-jpeg:600:600.jpeg?dr=15584&from=520841845&idc=my&ps=933b5bde&shcp=6c17ea28&shp=1f0b6a75&t=555f072d,1737184035735504532,SELCS SPORTS PH,运动户外,运动服饰,600,"SELCS Men’s Honeycomb Mesh Sports T-Shirt, Slim Fit 4-Way Stretch Breathable Quick Dry Workout Tee, Moisture-Wicking Short Sleeve Top for Gym Running Training Basketball, Black, M-XXL",4.6,是,"₱299.00-₱1,499.00",https://affiliate.tiktok.com/api/v1/share/ALVCqaUO8KO0,,,,,,,,,,
,https://p16-oec-sg.ibyteimg.com/tos-alisg-i-aphluv4xwc-sg/6c8ab336c3ce4709a75ddb361989b9ef~tplv-aphluv4xwc-resize-jpeg:600:600.jpeg?dr=15584&from=520841845&idc=my&ps=933b5bde&shcp=6c17ea28&shp=1f0b6a75&t=555f072d,1731355653497063060,SELCS SPORTS PH,运动户外,运动服饰,221362,SELCS Men's Compression Vest Shaping Tanktop Black & White Dual Colors Elastic Quick Dry High-Quality Fabric Back Support for Fitness Yoga Gym Running Cycling,4.6,是,₱189.00-₱549.00,https://affiliate.tiktok.com/api/v1/share/ALVCsSvmhFRt,,,,,,,,,,
,https://p16-oec-sg.ibyteimg.com/tos-alisg-i-aphluv4xwc-sg/8a70a98e55b74514868442d6cd91f418~tplv-aphluv4xwc-resize-jpeg:600:600.jpeg?dr=15584&from=520841845&idc=my&ps=933b5bde&shcp=6c17ea28&shp=1f0b6a75&t=555f072d,1732301932926240404,SELCS SPORTS PH,运动户外,运动服饰,53415,SELCS Men Compression Shirt Quick Dry Gym Top Breathable Sleeveless/Short Sleeve Sports T-Shirt Slim Fit Workout Fitness Running Training Activewear Sweat-Wicking Stretch Fabric Lightweight Muscle Fit Undershirt Pang Gym Basketball Jogging Outdoor,4.7,是,₱159.00-₱189.00,https://affiliate.tiktok.com/api/v1/share/ALVCqZxM4AyU,,,,,,,,,,
,https://p16-oec-sg.ibyteimg.com/tos-alisg-i-aphluv4xwc-sg/f7622927ed044b1fa54bd85630d4c79b~tplv-aphluv4xwc-resize-jpeg:600:600.jpeg?dr=15584&from=520841845&idc=my&ps=933b5bde&shcp=6c17ea28&shp=1f0b6a75&t=555f072d,1732937353709717140,SELCS SPORTS PH,运动户外,运动服饰,9748,SELCS Women's 2-in-1 Shorts Fake Two-Piece Quick-Drying Moisture-Wicking Dry & Comfortable Hidden Pocket for Everyday Wear Athletic Sportswear pickleball shorts,4.8,是,₱279.00-₱449.00,https://affiliate.tiktok.com/api/v1/share/ALVCsSvpAsdi,,,,,,,,,,
,https://p16-oec-sg.ibyteimg.com/tos-alisg-i-aphluv4xwc-sg/786ccfa21d034b67911b44786bae98eb~tplv-aphluv4xwc-resize-jpeg:600:600.jpeg?dr=15584&from=520841845&idc=my&ps=933b5bde&shcp=6c17ea28&shp=1f0b6a75&t=555f072d,1733220057082463892,SELCS SPORTS PH,运动户外,运动服饰,14487,"SELCS Men's Short-Sleeve Top,Men's Sports Top with Perforated Mesh Design on Back for Excellent Breathability Ideal for Sports Activities Short-Sleeved Shirt",4.6,是,₱229.00-₱239.00,https://affiliate.tiktok.com/api/v1/share/ALVCqZxML8wS,,,,,,,,,,
,https://p16-oec-sg.ibyteimg.com/tos-alisg-i-aphluv4xwc-sg/34793b84f545455e96f1ae894cb00019~tplv-aphluv4xwc-resize-jpeg:600:600.jpeg?dr=15584&from=520841845&idc=my&ps=933b5bde&shcp=6c17ea28&shp=1f0b6a75&t=555f072d,1733792760478140052,SELCS SPORTS PH,运动户外,休闲户外,17119,SELCS Waterproof Lycra Running Belt Bag Sweat-Proof Safe for Phone & Keys Lightweight & Comfortable Bounce-Free & Secure Fit,4.8,是,₱198.00-₱208.00,https://affiliate.tiktok.com/api/v1/share/ALVCqaUQsoDO,,,,,,,,,,
,https://p16-oec-sg.ibyteimg.com/tos-alisg-i-aphluv4xwc-sg/5a447750385f40799de05be010fd839b~tplv-aphluv4xwc-resize-jpeg:600:600.jpeg?dr=15584&from=520841845&idc=my&ps=933b5bde&shcp=6c17ea28&shp=1f0b6a75&t=555f072d,1734246946125350548,SELCS SPORTS PH,运动户外,运动户外配件,3072,SELCS Sports Waterproof Foldable Backpack for Running Travel Hiking Cycling | Lightweight Large Capacity Outdoor Storage Daypack Scratch Resistant Wear Resistant Unisex,4.8,是,₱399.00-₱419.00,https://affiliate.tiktok.com/api/v1/share/ALVCsSvpRxX1,,,,,,,,,,
,https://p16-oec-sg.ibyteimg.com/tos-alisg-i-aphluv4xwc-sg/1cb46c779f01434ba5e9976aa623585f~tplv-aphluv4xwc-resize-jpeg:600:600.jpeg?dr=15584&from=520841845&idc=my&ps=933b5bde&shcp=6c17ea28&shp=1f0b6a75&t=555f072d,1736265372935095956,SELCS SPORTS PH,运动户外,运动服饰,1624,"SELCS Men’s Sports Shorts with Zipper Pockets, Breathable Mesh Panel Workout Shorts, Elastic Drawstring Waist Lightweight Quick Dry Shorts for Gym Running Basketball Casual S-XXL",4.6,是,₱189.00-₱209.00,https://affiliate.tiktok.com/api/v1/share/ALVCqZxPulx0,,,,,,,,,,
,https://p16-oec-sg.ibyteimg.com/tos-alisg-i-aphluv4xwc-sg/a5430e59ba3a44ca9860fc85300f4f4b~tplv-aphluv4xwc-resize-jpeg:600:600.jpeg?dr=15584&from=520841845&idc=my&ps=933b5bde&shcp=6c17ea28&shp=1f0b6a75&t=555f072d,1737183861812135572,SELCS SPORTS PH,运动户外,运动服饰,601,"SELCS Unisex Breathable Mesh Sports Shirt or Sleeveless Tank Top, Lightweight Stretchy Quick Dry Workout Top with Ventilated Back for Running Gym Basketball Badminton, Black White, S-XXL",4.5,是,₱199.00-₱239.00,https://affiliate.tiktok.com/api/v1/share/ALVCqaUR9rIR,,,,,,,,,,
,https://p16-oec-sg.ibyteimg.com/tos-alisg-i-aphluv4xwc-sg/f616b03704534cb6b0f201f4746abd73~tplv-aphluv4xwc-resize-jpeg:600:600.jpeg?dr=15584&from=520841845&idc=my&ps=933b5bde&shcp=6c17ea28&shp=1f0b6a75&t=555f072d,1737184038504269460,SELCS SPORTS PH,运动户外,运动服饰,44,"SELCS Women’s High Waist 5-Inch Yoga Biker Shorts, 4-Way Stretch Tummy Control Workout Shorts, Soft Breathable Quick Dry Butt-Lifting Leggings for Gym Running Tennis Pilates, Black, S-XL",4,是,₱209.00,https://affiliate.tiktok.com/api/v1/share/ALVCsSvpimJI,,,,,,,,,,
,https://p16-oec-sg.ibyteimg.com/tos-alisg-i-aphluv4xwc-sg/8bafc64e7f3048daa4e533ac57af50f4~tplv-aphluv4xwc-resize-jpeg:600:600.jpeg?dr=15584&from=520841845&idc=my&ps=933b5bde&shcp=6c17ea28&shp=1f0b6a75&t=555f072d,1737184171178034836,SELCS SPORTS PH,运动户外,运动服饰,431,"SELCS Men’s Quick Dry Sports T-Shirt with Reflective Back Strip, Lightweight 4-Way Stretch Breathable Mesh Workout Tee for Running Gym Training Basketball Cycling, Black, S-2XL",5,是,₱229.00,https://affiliate.tiktok.com/api/v1/share/ALVCqZxQBwHp,,,,,,,,,,
,https://p16-oec-va.ibyteimg.com/tos-maliva-i-o3syd03w52-us/ff71f56f8cc646ad81c6518a548a5f96~tplv-o3syd03w52-resize-jpeg:600:600.jpeg?dr=15584&from=520841845&idc=my&ps=933b5bde&shcp=6c17ea28&shp=1f0b6a75&t=555f072d,1730132913075555012,"cassiel
主推",宠物用品,猫狗保健,100918,CASSIEL PET Tick And Flea Spot Treatment For Cats & Dogs Repellent Anti-Flea Anti-Itching Dewormer,4.8,是,₱168.00-₱700.00,https://affiliate.tiktok.com/api/v1/share/ALUNPJnS9099,,,,,,,,,,
,https://p16-oec-va.ibyteimg.com/tos-maliva-i-o3syd03w52-us/4841fc41ce9c4dcb80fa1da337646b72~tplv-o3syd03w52-resize-jpeg:600:600.jpeg?dr=15584&from=520841845&idc=my&ps=933b5bde&shcp=6c17ea28&shp=1f0b6a75&t=555f072d,1730132954390563524,"cassiel
主推",宠物用品,猫狗美容,64551,Cassiel Pet Ear Cleaner For Cleaning Earwax Remove Odor Sterilize For Dogs & Cats Earmites Drop,4.8,是,₱89.00-₱213.00,https://affiliate.tiktok.com/api/v1/share/ALUNRNDlvWR3,,,,,,,,,,
,https://p16-oec-va.ibyteimg.com/tos-maliva-i-o3syd03w52-us/7b0fd2c85dfa4248ad8372c319fb639f~tplv-o3syd03w52-resize-jpeg:600:600.jpeg?dr=15584&from=520841845&idc=my&ps=933b5bde&shcp=6c17ea28&shp=1f0b6a75&t=555f072d,1729789424084224708,"cassiel
主推",宠物用品,猫狗保健,271613,"Cassiel Pet Antifungal Wound Spray For Itching,Ringworm,Mange,Anti Tick And Flea For Dogs & Cat Skin",4.8,是,₱189.00-₱507.00,https://affiliate.tiktok.com/api/v1/share/ALUNRNDkHQfH,,,,,,,,,,
,https://p16-oec-va.ibyteimg.com/tos-maliva-i-o3syd03w52-us/c64c5b1ac6514c9d8995e20f101cf93c~tplv-o3syd03w52-resize-jpeg:600:600.jpeg?dr=15584&from=520841845&idc=my&ps=933b5bde&shcp=6c17ea28&shp=1f0b6a75&t=555f072d,1729709404471265988,cassiel,宠物用品,猫狗美容,67509,Cassiel Pet Eye Care Drops For Dogs Cat Eyes Tear Stain Removing Dirt Anti-inflammatory Bactericidal,4.8,是,₱99.00-₱237.00,https://affiliate.tiktok.com/api/v1/share/ALUNRNDk0GmO,,,,,,,,,,
,https://p16-oec-va.ibyteimg.com/tos-maliva-i-o3syd03w52-us/9a4384a3757e4b00b7801ff0b6af5858~tplv-o3syd03w52-resize-jpeg:600:600.jpeg?dr=15584&from=520841845&idc=my&ps=933b5bde&shcp=6c17ea28&shp=1f0b6a75&t=555f072d,1729986164439419588,cassiel,宠物用品,猫狗美容,126975,Cassiel Pet Ear Drops For Eliminate Ear Mites Treating Ear Canal Odor Pus And Itching For Dogs & Cat,4.8,是,₱159.00-₱420.00,https://affiliate.tiktok.com/api/v1/share/ALUNPJnRJohR,,,,,,,,,,
,https://p16-oec-general.tiktokcdn.com/tos-useast2a-i-hyqnpo4tzp-aiso/4a5ebc8eb78447e8afc180c8e606cdab~tplv-hyqnpo4tzp-resize-jpeg:600:600.jpeg?dr=15584&from=520841845&idc=my&ps=933b5bde&shcp=6c17ea28&shp=1f0b6a75&t=555f072d,1729388106897198788,cassiel,宠物用品,猫狗食品,2952,【CASSIEL PET】6 pcs Cat treats Cat Wet Food Kitten Snack Cat Strip Promote gastrointestinal digestion,4.9,是,₱45.00-₱225.00,https://affiliate.tiktok.com/api/v1/share/ALUNPJnPfUaG,,,,,,,,,,
,https://p16-oec-sg.ibyteimg.com/tos-alisg-i-aphluv4xwc-sg/27ee06df964b48f0bada351f2def17ee~tplv-aphluv4xwc-resize-jpeg:600:600.jpeg?dr=15584&from=520841845&idc=my&ps=933b5bde&shcp=6c17ea28&shp=1f0b6a75&t=555f072d,1729395809964166852,cassiel,宠物用品,猫狗美容,4430,【CASSIEL PET】Pet Gloves Wipes No Wash Bathing Cleaning Wet for Dogs and Cats Pet Eye Ear Cat Dog Tear Stain Remover (1pack/6pcs),4.8,是,₱55.00-₱265.00,https://affiliate.tiktok.com/api/v1/share/ALUNRNDjS3fo,,,,,,,,,,
,https://p16-oec-va.ibyteimg.com/tos-maliva-i-o3syd03w52-us/daa9018ea0c742a19ad6e9683654209c~tplv-o3syd03w52-resize-jpeg:600:600.jpeg?dr=15584&from=520841845&idc=my&ps=933b5bde&shcp=6c17ea28&shp=1f0b6a75&t=555f072d,1729433989447322308,cassiel,宠物用品,猫狗食品,6113,【CASSIEL PET】6 sticks Creamy Cat Stick Treats Cat Wet Food Kitten Snack Promote Gastrointestinal Digestion Fresh Wet Food Tuna Salmon Chicken Favour for Small Pet Nutrition Cream Snacks for Cat,4.9,是,₱45.00,https://affiliate.tiktok.com/api/v1/share/ALUNPJnPwcUZ,,,,,,,,,,
,https://p16-oec-va.ibyteimg.com/tos-maliva-i-o3syd03w52-us/62ce1d550eea4f1da0bcf7c56eb25fc7~tplv-o3syd03w52-resize-jpeg:600:600.jpeg?dr=15584&from=520841845&idc=my&ps=933b5bde&shcp=6c17ea28&shp=1f0b6a75&t=555f072d,1729632611572812484,cassiel,宠物用品,猫狗保健,102159,【CASSIEL PET】Pet Nutrition Tablet Veterinary Diet Dog Cat Supplements 200 Pcs Calcium / Enterogastric Guard / Element / Lecithin,4.8,是,₱70.00-₱260.00,https://affiliate.tiktok.com/api/v1/share/ALUNRNDjjCjN,,,,,,,,,,
,https://p16-oec-va.ibyteimg.com/tos-maliva-i-o3syd03w52-us/b162f8610e014ac7987da68e48eca1c7~tplv-o3syd03w52-resize-jpeg:600:600.jpeg?dr=15584&from=520841845&idc=my&ps=933b5bde&shcp=6c17ea28&shp=1f0b6a75&t=555f072d,1729709363142888132,cassiel,宠物用品,猫狗美容,13280,"Cassiel Pet Eye Care Drops For Dogs Cat Eyes Tear Stain Removing Dirt Anti-inflammatory Bactericidal & Ear Cleaner For Cleaning Earwax, Remove Odor, Sterilize For Dogs & Cats Earmites Drop",4.7,是,₱178.00-₱238.00,https://affiliate.tiktok.com/api/v1/share/ALUNPJnQDXpT,,,,,,,,,,
,https://p16-oec-va.ibyteimg.com/tos-maliva-i-o3syd03w52-us/5af4d914b6ed4f6fb06e5fd17447c78d~tplv-o3syd03w52-resize-jpeg:600:600.jpeg?dr=15584&from=520841845&idc=my&ps=933b5bde&shcp=6c17ea28&shp=1f0b6a75&t=555f072d,1729709406783507140,cassiel,宠物用品,猫狗保健,14835,"Cassiel Pet Nutri Plus Gel, Nutrich, Vitamins And Supplement For Appetite Booster And For Dog & Cat",4.9,是,₱220.00-₱400.00,https://affiliate.tiktok.com/api/v1/share/ALUNPJnQUmnw,,,,,,,,,,
,https://p16-oec-sg.ibyteimg.com/tos-alisg-i-aphluv4xwc-sg/f12c43a576cf4ba694052d51680e1227~tplv-aphluv4xwc-resize-jpeg:600:600.jpeg?dr=15584&from=520841845&idc=my&ps=933b5bde&shcp=6c17ea28&shp=1f0b6a75&t=555f072d,1729863509482310340,cassiel,宠物用品,猫狗保健,4989,Cassiel Pet Buy 3 Free 2 Chewable Anti Tick And Flea Remover Heartworm Dewormer Tablet For Dog & Cat,4.7,是,"₱149.00-₱1,299.00",https://affiliate.tiktok.com/api/v1/share/ALUNPJnR2jEs,,,,,,,,,,
,https://p16-oec-va.ibyteimg.com/tos-maliva-i-o3syd03w52-us/44e9446ea2564b6498befb815dc48c40~tplv-o3syd03w52-resize-jpeg:600:600.jpeg?dr=15584&from=520841845&idc=my&ps=933b5bde&shcp=6c17ea28&shp=1f0b6a75&t=555f072d,1729958507374348996,cassiel,宠物用品,猫狗美容,39581,Cassiel Pet Mouth Spray For Bad Breath Mouth Ulcer Gums Inflammation Swelling Salivatio For Dogs Cat,4.7,是,₱159.00-₱420.00,https://affiliate.tiktok.com/api/v1/share/ALUNRNDkpL0P,,,,,,,,,,
,https://p16-oec-va.ibyteimg.com/tos-maliva-i-o3syd03w52-us/c7758b7f4c024d32b5d1af8473cbcd12~tplv-o3syd03w52-resize-jpeg:600:600.jpeg?dr=15584&from=520841845&idc=my&ps=933b5bde&shcp=6c17ea28&shp=1f0b6a75&t=555f072d,1729999393987988164,cassiel,宠物用品,猫砂除便,7930,Cassiel Pet Odor Eliminator Disinfectant Spray With Bio Enzyme Deodorizer For Cleaning For Dog & Cat,4.8,是,₱120.00-₱230.00,https://affiliate.tiktok.com/api/v1/share/ALUNRNDl6aBn,,,,,,,,,,
,https://p16-oec-va.ibyteimg.com/tos-maliva-i-o3syd03w52-us/a9933302736940109ae2f1b85a457530~tplv-o3syd03w52-resize-jpeg:600:600.jpeg?dr=15584&from=520841845&idc=my&ps=933b5bde&shcp=6c17ea28&shp=1f0b6a75&t=555f072d,1730010955636968132,cassiel,宠物用品,猫狗美容,1660,Cassiel Pet Plant-Based Mouthwash For Oral Health Decompose Odors Clean Teeth Tartar For Dogs & Cats,4.8,是,₱109.00-₱268.00,https://affiliate.tiktok.com/api/v1/share/ALUNPJnRb3Es,,,,,,,,,,
,https://p16-oec-va.ibyteimg.com/tos-maliva-i-o3syd03w52-us/9d83d94988e24d0c97ee41f9588ecb06~tplv-o3syd03w52-resize-jpeg:600:600.jpeg?dr=15584&from=520841845&idc=my&ps=933b5bde&shcp=6c17ea28&shp=1f0b6a75&t=555f072d,1730010968816585412,cassiel,宠物用品,猫狗食品,2995,Cassiel Pet 400g Wet Food Can Pure Natural Organic Canned Dog Food For Hair Care And Fitness Muscle,4.8,是,₱79.00-₱720.00,https://affiliate.tiktok.com/api/v1/share/ALUNRNDlNZnV,,,,,,,,,,
,https://p16-oec-va.ibyteimg.com/tos-maliva-i-o3syd03w52-us/c473f66453144eb0b01638c57f6b43ba~tplv-o3syd03w52-resize-jpeg:600:600.jpeg?dr=15584&from=520841845&idc=my&ps=933b5bde&shcp=6c17ea28&shp=1f0b6a75&t=555f072d,1730034800596323012,cassiel,宠物用品,猫狗美容,7041,Cassiel Pet Anti-Diarrheal Syrup Oral Suspension For Vomiting Bloody Or Watery Stools For Dog & Cat,4.8,是,₱188.00-₱530.00,https://affiliate.tiktok.com/api/v1/share/ALUNPJnRrsnX,,,,,,,,,,
,https://p16-oec-va.ibyteimg.com/tos-maliva-i-o3syd03w52-us/e859e64dedee457480961cf0f629b024~tplv-o3syd03w52-resize-jpeg:600:600.jpeg?dr=15584&from=520841845&idc=my&ps=933b5bde&shcp=6c17ea28&shp=1f0b6a75&t=555f072d,1730034810481052356,cassiel,宠物用品,猫狗保健,605,Cassiel Pet Estrus Suppressant Tablets For Calming Howling Reduce Anxiety Soothe Mood For Dog & Cat,4.8,是,₱189.00-₱528.00,https://affiliate.tiktok.com/api/v1/share/ALUNRNDleYQX,,,,,,,,,,
,https://p16-oec-va.ibyteimg.com/tos-maliva-i-o3syd03w52-us/3d54db89c8584d189d9db48ac81d0cc6~tplv-o3syd03w52-resize-jpeg:600:600.jpeg?dr=15584&from=520841845&idc=my&ps=933b5bde&shcp=6c17ea28&shp=1f0b6a75&t=555f072d,1730273549944195780,cassiel,宠物用品,猫狗保健,6446,Cassiel Pet Anti ltch Tablets Skin Disease Medicine For Anti Itching Allergy Treatment For Dog & Cat,4.7,是,₱160.00-₱700.00,https://affiliate.tiktok.com/api/v1/share/ALUNPJnSQ511,,,,,,,,,,
,https://p16-oec-va.ibyteimg.com/tos-maliva-i-o3syd03w52-us/fb80de4230cc445ab2b0d85b76584414~tplv-o3syd03w52-resize-jpeg:600:600.jpeg?dr=15584&from=520841845&idc=my&ps=933b5bde&shcp=6c17ea28&shp=1f0b6a75&t=555f072d,1730273609392097988,cassiel,宠物用品,猫狗保健,9667,Cassiel Pet Urinary Care Supplement For Urinary Tract Infection Kidney Stones Renal For Dogs & Cats,4.8,是,₱169.00-₱379.00,https://affiliate.tiktok.com/api/v1/share/ALUNRNDmCex8,,,,,,,,,,
,https://p16-oec-va.ibyteimg.com/tos-maliva-i-o3syd03w52-us/9e2a1c7f22c949e7965560e00561daa0~tplv-o3syd03w52-resize-jpeg:600:600.jpeg?dr=15584&from=520841845&idc=my&ps=933b5bde&shcp=6c17ea28&shp=1f0b6a75&t=555f072d,1730299174299208388,cassiel,宠物用品,猫狗美容,16696,Cassiel Pet Essential Shampoo And Conditioner For Anti Tick And Flea Itching Mang For Dogs & Cats,4.8,是,₱169.00-₱389.00,https://affiliate.tiktok.com/api/v1/share/ALUNRNDmTc8b,,,,,,,,,,
,https://p16-oec-sg.ibyteimg.com/tos-alisg-i-aphluv4xwc-sg/bd483bea8b0e4592b9625e290661728a~tplv-aphluv4xwc-resize-jpeg:600:600.jpeg?dr=15584&from=520841845&idc=my&ps=933b5bde&shcp=6c17ea28&shp=1f0b6a75&t=555f072d,1730479212755650244,cassiel,宠物用品,猫狗保健,50891,Cassiel Pet Immunol Vitamins Liquid For Antivirus Infection Immune System Booster For Dogs & Cats,4.8,是,₱139.00-₱419.00,https://affiliate.tiktok.com/api/v1/share/ALUNPJnShDGs,,,,,,,,,,
,https://p16-oec-va.ibyteimg.com/tos-maliva-i-o3syd03w52-us/4e23d55ae0a3454897a975b5ed89715f~tplv-o3syd03w52-resize-jpeg:600:600.jpeg?dr=15584&from=520841845&idc=my&ps=933b5bde&shcp=6c17ea28&shp=1f0b6a75&t=555f072d,1730479273285682884,cassiel,宠物用品,猫狗保健,1505,Cassiel Pet Buy 3 Free 2 Chewable Anti Tick And Flea Remover Heartworm Dewormer Tablet For Dog & Cat,4.6,是,₱149.00-₱447.00,https://affiliate.tiktok.com/api/v1/share/ALUNRNDmkmal,,,,,,,,,,
,https://p16-oec-va.ibyteimg.com/tos-maliva-i-o3syd03w52-us/080c4f677a524a17941df73c6c39748d~tplv-o3syd03w52-resize-jpeg:600:600.jpeg?dr=15584&from=520841845&idc=my&ps=933b5bde&shcp=6c17ea28&shp=1f0b6a75&t=555f072d,1730479308641044164,cassiel,宠物用品,猫狗保健,180,Cassiel Pet FIP For Fever Weight Loss Red Eye Difficulty Breathing Abdominal Effusion For Cat Kitten,4.7,是,₱148.00-₱498.00,https://affiliate.tiktok.com/api/v1/share/ALUNPJnSyFr4,,,,,,,,,,
,https://p16-oec-va.ibyteimg.com/tos-maliva-i-o3syd03w52-us/3bb6885c319d4fe3895207a44a31deef~tplv-o3syd03w52-resize-jpeg:600:600.jpeg?dr=15584&from=520841845&idc=my&ps=933b5bde&shcp=6c17ea28&shp=1f0b6a75&t=555f072d,1730641733923211972,cassiel,宠物用品,猫狗保健,5038,Cassiel Pet Salmon Fish Oil With Omega 3 Vitamins For Skin And Hair & Immune System For Dogs & Cats,4.8,是,"₱389.00-₱1,100.00",https://affiliate.tiktok.com/api/v1/share/ALUNRNDn1qtA,,,,,,,,,,
,https://p16-oec-sg.ibyteimg.com/tos-alisg-i-aphluv4xwc-sg/c2dba44f6ace4df9afffa55bbd9b3083~tplv-aphluv4xwc-resize-jpeg:600:600.jpeg?dr=15584&from=520841845&idc=my&ps=933b5bde&shcp=6c17ea28&shp=1f0b6a75&t=555f072d,1730669819805599428,cassiel,宠物用品,猫狗保健,24214,Hegen Pet Goats Milk Powder For Nutrition Supplement Appetite Booster For Dogs Puppy kitten & Cats,4.8,是,₱99.00-₱328.00,https://affiliate.tiktok.com/api/v1/share/ALUNPJnTF6M4,,,,,,,,,,
,https://p16-oec-va.ibyteimg.com/tos-maliva-i-o3syd03w52-us/41300cdb52734b249dbb058876373ee0~tplv-o3syd03w52-resize-jpeg:600:600.jpeg?dr=15584&from=520841845&idc=my&ps=933b5bde&shcp=6c17ea28&shp=1f0b6a75&t=555f072d,1730669871673804484,cassiel,宠物用品,猫狗保健,1438,Cassiel Pet Antifungal Skin Drops For Ringworm Anti Mange & Itch Gamot Sa Galis Ng Aso For Cat & Dog,4.7,是,₱168.00-₱506.00,https://affiliate.tiktok.com/api/v1/share/ALUNRNDnIzyF,,,,,,,,,,
,https://p16-oec-sg.ibyteimg.com/tos-alisg-i-aphluv4xwc-sg/5395c0ad7d6e4c9eb5a2e8fb417281a6~tplv-aphluv4xwc-resize-jpeg:600:600.jpeg?dr=15584&from=520841845&idc=my&ps=933b5bde&shcp=6c17ea28&shp=1f0b6a75&t=555f072d,1730669871862417092,cassiel,宠物用品,猫狗美容,15020,Cassiel Pet Nasal & Eye Drops For Runny Nose Cloudy Eyes Sneezing For Cat Dog,4.8,是,₱149.00-₱369.00,https://affiliate.tiktok.com/api/v1/share/ALUNPJnTWOCP,,,,,,,,,,
,https://p16-oec-va.ibyteimg.com/tos-maliva-i-o3syd03w52-us/67bf4e860bda42a78e8c3f49069af866~tplv-o3syd03w52-resize-jpeg:600:600.jpeg?dr=15584&from=520841845&idc=my&ps=933b5bde&shcp=6c17ea28&shp=1f0b6a75&t=555f072d,1730719728045885124,cassiel,宠物用品,猫狗保健,21398,Cassiel Pet Anti Tick And Flea Remover Deworming Treatment Nematocide Heartworm Dewormer For Dog Cat,4.8,是,₱199.00-₱509.00,https://affiliate.tiktok.com/api/v1/share/ALUNRNDnZwaM,,,,,,,,,,
,https://p16-oec-va.ibyteimg.com/tos-maliva-i-o3syd03w52-us/b42633b2a5084b8eb81af6252596afcf~tplv-o3syd03w52-resize-jpeg:600:600.jpeg?dr=15584&from=520841845&idc=my&ps=933b5bde&shcp=6c17ea28&shp=1f0b6a75&t=555f072d,1730888513914111684,cassiel,宠物用品,猫狗保健,868,Cassiel Pet Urinary Care For Renal Urine Blood Cystitis Tract Infection Kidney Stones For Dog & Cat,4.9,是,₱189.00-₱560.00,https://affiliate.tiktok.com/api/v1/share/ALUNPJnTnI3e,,,,,,,,,,
,https://p16-oec-sg.ibyteimg.com/tos-alisg-i-aphluv4xwc-sg/a05001b8d3554d51805ab8ea5f024f47~tplv-aphluv4xwc-resize-jpeg:600:600.jpeg?dr=15584&from=520841845&idc=my&ps=933b5bde&shcp=6c17ea28&shp=1f0b6a75&t=555f072d,1730888517986780868,cassiel,宠物用品,猫狗保健,11603,Cassiel Pet Eye Vitamin Oral Syrups Drops For Tear Stain Remover Repair Tear Glands For Dogs & Cats,4.8,是,₱240.00-₱541.00,https://affiliate.tiktok.com/api/v1/share/ALUNRNDnr0Eu,,,,,,,,,,
,https://p16-oec-va.ibyteimg.com/tos-maliva-i-o3syd03w52-us/40dd0fdc0f3047eb849fabe4e0b9682f~tplv-o3syd03w52-resize-jpeg:600:600.jpeg?dr=15584&from=520841845&idc=my&ps=933b5bde&shcp=6c17ea28&shp=1f0b6a75&t=555f072d,1730893198063667908,cassiel,宠物用品,猫狗保健,11128,Cassiel Pet Cream Ointment For Ringworm Anti Mange Fungal & Itch Gamot Sa Galis Ng Aso For Dog & Cat,4.8,是,₱159.00-₱369.00,https://affiliate.tiktok.com/api/v1/share/ALUNPJnU4Lwi,,,,,,,,,,
,https://p16-oec-va.ibyteimg.com/tos-maliva-i-o3syd03w52-us/59dca458272f4d0aa630e66e19c2f6eb~tplv-o3syd03w52-resize-jpeg:600:600.jpeg?dr=15584&from=520841845&idc=my&ps=933b5bde&shcp=6c17ea28&shp=1f0b6a75&t=555f072d,1731102152853522116,cassiel,宠物用品,猫狗美容,1395,Cassiel Pet Dental Wipes 50Pcs Dog Cat Oral Care Finger Wipe Remove Tartar Cleaning Teeth Toothbrush,4.9,是,₱109.00-₱456.00,https://affiliate.tiktok.com/api/v1/share/ALUNRNDo83Bp,,,,,,,,,,
,https://p16-oec-va.ibyteimg.com/tos-maliva-i-o3syd03w52-us/212ee83faabe4e7da496ce8b165616a2~tplv-o3syd03w52-resize-jpeg:600:600.jpeg?dr=15584&from=520841845&idc=my&ps=933b5bde&shcp=6c17ea28&shp=1f0b6a75&t=555f072d,1731102180439459524,cassiel,宠物用品,猫狗美容,2161,"CASSIEL PET Essentials Wet Wipes For Ear, Eye, Paw Cleaner And Care Antibacterial For Dogs And Cats",4.8,是,₱150.00,https://affiliate.tiktok.com/api/v1/share/ALUNPJnULXhT,,,,,,,,,,
,https://p16-oec-va.ibyteimg.com/tos-maliva-i-o3syd03w52-us/108276c5182a45be86caf4c602b8f27a~tplv-o3syd03w52-resize-jpeg:600:600.jpeg?dr=15584&from=520841845&idc=my&ps=933b5bde&shcp=6c17ea28&shp=1f0b6a75&t=555f072d,1731102184511145668,cassiel,宠物用品,猫狗美容,706,Cassiel Pet Upgraded Version Wipes Cleaning Eye Ear Wipes Tear Stain Ear Blotch Remover For Cat Dog,4.8,是,₱109.00-₱198.00,https://affiliate.tiktok.com/api/v1/share/ALUNRNDoP49g,,,,,,,,,,
,https://p16-oec-sg.ibyteimg.com/tos-alisg-i-aphluv4xwc-sg/87ba61a146854761b8bc684c7d6c5758~tplv-aphluv4xwc-resize-jpeg:600:600.jpeg?dr=15584&from=520841845&idc=my&ps=933b5bde&shcp=6c17ea28&shp=1f0b6a75&t=555f072d,1731276664953341636,cassiel,宠物用品,猫狗食品,1629,Cassiel Pet Puffed Cat Dog Food Dry Food For Remove Tears Stain Promote digestion For Puppy & Adult Dogs,4.9,是,₱309.00-₱799.00,https://affiliate.tiktok.com/api/v1/share/ALUNPJnUcYbs,,,,,,,,,,
,https://p16-oec-va.ibyteimg.com/tos-maliva-i-o3syd03w52-us/9e16478c790c49a29566a52c9de0785b~tplv-o3syd03w52-resize-jpeg:600:600.jpeg?dr=15584&from=520841845&idc=my&ps=933b5bde&shcp=6c17ea28&shp=1f0b6a75&t=555f072d,1731398020291987140,cassiel,宠物用品,猫砂除便,812,Cassiel Pet Charcoal Dog Cat Wee Wee Pad Training Urine Pad Toilet Pad Deodorant Pads/ Upgrade Pads,4.7,是,₱269.00-₱299.00,https://affiliate.tiktok.com/api/v1/share/ALUNRNDogBwB,,,,,,,,,,
,https://p16-oec-va.ibyteimg.com/tos-maliva-i-o3syd03w52-us/ed443f033ea6427daa6d50d05923c823~tplv-o3syd03w52-resize-jpeg:600:600.jpeg?dr=15584&from=520841845&idc=my&ps=933b5bde&shcp=6c17ea28&shp=1f0b6a75&t=555f072d,1731954042045892292,cassiel,宠物用品,猫狗保健,1104,Cassiel Pet Glowfur Multivitamins Powder For Skin And Hair Health Appetite Booster For Dogs & Cats,4.9,是,₱109.00-₱349.00,https://affiliate.tiktok.com/api/v1/share/ALUNTDl8O8CV,,,,,,,,,,
,https://p16-oec-va.ibyteimg.com/tos-maliva-i-o3syd03w52-us/cedbd5253ba2401bbcd11460081ea055~tplv-o3syd03w52-resize-jpeg:600:600.jpeg?dr=15584&from=520841845&idc=my&ps=933b5bde&shcp=6c17ea28&shp=1f0b6a75&t=555f072d,1731954058377725636,cassiel,宠物用品,猫狗食品,2704,Cassiel Pet Immunity Nutritional With Probiotics For Digestive Care Appetite Booster For Dogs & Cats,4.7,是,₱109.00-₱349.00,https://affiliate.tiktok.com/api/v1/share/ALUNRNDpEB5D,,,,,,,,,,
,https://p16-oec-va.ibyteimg.com/tos-maliva-i-o3syd03w52-us/367d7c35efe7453b8836e0479989ec2f~tplv-o3syd03w52-resize-jpeg:600:600.jpeg?dr=15584&from=520841845&idc=my&ps=933b5bde&shcp=6c17ea28&shp=1f0b6a75&t=555f072d,1731954135154329284,cassiel,宠物用品,猫狗食品,2512,Cassiel Pet Buy 3 Free 2 Freeze Dried Treats Food Topper Digestion Care Appetite Booster For Dog Cat,4.7,是,₱29.00-₱143.00,https://affiliate.tiktok.com/api/v1/share/ALUNTDl8f94l,,,,,,,,,,
,https://p16-oec-va.ibyteimg.com/tos-maliva-i-o3syd03w52-us/68c39143ea6d43c3922dd35490dbca47~tplv-o3syd03w52-resize-jpeg:600:600.jpeg?dr=15584&from=520841845&idc=my&ps=933b5bde&shcp=6c17ea28&shp=1f0b6a75&t=555f072d,1731954219581998788,cassiel,宠物用品,猫狗食品,5845,Cassiel Pet Immunity Nutritional With Probiotics For Digestive Care Appetite Booster For Dogs & Cats,4.8,是,₱109.00-₱349.00,https://affiliate.tiktok.com/api/v1/share/ALUNRNDpVKK4,,,,,,,,,,
,https://p16-oec-va.ibyteimg.com/tos-maliva-i-o3syd03w52-us/87a75743487b46a7b115a176f3cfeeb9~tplv-o3syd03w52-resize-jpeg:600:600.jpeg?dr=15584&from=520841845&idc=my&ps=933b5bde&shcp=6c17ea28&shp=1f0b6a75&t=555f072d,1732233128405665476,cassiel,宠物用品,猫狗配饰,1526,Cassiel Pet Beauty & Simple Tote Bag Shoulder Bags,4.8,是,₱159.00,https://affiliate.tiktok.com/api/v1/share/ALUNTDl8wCIb,,,,,,,,,,
,https://p16-oec-sg.ibyteimg.com/tos-alisg-i-aphluv4xwc-sg/8486e61964e940b59abff8a1bfc3bd26~tplv-aphluv4xwc-resize-jpeg:600:600.jpeg?dr=15584&from=520841845&idc=my&ps=933b5bde&shcp=6c17ea28&shp=1f0b6a75&t=555f072d,1732233259302356676,cassiel,宠物用品,猫狗美容,11993,Cassiel Pet Buy 2 Free 1 Toothpaste With Free Toothbrush For Tartar Remover Bad Breath For Dog & Cat,4.8,是,₱129.00-₱319.00,https://affiliate.tiktok.com/api/v1/share/ALUNRNDpmHZo,,,,,,,,,,
,https://p16-oec-va.ibyteimg.com/tos-maliva-i-o3syd03w52-us/182404b5814e44b59e1270654803455b~tplv-o3syd03w52-resize-jpeg:600:600.jpeg?dr=15584&from=520841845&idc=my&ps=933b5bde&shcp=6c17ea28&shp=1f0b6a75&t=555f072d,1732854017951303364,cassiel,宠物用品,猫狗保健,9151,Cassiel Pet Fipronil Spray For Anti Tick And Flea Adult Garapata Remover Insecticide For Dogs & Cats,4.7,是,₱149.00-₱529.00,https://affiliate.tiktok.com/api/v1/share/ALUNTDl9D4aS,,,,,,,,,,
,https://p16-oec-va.ibyteimg.com/tos-maliva-i-o3syd03w52-us/d0e61f6239d347879c57c51a4907a01a~tplv-o3syd03w52-resize-jpeg:600:600.jpeg?dr=15584&from=520841845&idc=my&ps=933b5bde&shcp=6c17ea28&shp=1f0b6a75&t=555f072d,1733153087439210180,cassiel,宠物用品,猫狗美容,2323,Cassiel Pet Buy 2 Free 1 Mouthwash For Oral Health Decompose Odors Clean Teeth Tartar For Dog & Cat,4.7,是,₱109.00-₱268.00,https://affiliate.tiktok.com/api/v1/share/ALUNRNDq3HER,,,,,,,,,,
,https://p16-oec-va.ibyteimg.com/tos-maliva-i-o3syd03w52-us/dba18052c2834bdf9628288768c19faa~tplv-o3syd03w52-resize-jpeg:600:600.jpeg?dr=15584&from=520841845&idc=my&ps=933b5bde&shcp=6c17ea28&shp=1f0b6a75&t=555f072d,1733917859357034180,cassiel,宠物用品,猫狗保健,5548,Cassiel Pet Skin Treatment Spray For Anti Fungal Itching Ringworm Mange And Wound Car For Dogs & Cat,4.8,是,₱189.00-₱507.00,https://affiliate.tiktok.com/api/v1/share/ALUNTDl9UN5F,,,,,,,,,,
,https://p16-oec-va.ibyteimg.com/tos-maliva-i-o3syd03w52-us/6b0fb6725c86422c9172c61b383bbc05~tplv-o3syd03w52-resize-jpeg:600:600.jpeg?dr=15584&from=520841845&idc=my&ps=933b5bde&shcp=6c17ea28&shp=1f0b6a75&t=555f072d,1733918142133536452,cassiel,宠物用品,猫狗保健,5319,Cassiel Pet 6 In 1 Furshine Enhancer For Coat & Skin Boosting Reduce Hair Loss For Dogs And Cats,4.8,是,₱149.00-₱499.00,https://affiliate.tiktok.com/api/v1/share/ALUNRNDqKJwF,,,,,,,,,,
,https://p16-oec-va.ibyteimg.com/tos-maliva-i-o3syd03w52-us/cf2cf8a216f84244a6f4040ca8d01e35~tplv-o3syd03w52-resize-jpeg:600:600.jpeg?dr=15584&from=520841845&idc=my&ps=933b5bde&shcp=6c17ea28&shp=1f0b6a75&t=555f072d,1733918147506898628,cassiel,宠物用品,猫狗保健,920,Buy 3 Free 2 Chewable Tablets 2 In 1 Anti Tick And Flea Remover Heartworm Dewormer For Dogs & Cats,4.8,是,₱149.00-₱742.00,https://affiliate.tiktok.com/api/v1/share/ALUNTDl9lO6l,,,,,,,,,,
,https://p16-oec-va.ibyteimg.com/tos-maliva-i-o3syd03w52-us/9962bc0e0d524f7da603799cc5c28916~tplv-o3syd03w52-resize-jpeg:600:600.jpeg?dr=15584&from=520841845&idc=my&ps=933b5bde&shcp=6c17ea28&shp=1f0b6a75&t=555f072d,1733918156824676036,cassiel,宠物用品,猫狗美容,2954,Cassiel Pet Buy 2 Free 1 Upgraded Shampoo For Anti Tick And Flea Remover Antifungal For Dogs & Cats,4.9,是,₱189.00-₱358.00,https://affiliate.tiktok.com/api/v1/share/ALUNRNDqbZSA,,,,,,,,,,
,https://p16-oec-va.ibyteimg.com/tos-maliva-i-o3syd03w52-us/eb608bf3d95448a2acdacc01f148b640~tplv-o3syd03w52-resize-jpeg:600:600.jpeg?dr=15584&from=520841845&idc=my&ps=933b5bde&shcp=6c17ea28&shp=1f0b6a75&t=555f072d,1733918172810413764,cassiel,宠物用品,猫狗保健,13479,CASSIEL PET Probiotics Multivitamin Vitamins Calcium For Jiont Digestive Hair & Skin For Dogs & Cats,4.9,是,₱70.00-₱190.00,https://affiliate.tiktok.com/api/v1/share/ALUNTDlA2Tks,,,,,,,,,,
,https://p16-oec-va.ibyteimg.com/tos-maliva-i-o3syd03w52-us/0e94392e602e49f485c8faff94939d9c~tplv-o3syd03w52-resize-jpeg:600:600.jpeg?dr=15584&from=520841845&idc=my&ps=933b5bde&shcp=6c17ea28&shp=1f0b6a75&t=555f072d,1733918180470326980,cassiel,宠物用品,猫狗保健,482,Cassiel Pet Immunity Boosting With Probiotics For Digestive Care And Appetite Booster For Dog & Cat,4.9,是,₱109.00-₱298.00,https://affiliate.tiktok.com/api/v1/share/ALUNRNDqsYo7,,,,,,,,,,
,https://p16-oec-va.ibyteimg.com/tos-maliva-i-o3syd03w52-us/c56a4935790d4ae88d412d5b10670c00~tplv-o3syd03w52-resize-jpeg:600:600.jpeg?dr=15584&from=520841845&idc=my&ps=933b5bde&shcp=6c17ea28&shp=1f0b6a75&t=555f072d,1733918214888982212,cassiel,宠物用品,猫狗美容,2107,Cassiel Pet Eye Drops For Infection Redness Conjunctivitis Keratitis For Cat & Dogs,4.8,是,₱109.00-₱357.00,https://affiliate.tiktok.com/api/v1/share/ALUNTDlAJHs0,,,,,,,,,,
,https://p16-oec-va.ibyteimg.com/tos-maliva-i-o3syd03w52-us/487f8888529f44beafcd7ce3dbdc542e~tplv-o3syd03w52-resize-jpeg:600:600.jpeg?dr=15584&from=520841845&idc=my&ps=933b5bde&shcp=6c17ea28&shp=1f0b6a75&t=555f072d,1733918232918656708,cassiel,宠物用品,猫狗保健,81,Cassiel Pet 6 In 1 Furshine Enhancer For Coat & Skin Supplement Reduce Hair Loss For Dogs And Cats,4.8,是,₱149.00-₱499.00,https://affiliate.tiktok.com/api/v1/share/ALUNRNDr9U4G,,,,,,,,,,
,https://p16-oec-va.ibyteimg.com/tos-maliva-i-o3syd03w52-us/85ca4f6fd73b4ca187d40b8355c55218~tplv-o3syd03w52-resize-jpeg:600:600.jpeg?dr=15584&from=520841845&idc=my&ps=933b5bde&shcp=6c17ea28&shp=1f0b6a75&t=555f072d,1733918233693030084,cassiel,宠物用品,猫狗保健,213,Buy 3 Free 2 Cassiel Pet Chew Tablets 2 In 1 Anti Tick And Flea Remover Heartworm Dewormer For Cats,5,是,₱149.00-₱742.00,https://affiliate.tiktok.com/api/v1/share/ALUNTDlAaLcF,,,,,,,,,,
,https://p16-oec-va.ibyteimg.com/tos-maliva-i-o3syd03w52-us/590a4f4af84946f3a56090585d8dfbb7~tplv-o3syd03w52-resize-jpeg:600:600.jpeg?dr=15584&from=520841845&idc=my&ps=933b5bde&shcp=6c17ea28&shp=1f0b6a75&t=555f072d,1733918256839886532,cassiel,宠物用品,猫狗美容,668,Cassiel Pet Ear Drops For Ear Mites Ear Canal Odor Pus And Relieve Itching For Dogs & Cats,4.8,是,₱159.00-₱420.00,https://affiliate.tiktok.com/api/v1/share/ALUNRNDrQid2,,,,,,,,,,
,https://p16-oec-va.ibyteimg.com/tos-maliva-i-o3syd03w52-us/ad8f82de58fd479d93c8f58dd663e2df~tplv-o3syd03w52-resize-jpeg:600:600.jpeg?dr=15584&from=520841845&idc=my&ps=933b5bde&shcp=6c17ea28&shp=1f0b6a75&t=555f072d,1734430169175918276,cassiel,宠物用品,猫狗食品,1686,Cassiel Pet Wet Food For Coat & Skin Heart Brain Immune Appetite Hip And Joint Booster For Dog & Cat,4.8,是,₱49.00-₱147.00,https://affiliate.tiktok.com/api/v1/share/ALUNTDlArOlt,,,,,,,,,,
,https://p16-oec-va.ibyteimg.com/tos-maliva-i-o3syd03w52-us/9d1aef23cfb84678b9a3e23cf3715bc2~tplv-o3syd03w52-resize-jpeg:600:600.jpeg?dr=15584&from=520841845&idc=my&ps=933b5bde&shcp=6c17ea28&shp=1f0b6a75&t=555f072d,1734528432615229124,cassiel,宠物用品,猫狗食品,6176,Cassiel Pet Mousse Can Food For Immune Joint Hip Heart Digestion Coat & Skin Boosting For Cat & Dog,4.7,是,₱56.00-₱688.00,https://affiliate.tiktok.com/api/v1/share/ALUNPQNS3708,,,,,,,,,,
,https://p16-oec-sg.ibyteimg.com/tos-alisg-i-aphluv4xwc-sg/11740a69492842ab9f13faaca4ed479a~tplv-aphluv4xwc-resize-jpeg:600:600.jpeg?dr=15584&from=520841845&idc=my&ps=933b5bde&shcp=6c17ea28&shp=1f0b6a75&t=555f072d,1736141665896531652,cassiel,宠物用品,猫狗保健,2043,Buy 2 Free 1 Cassiel Pet Anti Tick And Flea Chewable Tablets Mites Lice Remover Treatment For Dogs,4.7,是,₱299.00-₱798.00,https://affiliate.tiktok.com/api/v1/share/ALUNTDlB8Qgu,,,,,,,,,,
,https://p16-oec-sg.ibyteimg.com/tos-alisg-i-aphluv4xwc-sg/667841fc8e5c4f56aafa2a0e3b720cf5~tplv-aphluv4xwc-resize-jpeg:600:600.jpeg?dr=15584&from=520841845&idc=my&ps=933b5bde&shcp=6c17ea28&shp=1f0b6a75&t=555f072d,1736141758125475524,cassiel,宠物用品,猫狗保健,537,Buy 2 Free 1 Cassiel Pet Albendazole Deworming Tablets For Nematocide Worm Rid Heartworm For Dog Cat,4.8,是,₱99.00-₱198.00,https://affiliate.tiktok.com/api/v1/share/ALUNPQNSK7Wl,,,,,,,,,,
,https://p16-oec-sg.ibyteimg.com/tos-alisg-i-aphluv4xwc-sg/cdcdc16f96f94d1e8f851ae02393f1c1~tplv-aphluv4xwc-resize-jpeg:600:600.jpeg?dr=15584&from=520841845&idc=my&ps=933b5bde&shcp=6c17ea28&shp=1f0b6a75&t=555f072d,1736141760178259652,cassiel,宠物用品,猫狗美容,36,Buy 2 Free 1 Ear Care Drops For Ear Mites & Malassezia Treating Ear Canal Odor Pus For Dogs & Cats,4.5,是,₱169.00-₱378.00,https://affiliate.tiktok.com/api/v1/share/ALUNTDlBPgzD,,,,,,,,,,
,https://p16-oec-sg.ibyteimg.com/tos-alisg-i-aphluv4xwc-sg/8f2c91abf2eb495b916083c0f127950c~tplv-aphluv4xwc-resize-jpeg:600:600.jpeg?dr=15584&from=520841845&idc=my&ps=933b5bde&shcp=6c17ea28&shp=1f0b6a75&t=555f072d,1736253171888785092,cassiel,宠物用品,猫狗保健,53,"Cassiel Pet 100g Wet Food Multivitamins Supplement To Appetite Booster, Vitamins, Pet Essentials",4.8,是,₱147.00-₱277.00,https://affiliate.tiktok.com/api/v1/share/ALUNPQNT9Jg7,,,,,,,,,,
,https://p16-oec-sg.ibyteimg.com/tos-alisg-i-aphluv4xwc-sg/542291bfc556457da67e3679949232ea~tplv-aphluv4xwc-resize-jpeg:600:600.jpeg?dr=15584&from=520841845&idc=my&ps=933b5bde&shcp=6c17ea28&shp=1f0b6a75&t=555f072d,1736253229818414788,cassiel,宠物用品,猫狗保健,293,500ml Cassiel Pet Wash & Care Shampoo with Natural Plant Extracts For Anti Garapata kuto Lice Killer,4.8,是,₱169.00-₱349.00,https://affiliate.tiktok.com/api/v1/share/ALUNTDlCEhfM,,,,,,,,,,
,https://p16-oec-sg.ibyteimg.com/tos-alisg-i-aphluv4xwc-sg/bb076f874519454abf0cc5be75f4bc08~tplv-aphluv4xwc-resize-jpeg:600:600.jpeg?dr=15584&from=520841845&idc=my&ps=933b5bde&shcp=6c17ea28&shp=1f0b6a75&t=555f072d,1736253793782105796,cassiel,宠物用品,猫狗食品,4,Buy 2 Free 4 Cassiel Pet Freeze Dried Nutrition Dog Food For Immunity Appetite Booster For Dogs,5,是,₱329.00-₱658.00,https://affiliate.tiktok.com/api/v1/share/ALUNPQNTQAzQ,,,,,,,,,,
,https://p16-oec-sg.ibyteimg.com/tos-alisg-i-aphluv4xwc-sg/8bb0443f6f5e4c4eaff3f479857da75e~tplv-aphluv4xwc-resize-jpeg:600:600.jpeg?dr=15584&from=520841845&idc=my&ps=933b5bde&shcp=6c17ea28&shp=1f0b6a75&t=555f072d,1736253897162065604,cassiel,宠物用品,猫狗食品,13,Buy 2 Free 4 Cassiel Pet Cat Food For Skin Coat Digestive Health Enhance Immunity For Adult & Kitten,0,是,₱299.00-₱598.00,https://affiliate.tiktok.com/api/v1/share/ALUNTDlCVgLR,,,,,,,,,,
,https://p16-oec-sg.ibyteimg.com/tos-alisg-i-aphluv4xwc-sg/fb48951d52654a8fb5fc43b43ae30bbc~tplv-aphluv4xwc-resize-jpeg:600:600.jpeg?dr=15584&from=520841845&idc=my&ps=933b5bde&shcp=6c17ea28&shp=1f0b6a75&t=555f072d,1736253909880899268,cassiel,宠物用品,猫狗食品,6,Buy 2 Free 4 Cassiel Pet Freeze Dried Cat Food For Digestive Skin & Coat Health For Adult & Kittens,5,是,₱329.00-₱658.00,https://affiliate.tiktok.com/api/v1/share/ALUNPQNThFG6,,,,,,,,,,
,https://p16-oec-sg.ibyteimg.com/tos-alisg-i-aphluv4xwc-sg/ed6a360a7d54419f9112e4bc2c317145~tplv-aphluv4xwc-resize-jpeg:600:600.jpeg?dr=15584&from=520841845&idc=my&ps=933b5bde&shcp=6c17ea28&shp=1f0b6a75&t=555f072d,1736253950075111108,cassiel,宠物用品,猫狗食品,25,Buy 2 Free 4 Cassiel Pet Nutrition Dog Food For Immunity Skin Coat Hip & Joint Health For Dogs,3,是,₱299.00-₱598.00,https://affiliate.tiktok.com/api/v1/share/ALUNTDlCmknU,,,,,,,,,,
,https://p16-oec-sg.ibyteimg.com/tos-alisg-i-aphluv4xwc-sg/f8ebe8826ded4a06af05717986cb8bd0~tplv-aphluv4xwc-resize-jpeg:600:600.jpeg?dr=15584&from=520841845&idc=my&ps=933b5bde&shcp=6c17ea28&shp=1f0b6a75&t=555f072d,1736706078330226372,cassiel,宠物用品,猫狗美容,107,Buy 2 Free 1 Cassiel Pet Advanced Shampoo For Anti-Mite Remove Odor Sebum Control For Dogs And Cats,4.9,是,₱239.00-₱498.00,https://affiliate.tiktok.com/api/v1/share/ALUNPQNTyVVq,,,,,,,,,,
,https://p16-oec-sg.ibyteimg.com/tos-alisg-i-aphluv4xwc-sg/347cea3033f84c359c56eaf8e0596251~tplv-aphluv4xwc-resize-jpeg:600:600.jpeg?dr=15584&from=520841845&idc=my&ps=933b5bde&shcp=6c17ea28&shp=1f0b6a75&t=555f072d,1736706167074096836,cassiel,宠物用品,猫狗保健,76,Buy 2 Free 1 Cassiel Pet Multi Probiotic For Digestive Health Immunity Appetite Booster For Dog Cat,4.7,是,₱189.00-₱378.00,https://affiliate.tiktok.com/api/v1/share/ALUNTDlD3s4e,,,,,,,,,,
,https://p16-oec-sg.ibyteimg.com/tos-alisg-i-aphluv4xwc-sg/d57dd2804b174b2c8885ab70e0c2b046~tplv-aphluv4xwc-resize-jpeg:600:600.jpeg?dr=15584&from=520841845&idc=my&ps=933b5bde&shcp=6c17ea28&shp=1f0b6a75&t=555f072d,1736706243650029252,cassiel,宠物用品,猫狗保健,516,Cassiel Pet Oral Liquid For Antifungal Treat Moss Relieve Itching & Hair Loss Wound Care For Dog Cat,4.8,是,₱249.00-₱498.00,https://affiliate.tiktok.com/api/v1/share/ALUNPQNUFXJ7,,,,,,,,,,
,https://p16-oec-sg.ibyteimg.com/tos-alisg-i-aphluv4xwc-sg/62a00e3dca0943b2968a709f5f96e11e~tplv-aphluv4xwc-resize-jpeg:600:600.jpeg?dr=15584&from=520841845&idc=my&ps=933b5bde&shcp=6c17ea28&shp=1f0b6a75&t=555f072d,1737152691287590596,cassiel,宠物用品,猫狗美容,57,Cassiel Pet Skin Fungal & Itching Treatment Shampoo For Skin Health Redness Infections For Dog & Cat,5,是,₱219.00-₱439.00,https://affiliate.tiktok.com/api/v1/share/ALUNTDlDL216,,,,,,,,,,
,https://p16-oec-sg.ibyteimg.com/tos-alisg-i-aphluv4xwc-sg/52ed09ed1fe14931ac30212a61bdc139~tplv-aphluv4xwc-resize-jpeg:600:600.jpeg?dr=15584&from=520841845&idc=my&ps=933b5bde&shcp=6c17ea28&shp=1f0b6a75&t=555f072d,1737152699699070660,cassiel,宠物用品,猫狗美容,70,Cassiel Pet 3 In 1 Shampoo For Tick & Flea Removal Anti-itch Antibacterial Coat Shine For Dog & Cat,4.7,是,₱239.00-₱478.00,https://affiliate.tiktok.com/api/v1/share/ALUNPQNUWStI,,,,,,,,,,
,https://p16-oec-sg.ibyteimg.com/tos-alisg-i-aphluv4xwc-sg/ef060025e22c4981bccbdd836db4e7e3~tplv-aphluv4xwc-resize-jpeg:600:600.jpeg?dr=15584&from=520841845&idc=my&ps=933b5bde&shcp=6c17ea28&shp=1f0b6a75&t=555f072d,1737152707147433668,cassiel,宠物用品,猫狗美容,307,Cassiel Pet Odor Remover Spray With Bio Enzyme Deodorizer For Antibacterial Cleaning For Dog & Cat,4.5,是,₱99.00-₱289.00,https://affiliate.tiktok.com/api/v1/share/ALUNTDlDc0iV,,,,,,,,,,
,https://p16-oec-sg.ibyteimg.com/tos-alisg-i-aphluv4xwc-sg/17937d67ed4241e8b6ef111820b8f9b4~tplv-aphluv4xwc-resize-jpeg:600:600.jpeg?dr=15584&from=520841845&idc=my&ps=933b5bde&shcp=6c17ea28&shp=1f0b6a75&t=555f072d,1737152724033046212,cassiel,宠物用品,猫狗美容,153,Cassiel Pet Advanced Smooth & Shine Coat Conditioner For Skin Health Shed Control For Dogs And Cats,4.9,是,₱189.00-₱478.00,https://affiliate.tiktok.com/api/v1/share/ALUNPQNUnYfZ,,,,,,,,,,
,https://p16-oec-sg.ibyteimg.com/tos-alisg-i-aphluv4xwc-sg/0e665a3788374ef7bc27888937038f99~tplv-aphluv4xwc-resize-jpeg:600:600.jpeg?dr=15584&from=520841845&idc=my&ps=933b5bde&shcp=6c17ea28&shp=1f0b6a75&t=555f072d,1737548266565109683,Mine Original Beauty PH,美妆与个护,口腔鼻腔护理,0,【Best-Selling Bestseller】Purple Whitening Toothpaste — 9-in-1 Multi-Action Formula - Purple Color Correction & Whitening + Lysozyme | 14 Days Brighter Smile | 24H Long-Lasting Freshness | Gum Care & Hypoallergenic | A Lifesaver for Coffee Lovers with Yell,0,是,₱199.00-₱429.00,https://affiliate.tiktok.com/api/v1/share/ALVZByCONpJv,,,,,,,,,,
,https://p16-oec-sg.ibyteimg.com/tos-alisg-i-aphluv4xwc-sg/171dbe11f14544dd8d1f7b83dc2fd8c2~tplv-aphluv4xwc-resize-jpeg:600:600.jpeg?dr=15584&from=520841845&idc=my&ps=933b5bde&shcp=6c17ea28&shp=1f0b6a75&t=555f072d,1736065560141333826,"Santalwisp-PH
主推",美妆与个护,口腔鼻腔护理,57642,"BUBBLE FRESH Ice Glow Toothpaste – 7 Days Whitening, 12H Fresh Breath, Tanggal Plaque & Pampigil sa Cavities, Lasang Passion Fruit Mint, may 15% Hydrated Silica para sa Malalim na Linis at Proteksyon sa Enamel – 100g",4.7,是,₱174.51-₱301.96,https://affiliate.tiktok.com/api/v1/share/ALVZscbLMKy1,,,,,,,,,,
,https://p16-oec-sg.ibyteimg.com/tos-alisg-i-aphluv4xwc-sg/30e1c7623b00489a8fa07c3567070a90~tplv-aphluv4xwc-resize-jpeg:600:600.jpeg?dr=15584&from=520841845&idc=my&ps=933b5bde&shcp=6c17ea28&shp=1f0b6a75&t=555f072d,1731396053435122916,"CHARMIX
主推",美妆与个护,香水香氛,325120,Charmix Mythos Long Lasting Perfume For Women 30ML | Eau De Toilette,4.5,是,₱145.90-₱265.90,https://affiliate.tiktok.com/api/v1/share/ALVZu40XYtUx,,,,,,,,,,
,https://p16-oec-sg.ibyteimg.com/tos-alisg-i-aphluv4xwc-sg/a321bc1dcc6e48f78112f6d1cf74aadb~tplv-aphluv4xwc-resize-jpeg:600:600.jpeg?dr=15584&from=520841845&idc=my&ps=933b5bde&shcp=6c17ea28&shp=1f0b6a75&t=555f072d,1735361584387425977,"Hana Femme PH
主推",美妆与个护,女性卫生,51432,HANA FEMME Feminine Cleaning Mousses Formula with Niacinamide and Lactic Acid Cranberry Extract Pure Plant-Based Formula pH 4-5 Gently cleanses intimate area long-lasting fragrance relieves itchiness and eliminates odor.,4.8,是,₱169.00-₱469.00,https://affiliate.tiktok.com/api/v1/share/ALVZscbL5Rjm,,,,,,,,,,
,https://p16-oec-sg.ibyteimg.com/tos-alisg-i-aphluv4xwc-sg/ce2dc55d46894aeda9383b40262232c0~tplv-aphluv4xwc-resize-jpeg:600:600.jpeg?dr=15584&from=520841845&idc=my&ps=933b5bde&shcp=6c17ea28&shp=1f0b6a75&t=555f072d,1734120317188081302,JellyfishMessenger-PH,美妆与个护,香水香氛,49415,[TOP SELLER] Charmix Mythos Perfume For Women 30ML | Eau De Toilette,4.5,是,₱145.90-₱265.90,https://affiliate.tiktok.com/api/v1/share/ALVZscbKoQpu,,,,,,,,,,
,https://p16-oec-sg.ibyteimg.com/tos-alisg-i-aphluv4xwc-sg/26b12c39288f4a619ce4af4a0f584484~tplv-aphluv4xwc-resize-jpeg:600:600.jpeg?dr=15584&from=520841845&idc=my&ps=933b5bde&shcp=6c17ea28&shp=1f0b6a75&t=555f072d,1736739494705923734,JellyfishMessenger-PH,美妆与个护,口腔鼻腔护理,14544,"BUBBLE FRESH Ice Glow Toothpaste – 7 Days Whitening, 12H Fresh Breath, Tanggal Plaque & Pampigil sa Cavities, Lasang Passion Fruit Mint, may 15% Hydrated Silica para sa Malalim na Linis at Proteksyon sa Enamel – 100g",4.7,是,₱164.71-₱272.55,https://affiliate.tiktok.com/api/v1/share/ALVZu40XppJH,,,,,,,,,,
,https://p16-oec-sg.ibyteimg.com/tos-alisg-i-aphluv4xwc-sg/091ee572396b4b0894948c99ad2664a8~tplv-aphluv4xwc-resize-jpeg:600:600.jpeg?dr=15584&from=520841845&idc=my&ps=933b5bde&shcp=6c17ea28&shp=1f0b6a75&t=555f072d,1734600733555590866,"ChokChok Philippines
主推",美妆与个护,护肤,163371,"[Visible Radiance in 7 Days] ChokChok Triple-Action Formula Serum 30ml | 5% Niacinamide + Alpha Arbutin + Allantoin | Fade Dark Spots, Brighten Skin | Lightweight, Non-Sticky | Skin Repair,Fast Absorbing| For Sensitive Skin | FDA Approve",4.7,是,₱129.57-₱329.57,https://affiliate.tiktok.com/api/v1/share/ALYGxW7ToN7L,,,,,,,,,,
,https://p16-oec-sg.ibyteimg.com/tos-alisg-i-aphluv4xwc-sg/8e3f683791b34b76948c65bf655325d6~tplv-aphluv4xwc-resize-jpeg:600:600.jpeg?dr=15584&from=520841845&idc=my&ps=933b5bde&shcp=6c17ea28&shp=1f0b6a75&t=555f072d,1734601079364093650,ChokChok Philippines,美妆与个护,护肤,22683,"[FDA Approved] ChokChok Brightening Moisturizer 50g | Microcapsule Tech + Niacinamide + TXA , Gentle Formula | Fast Brightening & Spot Reduction | Long-Lasting Hydration | Repair & Strengthened Skin Barrier | 14 Days to Dewy, Radiant & Glass Skin",4.7,是,₱138.26-₱329.57,https://affiliate.tiktok.com/api/v1/share/ALYGxVdxWwmF,,,,,,,,,,
,https://p16-oec-sg.ibyteimg.com/tos-alisg-i-aphluv4xwc-sg/75883c75caaf4351a3005a46bf8f3a56~tplv-aphluv4xwc-resize-jpeg:600:600.jpeg?dr=15584&from=520841845&idc=my&ps=933b5bde&shcp=6c17ea28&shp=1f0b6a75&t=555f072d,1734601377909802706,ChokChok Philippines,美妆与个护,护肤,6665,"【FDA Approved】 ChokChok Luminous Brightening Toner 100ml – Niacinamide + AHA+PHA, Deep Clean & Gentle Exfoliate, Hyaluronic Acid + Menthol Icy Soak, Hydrating & Moisturizing, Pre-Makeup Friendly, Evens Skin Tone, All Skin Types, Visible Glow in 14 Days",4.8,是,₱138.26-₱268.70,https://affiliate.tiktok.com/api/v1/share/ALYGw4xtpAwe,,,,,,,,,,
,https://p16-oec-sg.ibyteimg.com/tos-alisg-i-aphluv4xwc-sg/4289f32affa2452cb559718a34693263~tplv-aphluv4xwc-resize-jpeg:600:600.jpeg?dr=15584&from=520841845&idc=my&ps=933b5bde&shcp=6c17ea28&shp=1f0b6a75&t=555f072d,1734729856091326162,ChokChok Philippines,美妆与个护,护肤,41072,"ChokChok 3pcs Skincare Set | Toner + Niacinamide Serum + Brightening Moisturizer | 2% Niacinamide, AHA/PHA Exfoliation, Fade Dark Spots | Hydrate, Repair Barrier, Visible Radiance in 7-14 Days | FDA Approved, For All Skin Types",4.7,是,₱329.57-₱579.00,https://affiliate.tiktok.com/api/v1/share/ALYGxW7XNuLJ,,,,,,,,,,
,https://p16-oec-sg.ibyteimg.com/tos-alisg-i-aphluv4xwc-sg/5f253c8cd28245ba991606ea0d0bd7b4~tplv-aphluv4xwc-resize-jpeg:600:600.jpeg?dr=15584&from=520841845&idc=my&ps=933b5bde&shcp=6c17ea28&shp=1f0b6a75&t=555f072d,1736767072812107474,ChokChok Philippines,美妆与个护,美容,551,"【NEW LAUNCH】kokomoon glow color-correcting primer – 10s to glowing, no-makeup skin 4-in-1 Primer + Base + Sunscreen + Moisturizer, 8H wear, long-lasting, lightweight, acne-friendly. Your new makeup BFF just dropped",4.6,是,₱138.26-₱262.61,https://affiliate.tiktok.com/api/v1/share/ALYGxVe4P3ZF,,,,,,,,,,
,https://p16-oec-sg.ibyteimg.com/tos-alisg-i-aphluv4xwc-sg/99d664129e6b40c39491609eed784f51~tplv-aphluv4xwc-resize-jpeg:600:600.jpeg?dr=15584&from=520841845&idc=my&ps=933b5bde&shcp=6c17ea28&shp=1f0b6a75&t=555f072d,1737183702120695506,ChokChok Philippines,美妆与个护,护肤,1330,"ChokChok 2pcs Skincare Set |Serum + Toner / Serum + Cream / Cream + Toner. Brighten, fade dark spots, hydrate. Your glow routine just leveled up VisibleRadiance in 7-14 Days I FDA Approved, For All Skin Types",4.7,是,₱260.00-₱268.70,https://affiliate.tiktok.com/api/v1/share/ALYGw4xxOnZo,,,,,,,,,,
,https://p16-oec-sg.ibyteimg.com/tos-alisg-i-aphluv4xwc-sg/ca07b693e9704dbe87bf638c88f53a5c~tplv-aphluv4xwc-resize-jpeg:600:600.jpeg?dr=15584&from=520841845&idc=my&ps=933b5bde&shcp=6c17ea28&shp=1f0b6a75&t=555f072d,1729819732895500753,"ELLA FASHION.PH
主推",箱包,女包,233609,【Ella Fashion】Quality PU Leather Women Tote Bag Large Capacity Office Shoulder Bag For Women sling bag bag for female magandang bag large bag BG1272,4.9,是,₱260.00-₱338.67,https://affiliate.tiktok.com/api/v1/share/ALXWAhZYSisP,,,,,,,,,,
,https://p16-oec-sg.ibyteimg.com/tos-alisg-i-aphluv4xwc-sg/b9ddba9b0b3b43d0a8f955ee34fb46f3~tplv-aphluv4xwc-resize-jpeg:600:600.jpeg?dr=15584&from=520841845&idc=my&ps=933b5bde&shcp=6c17ea28&shp=1f0b6a75&t=555f072d,1729389153088146897,"ELLA FASHION.PH
主推",箱包,女包,171160,【Ella Fashion】PU Leather Women Shoulder Bag Large Capacity Sling Bag For Women shoulder underarm bag bag for female BG1130,4.9,是,₱376.41,https://affiliate.tiktok.com/api/v1/share/ALXWAhZYBXmo,,,,,,,,,,
,https://p16-oec-sg.ibyteimg.com/tos-alisg-i-aphluv4xwc-sg/ae5397edc23c4f75bc612b1a9a2fe6f8~tplv-aphluv4xwc-resize-jpeg:600:600.jpeg?dr=15584&from=520841845&idc=my&ps=933b5bde&shcp=6c17ea28&shp=1f0b6a75&t=555f072d,1730261570722367953,ELLA FASHION.PH,箱包,女包,25546,【Ella Fashion】BG1292 Quality Nylon Women Sling Bag Waterproof Shoulder Boston Bags For Women,4.8,是,₱365.99,https://affiliate.tiktok.com/api/v1/share/ALXWAhZYjcKG,,,,,,,,,,
,https://p16-oec-sg.ibyteimg.com/tos-alisg-i-aphluv4xwc-sg/a98b162a78554693bdd44d40212b884c~tplv-aphluv4xwc-resize-jpeg:600:600.jpeg?dr=15584&from=520841845&idc=my&ps=933b5bde&shcp=6c17ea28&shp=1f0b6a75&t=555f072d,1735010715324417489,ELLA FASHION.PH,箱包,女包,1172,【Ella Fashion】BG1398 Large Quality Nylon Women Shoulder Bag Travel Bags For College Students Woman,4.7,是,₱468.00,https://affiliate.tiktok.com/api/v1/share/ALXWlBxNlwrL,,,,,,,,,,
,https://p16-oec-sg.ibyteimg.com/tos-alisg-i-aphluv4xwc-sg/57efaf9bf9764697a06b9909dc56b997~tplv-aphluv4xwc-resize-jpeg:600:600.jpeg?dr=15584&from=520841845&idc=my&ps=933b5bde&shcp=6c17ea28&shp=1f0b6a75&t=555f072d,1729638180987701713,ELLA FASHION.PH,箱包,功能包袋,53799,【Ella Fashion】BG1240 PU Leather Women Backpack Adjustable Strap School Bag For Women Students,4.7,是,₱296.43,https://affiliate.tiktok.com/api/v1/share/ALXWEbYVttJ5,,,,,,,,,,
,https://p16-oec-sg.ibyteimg.com/tos-alisg-i-aphluv4xwc-sg/469965266a304881800dfff7c0661920~tplv-aphluv4xwc-resize-jpeg:600:600.jpeg?dr=15584&from=520841845&idc=my&ps=933b5bde&shcp=6c17ea28&shp=1f0b6a75&t=555f072d,1730261549483002321,ELLA FASHION.PH,箱包,女包,35218,【Ella Fashion】BG1291 Cute Quality PU Leather Women Tote Bag Large Capacity with pendant Shoulder Bag,4.9,是,₱367.67,https://affiliate.tiktok.com/api/v1/share/ALXWEbYWAqWt,,,,,,,,,,
,https://p16-oec-sg.ibyteimg.com/tos-alisg-i-aphluv4xwc-sg/3b11bdac05e741a494e001fcf88b9c68~tplv-aphluv4xwc-resize-jpeg:600:600.jpeg?dr=15584&from=520841845&idc=my&ps=933b5bde&shcp=6c17ea28&shp=1f0b6a75&t=555f072d,1731187785151056337,ELLA FASHION.PH,箱包,女包,7825,【Ella Fashion】BG1310 Quality PU Leather Women Tote Bag Handbag Shoulder Bag With Pendant For Women,4.8,是,₱470.75,https://affiliate.tiktok.com/api/v1/share/ALXWHnRHIdgj,,,,,,,,,,
,https://p16-oec-sg.ibyteimg.com/tos-alisg-i-aphluv4xwc-sg/9799afc639844cc7a7ade64de790d230~tplv-aphluv4xwc-resize-jpeg:600:600.jpeg?dr=15584&from=520841845&idc=my&ps=933b5bde&shcp=6c17ea28&shp=1f0b6a75&t=555f072d,1731194153229453777,ELLA FASHION.PH,箱包,女包,9476,【Ella Fashion】BG1311 Quality PU Leather Women Tote Bag Large Capacity Office Shoulder Bag For Women,4.8,是,₱369.53-₱442.45,https://affiliate.tiktok.com/api/v1/share/ALXWEKSSuRvG,,,,,,,,,,
,https://p16-oec-sg.ibyteimg.com/tos-alisg-i-aphluv4xwc-sg/845352e8fcf64b01a0a6ae14a529a658~tplv-aphluv4xwc-resize-jpeg:600:600.jpeg?dr=15584&from=520841845&idc=my&ps=933b5bde&shcp=6c17ea28&shp=1f0b6a75&t=555f072d,1729389031483280849,ELLA FASHION.PH,箱包,女包,17835,【Ella Fashion】BG1122 Retro 2In1 PU Leather Women Messenger Bag Kili Kili Bag For Women,4.8,是,₱299.00,https://affiliate.tiktok.com/api/v1/share/ALXW9NdpMx55,,,,,,,,,,
,https://p16-oec-sg.ibyteimg.com/tos-alisg-i-aphluv4xwc-sg/5512dbe252f241d79c0db2b097d842a4~tplv-aphluv4xwc-resize-jpeg:600:600.jpeg?dr=15584&from=520841845&idc=my&ps=933b5bde&shcp=6c17ea28&shp=1f0b6a75&t=555f072d,1729391420589575633,ELLA FASHION.PH,箱包,女包,13719,【Ella Fashion】BG1140 Quality PU Leather Women Pearl Handbag Crossbody Sling Bag Cloud Bag For Women,4.9,是,₱414.99,https://affiliate.tiktok.com/api/v1/share/ALXW5LIXqD4Q,,,,,,,,,,
,https://p16-oec-sg.ibyteimg.com/tos-alisg-i-aphluv4xwc-sg/26c0c0a289644d2aa21f443764148f65~tplv-aphluv4xwc-resize-jpeg:600:600.jpeg?dr=15584&from=520841845&idc=my&ps=933b5bde&shcp=6c17ea28&shp=1f0b6a75&t=555f072d,1729394064129232337,ELLA FASHION.PH,箱包,女包,8271,【Ella Fashion】BG1158 Quality PU Leather Women Kili Kili Bag Trendy Shoulder Sling Bag For Women,4.9,是,₱414.99,https://affiliate.tiktok.com/api/v1/share/ALXW6CCmKru5,,,,,,,,,,
,https://p16-oec-sg.ibyteimg.com/tos-alisg-i-aphluv4xwc-sg/3c799b84b6b14b4cb5e8ff9bb2d3873b~tplv-aphluv4xwc-resize-jpeg:600:600.jpeg?dr=15584&from=520841845&idc=my&ps=933b5bde&shcp=6c17ea28&shp=1f0b6a75&t=555f072d,1729394068267896273,ELLA FASHION.PH,箱包,女包,24893,【Ella Fashion】BG1162 Quality PU Leather Women Kili Kili Bag Simple Shoulder Sling Bag For Women,4.8,是,₱358.99,https://affiliate.tiktok.com/api/v1/share/ALXW9Ndsweq5,,,,,,,,,,
,https://p16-oec-sg.ibyteimg.com/tos-alisg-i-aphluv4xwc-sg/664f261ee4574ed1ad7410a1bf421657~tplv-aphluv4xwc-resize-jpeg:600:600.jpeg?dr=15584&from=520841845&idc=my&ps=933b5bde&shcp=6c17ea28&shp=1f0b6a75&t=555f072d,1729394089420099025,ELLA FASHION.PH,箱包,女包,9038,【Ella Fashion】BG1121 Embroidery Canvas Women Messenger Bag Large Capacity For Students Women,4.9,是,₱299.00,https://affiliate.tiktok.com/api/v1/share/ALXW5LIYOMUv,,,,,,,,,,
,https://p16-oec-sg.ibyteimg.com/tos-alisg-i-aphluv4xwc-sg/df0e36e547a04641b87f3cf79a97a9ac~tplv-aphluv4xwc-resize-jpeg:600:600.jpeg?dr=15584&from=520841845&idc=my&ps=933b5bde&shcp=6c17ea28&shp=1f0b6a75&t=555f072d,1729394844853177809,ELLA FASHION.PH,箱包,女包,7932,【Ella Fashion】BG1172 Quality PU Leather Women Shoulder Sling Bag Large Capacity Tote Bag For Women,4.7,是,₱467.99,https://affiliate.tiktok.com/api/v1/share/ALXW6CCmsqr2,,,,,,,,,,
,https://p16-oec-sg.ibyteimg.com/tos-alisg-i-aphluv4xwc-sg/e80be965d9d94ba2a292b5367d9a8ef0~tplv-aphluv4xwc-resize-jpeg:600:600.jpeg?dr=15584&from=520841845&idc=my&ps=933b5bde&shcp=6c17ea28&shp=1f0b6a75&t=555f072d,1729398542261521873,ELLA FASHION.PH,箱包,女包,8958,【Ella Fashion】BG1180 PU Leather Women Tote Bag Large Capacity Office Bag Commuter Bag For Women,4.8,是,₱334.99,https://affiliate.tiktok.com/api/v1/share/ALXW9NdtlvBv,,,,,,,,,,
,https://p16-oec-sg.ibyteimg.com/tos-alisg-i-aphluv4xwc-sg/65e41b1b0b64496ea788b43b8954d60a~tplv-aphluv4xwc-resize-jpeg:600:600.jpeg?dr=15584&from=520841845&idc=my&ps=933b5bde&shcp=6c17ea28&shp=1f0b6a75&t=555f072d,1729398543735688657,ELLA FASHION.PH,箱包,女包,81308,【Ella Fashion】BG1182 Quality PU Leather Women Shoulder Bag Large Capacity Tote Bag For Women,4.9,是,₱167.86-₱318.99,https://affiliate.tiktok.com/api/v1/share/ALXW5LIbxwDV,,,,,,,,,,
,https://p16-oec-sg.ibyteimg.com/tos-alisg-i-aphluv4xwc-sg/caba0b9c6be74e728d54ba0319381116~tplv-aphluv4xwc-resize-jpeg:600:600.jpeg?dr=15584&from=520841845&idc=my&ps=933b5bde&shcp=6c17ea28&shp=1f0b6a75&t=555f072d,1729398789839687121,ELLA FASHION.PH,箱包,女包,9197,【Ella Fashion】BG1193 PU Leather Shoulder Bag Large Capacity Commute Handbag For Women Students,4.8,是,₱482.00,https://affiliate.tiktok.com/api/v1/share/ALXW6CCn9q9D,,,,,,,,,,
,https://p16-oec-sg.ibyteimg.com/tos-alisg-i-aphluv4xwc-sg/b8a88862581d4ea690de522b9897ac04~tplv-aphluv4xwc-resize-jpeg:600:600.jpeg?dr=15584&from=520841845&idc=my&ps=933b5bde&shcp=6c17ea28&shp=1f0b6a75&t=555f072d,1729624913789618641,ELLA FASHION.PH,箱包,女包,1260,【Ella Fashion】BG1214 Quality PU Leather Women Commuter Shoulder Bag Large Capacity For Office Women,4.9,是,₱299.00,https://affiliate.tiktok.com/api/v1/share/ALXW9Ndu2ynb,,,,,,,,,,
,https://p16-oec-sg.ibyteimg.com/tos-alisg-i-aphluv4xwc-sg/05508fe178004f3387faa4c861f03746~tplv-aphluv4xwc-resize-jpeg:600:600.jpeg?dr=15584&from=520841845&idc=my&ps=933b5bde&shcp=6c17ea28&shp=1f0b6a75&t=555f072d,1729988778484140497,ELLA FASHION.PH,箱包,女包,30,【Ella Fashion】BG1281 Retro PU Leather Women Briefcase Niche Crossbody Tote Bag For Office Women,5,是,₱399.00,https://affiliate.tiktok.com/api/v1/share/ALXW5LIcExK5,,,,,,,,,,
,https://p16-oec-sg.ibyteimg.com/tos-alisg-i-aphluv4xwc-sg/9830aa232490403b80a2afe4c8416350~tplv-aphluv4xwc-resize-jpeg:600:600.jpeg?dr=15584&from=520841845&idc=my&ps=933b5bde&shcp=6c17ea28&shp=1f0b6a75&t=555f072d,1729988986638600657,ELLA FASHION.PH,箱包,女包,4926,【Ella Fashion】BG1282 Trend PU Leather Women Shoulder Bag Stylish Crossbody Sling Bag For Women,4.8,是,₱497.99,https://affiliate.tiktok.com/api/v1/share/ALXW6CCnz5ug,,,,,,,,,,
,https://p19-oec-sg.ibyteimg.com/tos-alisg-i-aphluv4xwc-sg/25fcef4bb94b477b81eec343f08d0880~tplv-aphluv4xwc-resize-jpeg:600:600.jpeg?dr=15584&from=520841845&idc=my&ps=933b5bde&shcp=6c17ea28&shp=1f0b6a75&t=555f072d,1730182961197844945,ELLA FASHION.PH,箱包,女包,4131,【Ella Fashion】BG1284 Quality PU Leather Women Wallet 2 Fold Lightweight Small Wallet For Women,4.7,是,₱236.00,https://affiliate.tiktok.com/api/v1/share/ALXW9NduK1l4,,,,,,,,,,
,https://p16-oec-sg.ibyteimg.com/tos-alisg-i-aphluv4xwc-sg/a99c5f0f61b2438d9b03bce51433e1a7~tplv-aphluv4xwc-resize-jpeg:600:600.jpeg?dr=15584&from=520841845&idc=my&ps=933b5bde&shcp=6c17ea28&shp=1f0b6a75&t=555f072d,1730186395227883985,ELLA FASHION.PH,箱包,女包,537,【Ella Fashion】BG1288 PU Leather Women Short Folding Wallet Multi Card Slot Coin Purse For Students,4.5,是,₱154.99,https://affiliate.tiktok.com/api/v1/share/ALXW5LIfoamn,,,,,,,,,,
,https://p16-oec-sg.ibyteimg.com/tos-alisg-i-aphluv4xwc-sg/2533ac87b92a45739f1b7dbdeb8a4160~tplv-aphluv4xwc-resize-jpeg:600:600.jpeg?dr=15584&from=520841845&idc=my&ps=933b5bde&shcp=6c17ea28&shp=1f0b6a75&t=555f072d,1730243692556814801,ELLA FASHION.PH,箱包,功能包袋,3607,【Ella Fashion】BG1290 Women 3Way Leather Backpack Large Capacity School Bag For Women Students,4.7,是,₱408.99,https://affiliate.tiktok.com/api/v1/share/ALXW6CCrYoyN,,,,,,,,,,
（注：部分内容由豆包工作 AI 生成）